Zone,1
t1,0.1
t2,0.1
t3,0.1
t4,0.1
t5,0.1
t6,0.1
t7,0.1
t8,0.1
t9,0.09999999999999891
t10,0.09999999999999891
t11,0.09999999999999891
t12,0.09999999999999891
t13,0.09999999999999891
t14,0.09999999999999891
t15,0.09999999999999891
t16,0.09999999999999891
t17,0.1
t18,0.1
t19,0.1
t20,0.1
t21,0.1
t22,0.1
t23,0.1
t24,0.1
t25,0.10000000000000367
t26,0.1
t27,0.1
t28,0.1
t29,0.1
t30,0.1
t31,0.1
t32,0.10000000000000302
t33,0.1
t34,0.1
t35,0.1
t36,0.09999999999999891
t37,0.09999999999999891
t38,0.09999999999999891
t39,0.1
t40,0.09999999999999891
t41,0.1
t42,0.1
t43,0.10000000000000367
t44,0.1
t45,0.1
t46,0.1
t47,0.1
t48,0.1
t49,0.1
t50,0.1
t51,0.1
t52,0.1
t53,0.1
t54,0.1
t55,0.10000000000000367
t56,0.10000000000000367
t57,0.09999999999999934
t58,0.1
t59,0.1
t60,0.09999999999999891
t61,0.1
t62,0.1
t63,0.1
t64,0.09999999999999891
t65,0.1
t66,0.10000000000000367
t67,0.1
t68,0.1
t69,0.1
t70,0.1
t71,0.1
t72,0.1
t73,0.1
t74,0.1
t75,0.1
t76,0.1
t77,0.1
t78,0.1
t79,0.1
t80,0.10000000000000302
t81,0.09999999999999891
t82,0.1
t83,0.1
t84,0.09999999999999891
t85,0.09999999999999891
t86,0.09999999999999891
t87,200.9813767609164
t88,228.9273595165431
t89,228.9273595165431
t90,311.9982967882885
t91,228.9273595165431
t92,228.92735951654313
t93,214.95436813872976
t94,214.95436813872976
t95,196.8412311674902
t96,196.84123116749024
t97,228.9273595165431
t98,196.84123116749024
t99,196.8412311674902
t100,196.8412311674902
t101,196.8412311674902
t102,214.95436813872976
t103,228.9273595165431
t104,228.9273595165431
t105,228.92735951654328
t106,200.9813767609163
t107,1.7582290255026471
t108,0.09999999999999891
t109,0.09999999999999891
t110,0.1
t111,0.09999999999999891
t112,0.1
t113,0.09999999999999891
t114,0.10000000000000345
t115,0.1
t116,232.81736539293254
t117,214.95436813872976
t118,232.81736539293254
t119,214.95436813872976
t120,232.81736539293254
t121,214.95436813872976
t122,214.95436813872976
t123,232.81736539293254
t124,232.81736539293254
t125,232.81736539293254
t126,232.81736539293254
t127,232.81736539293254
t128,232.81736539293254
t129,197.09137088452695
t130,1.7582290255026471
t131,0.09999999999999891
t132,0.1
t133,0.1
t134,0.09999999999999891
t135,0.09999999999999891
t136,233.28275964798652
t137,233.28275964798652
t138,233.28275964798652
t139,233.28275964798652
t140,233.28275964798652
t141,233.28275964798652
t142,233.28275964798652
t143,214.95436813872976
t144,200.5276418387439
t145,200.5276418387439
t146,200.5276418387439
t147,200.5276418387439
t148,200.5276418387439
t149,200.52764183874388
t150,233.28275964798652
t151,233.28275964798652
t152,233.28275964798652
t153,233.28275964798615
t154,1.7582290255026471
t155,0.1
t156,0.1
t157,0.1
t158,0.09999999999999891
t159,0.09999999999999891
t160,0.09999999999999891
t161,0.1
t162,0.1
t163,0.1
t164,0.1
t165,0.1
t166,0.1
t167,0.1
t168,0.1
t169,0.1
t170,0.1
t171,0.1
t172,0.1
t173,0.1
t174,0.1
t175,0.1
t176,0.1
t177,0.054159445407277025
t178,-0.0
t179,-0.0
t180,-0.0
t181,-0.0
t182,-0.0
t183,-0.0
t184,-0.0
t185,0.1
t186,0.09999999999999891
t187,0.10000000000000345
t188,0.10000000000000345
t189,0.10000000000000345
t190,0.1
t191,0.09999999999999977
t192,0.1
t193,0.1
t194,0.1
t195,0.1
t196,0.1
t197,0.1
t198,0.10000000000000345
t199,0.10000000000000345
t200,0.09999999999999891
t201,0.09999999999999891
t202,0.054159445407277025
t203,-0.0
t204,-0.0
t205,-0.0
t206,-0.0
t207,-0.0
t208,-0.0
t209,0.1
t210,0.1
t211,0.1
t212,0.1
t213,0.1
t214,0.1
t215,0.10000000000000345
t216,0.10000000000000345
t217,0.10000000000000345
t218,0.10000000000000345
t219,0.1
t220,0.1
t221,0.09999999999999891
t222,0.09999999999999891
t223,205.29536813872974
t224,734.7267145592313
t225,0.10000000000000021
t226,0.10000000000000128
t227,0.10000000000000021
t228,0.10000000000000021
t229,0.09999999999999891
t230,0.09999999999999891
t231,0.09999999999999891
t232,0.09999999999999891
t233,0.1
t234,0.1
t235,0.1
t236,0.1
t237,0.1
t238,0.1
t239,0.1
t240,0.1
t241,0.09999999999999977
t242,0.1
t243,0.10000000000000345
t244,0.10000000000000345
t245,0.10000000000000345
t246,0.1
t247,0.10000000000000345
t248,534.8410377865613
t249,0.09999999999999869
t250,0.09999999999999891
t251,0.09999999999999891
t252,0.09999999999999891
t253,0.1
t254,0.09999999999999891
t255,0.1
t256,0.1
t257,0.09999999999999891
t258,0.1
t259,0.1
t260,0.1
t261,0.1
t262,0.1
t263,0.1
t264,0.1
t265,0.1
t266,0.1
t267,0.1
t268,0.1
t269,0.1
t270,0.10000000000000345
t271,0.10000000000000345
t272,0.1
t273,0.09999999999999891
t274,0.09999999999999869
t275,0.1
t276,0.1
t277,0.1
t278,0.09999999999999891
t279,0.09999999999999891
t280,0.09999999999999891
t281,0.1
t282,0.1
t283,0.1
t284,0.1
t285,0.1
t286,0.10000000000000257
t287,0.10000000000000257
t288,205.29536813872974
t289,205.29536813872974
t290,220.36856495043097
t291,220.36856495043097
t292,220.36856495043097
t293,220.36856495043097
t294,220.36856495043097
t295,220.36856495043097
t296,220.3685649504308
t297,220.36856495043097
t298,220.36856495043097
t299,220.36856495043097
t300,190.22217132702855
t301,205.29536813872974
t302,0.1
t303,189.5970674467329
t304,189.5970674467329
t305,189.5970674467329
t306,220.36856495043097
t307,189.59706744673292
t308,189.59706744673292
t309,220.36856495043097
t310,283.19438765233554
t311,220.36856495043097
t312,220.36856495043094
t313,1.7582290255026471
t314,0.1
t315,0.1
t316,0.1
t317,0.1
t318,0.1
t319,0.1
t320,0.1
t321,0.1
t322,0.1
t323,0.09999999999999891
t324,0.09999999999999891
t325,0.09999999999999891
t326,0.09999999999999891
t327,0.09999999999999891
t328,0.1
t329,0.1
t330,0.1
t331,0.1
t332,0.1
t333,0.1
t334,0.1
t335,0.1
t336,0.1
t337,0.10000000000000002
t338,0.10000000000000002
t339,0.10000000000000002
t340,0.09999999999999991
t341,0.10000000000000002
t342,0.10000000000000002
t343,0.10000000000000002
t344,0.09999999999999817
t345,0.09999999999999817
t346,0.05415944540727746
t347,-0.0
t348,-0.0
t349,-0.0
t350,-0.0
t351,-0.0
t352,-0.0
t353,0.10000000000000002
t354,0.10000000000000002
t355,0.10000000000000002
t356,0.09999999999999713
t357,0.10000000000000002
t358,0.10000000000000002
t359,0.10000000000000002
t360,0.09999999999999991
t361,0.09999999999999853
t362,0.10000000000000002
t363,0.10000000000000002
t364,0.10000000000000163
t365,0.10000000000000002
t366,0.09999999999999713
t367,0.10000000000000002
t368,0.10000000000000002
t369,0.10000000000000002
t370,0.05415944540727746
t371,-0.0
t372,-0.0
t373,-0.0
t374,-0.0
t375,-0.0
t376,-0.0
t377,0.10000000000000002
t378,203.14066813872975
t379,203.14066813872975
t380,442.1132669085194
t381,203.14066813872975
t382,203.14066813872978
t383,1.7582290255025965
t384,0.10000000000000002
t385,0.10000000000000002
t386,0.10000000000000002
t387,0.10000000000000002
t388,0.10000000000000002
t389,0.10000000000000002
t390,0.10000000000000002
t391,0.10000000000000002
t392,0.10000000000000002
t393,0.10000000000000002
t394,0.05415944540727746
t395,-0.0
t396,-0.0
t397,-0.0
t398,-0.0
t399,-0.0
t400,-0.0
t401,0.10000000000000002
t402,0.10000000000000002
t403,0.10000000000000002
t404,0.10000000000000002
t405,0.10000000000000002
t406,0.10000000000000002
t407,0.10000000000000002
t408,0.10000000000000002
t409,0.10000000000000002
t410,0.10000000000000002
t411,0.10000000000000002
t412,0.10000000000000002
t413,0.10000000000000002
t414,0.10000000000000002
t415,0.10000000000000002
t416,0.10000000000000002
t417,0.09999999999999817
t418,0.05415944540727746
t419,-0.0
t420,-0.0
t421,-0.0
t422,-0.0
t423,-0.0
t424,-0.0
t425,0.09999999999999817
t426,0.10000000000000002
t427,0.10000000000000002
t428,0.10000000000000002
t429,0.10000000000000002
t430,0.10000000000000002
t431,0.10000000000000002
t432,0.10000000000000002
t433,0.10000000000000002
t434,0.10000000000000002
t435,0.10000000000000002
t436,0.10000000000000002
t437,0.10000000000000002
t438,0.10000000000000002
t439,0.10000000000000002
t440,0.10000000000000002
t441,0.09999999999999853
t442,0.10000000000000002
t443,0.09999999999999817
t444,0.09999999999999817
t445,0.09999999999999817
t446,0.09999999999999817
t447,0.09999999999999817
t448,0.10000000000000002
t449,0.10000000000000002
t450,9.803151677596123
t451,9.803151677596125
t452,9.803151677596125
t453,9.803151677596125
t454,9.803151677596125
t455,8.95211724572366
t456,6.941166319749028
t457,4.5652791198735185
t458,1.758229025502643
t459,0.10000000000000002
t460,0.09999999999999991
t461,0.10000000000000002
t462,0.10000000000000002
t463,0.1000000000000013
t464,0.10000000000000002
t465,0.10000000000000002
t466,0.10000000000000406
t467,0.09999999999999817
t468,0.10000000000000002
t469,0.09999999999999817
t470,0.09999999999999817
t471,0.09999999999999817
t472,0.09999999999999817
t473,184.19752451768275
t474,222.08381175977675
t475,222.08381175977675
t476,222.08381175977675
t477,222.08381175977675
t478,222.08381175977675
t479,222.08381175977675
t480,222.08381175977675
t481,222.08381175977672
t482,203.14066813872978
t483,203.14066813872978
t484,203.14066813872978
t485,0.10000000000000002
t486,0.10000000000000002
t487,0.10000000000000002
t488,0.10000000000000002
t489,0.05415944540727746
t490,-0.0
t491,-0.0
t492,-0.0
t493,-0.0
t494,-0.0
t495,-0.0
t496,-0.0
t497,0.09999999999999817
t498,0.10000000000000002
t499,0.10000000000000002
t500,0.10000000000000002
t501,0.10000000000000002
t502,0.10000000000000002
t503,0.10000000000000002
t504,0.10000000000000002
t505,0.10000000000000002
t506,0.10000000000000002
t507,0.10000000000000002
t508,0.10000000000000002
t509,0.10000000000000002
t510,0.10000000000000002
t511,0.10000000000000002
t512,0.09999999999999817
t513,0.09999999999999817
t514,0.1000000000000013
t515,0.1000000000000013
t516,0.1000000000000013
t517,0.1000000000000013
t518,0.1000000000000013
t519,0.1000000000000013
t520,0.10000000000000002
t521,0.09999999999999817
t522,0.10000000000000002
t523,0.10000000000000002
t524,0.10000000000000002
t525,0.09999999999999713
t526,0.10000000000000002
t527,0.10000000000000002
t528,0.10000000000000002
t529,0.10000000000000002
t530,0.10000000000000002
t531,0.10000000000000002
t532,0.10000000000000002
t533,0.10000000000000002
t534,0.09999999999999713
t535,0.10000000000000002
t536,0.09999999999999853
t537,0.09999999999999817
t538,0.10000000000000002
t539,0.10000000000000002
t540,0.09999999999999817
t541,0.09999999999999817
t542,0.09999999999999817
t543,0.09999999999999817
t544,0.10000000000000002
t545,0.09999999999999956
t546,0.10000000000000002
t547,0.10000000000000002
t548,0.10000000000000002
t549,0.10000000000000002
t550,0.10000000000000002
t551,0.10000000000000002
t552,0.10000000000000002
t553,0.10000000000000002
t554,0.10000000000000002
t555,0.10000000000000002
t556,0.09999999999999713
t557,0.10000000000000002
t558,0.10000000000000302
t559,0.10000000000000002
t560,0.09999999999999817
t561,0.09999999999999783
t562,0.09999999999999817
t563,0.09999999999999991
t564,0.1000000000000013
t565,0.1000000000000013
t566,0.1000000000000013
t567,0.09999999999999991
t568,0.09999999999999991
t569,0.10000000000000002
t570,0.10000000000000002
t571,0.09999999999999817
t572,0.10000000000000002
t573,0.09999999999999991
t574,0.10000000000000002
t575,0.10000000000000002
t576,0.09999999999999991
t577,0.09999999999999991
t578,0.09999999999999991
t579,0.09999999999999991
t580,0.09999999999999991
t581,0.10000000000000002
t582,0.10000000000000002
t583,0.09999999999999853
t584,0.09999999999999817
t585,0.09999999999999817
t586,0.10000000000000002
t587,0.10000000000000002
t588,0.09999999999999817
t589,0.09999999999999817
t590,0.09999999999999817
t591,0.09999999999999817
t592,0.09999999999999817
t593,0.10000000000000002
t594,0.10000000000000002
t595,226.56834110554792
t596,226.56834110554786
t597,226.56834110554786
t598,226.56834110554786
t599,226.56834110554786
t600,226.5683411055478
t601,4.565279119873514
t602,1.7582290255026412
t603,0.09999999999999713
t604,0.10000000000000002
t605,0.10000000000000002
t606,0.10000000000000002
t607,0.10000000000000002
t608,0.10000000000000002
t609,0.054159445407280224
t610,-0.0
t611,-0.0
t612,-0.0
t613,-0.0
t614,-0.0
t615,-0.0
t616,-0.0
t617,0.09999999999999817
t618,0.10000000000000002
t619,0.10000000000000002
t620,0.10000000000000002
t621,0.10000000000000002
t622,0.10000000000000002
t623,0.10000000000000002
t624,0.10000000000000002
t625,0.10000000000000002
t626,0.10000000000000002
t627,0.10000000000000002
t628,0.10000000000000002
t629,0.10000000000000002
t630,0.10000000000000002
t631,0.10000000000000002
t632,0.09999999999999748
t633,0.05415944540727746
t634,-0.0
t635,-0.0
t636,-0.0
t637,-0.0
t638,-0.0
t639,-0.0
t640,0.09999999999999817
t641,0.10000000000000002
t642,0.09999999999999817
t643,0.10000000000000002
t644,0.10000000000000002
t645,0.10000000000000002
t646,0.10000000000000002
t647,0.10000000000000002
t648,0.09999999999999713
t649,0.09999999999999991
t650,0.10000000000000002
t651,0.10000000000000002
t652,0.10000000000000002
t653,0.09999999999999991
t654,0.10000000000000002
t655,0.09999999999999817
t656,0.10000000000000002
t657,0.09999999999999783
t658,0.09999999999999817
t659,0.09999999999999817
t660,0.09999999999999817
t661,0.09999999999999817
t662,0.09999999999999817
t663,0.09999999999999817
t664,0.10000000000000002
t665,0.10000000000000002
t666,0.10000000000000002
t667,0.10000000000000002
t668,0.10000000000000002
t669,0.09999999999999713
t670,0.09999999999999713
t671,0.10000000000000002
t672,0.10000000000000002
t673,0.1
t674,0.10000000000000044
t675,0.10000000000000044
t676,0.10000000000000044
t677,0.10000000000000044
t678,0.10000000000000044
t679,0.10000000000000044
t680,0.10000000000000044
t681,0.10000000000000016
t682,0.1
t683,0.1
t684,0.10000000000000044
t685,0.1
t686,0.1
t687,0.10000000000000044
t688,0.1
t689,0.1
t690,0.1
t691,0.1
t692,0.1
t693,0.1
t694,0.099999999999999
t695,0.10000000000000044
t696,0.1
t697,0.1
t698,0.1
t699,0.10000000000000044
t700,0.10000000000000044
t701,0.10000000000000044
t702,0.10000000000000044
t703,0.10000000000000044
t704,0.09999999999999727
t705,0.10000000000000044
t706,0.1
t707,0.09999999999999727
t708,0.1
t709,0.1
t710,0.1
t711,0.1
t712,0.10000000000000044
t713,0.1
t714,0.1
t715,0.10000000000000044
t716,126.28609577085196
t717,192.2928681387298
t718,192.2928681387298
t719,204.11000291079642
t720,204.11000291079642
t721,191.16343499675793
t722,175.8358205363862
t723,175.8358205363862
t724,175.8358205363862
t725,204.11000291079645
t726,204.11000291079645
t727,204.1100029107964
t728,192.29286813872974
t729,192.29286813872974
t730,204.11000291079645
t731,204.11000291079645
t732,192.29286813872974
t733,204.11000291079645
t734,204.11000291079645
t735,204.11000291079645
t736,204.11000291079645
t737,204.11000291079645
t738,204.11000291079645
t739,204.11000291079645
t740,192.29286813872974
t741,4.56527911987352
t742,1.7582290255026445
t743,0.1
t744,0.10000000000000044
t745,0.1
t746,0.10000000000000044
t747,0.10000000000000044
t748,0.1
t749,0.1
t750,0.10000000000000044
t751,0.1
t752,0.09999999999999727
t753,0.1
t754,0.10000000000000044
t755,0.1
t756,0.10000000000000044
t757,0.10000000000000044
t758,0.10000000000000044
t759,0.10000000000000044
t760,20.03329474406304
t761,208.22782334124304
t762,208.22782334124332
t763,208.22782334124332
t764,179.32114374871645
t765,192.2928681387298
t766,208.22782334124332
t767,208.22782334124332
t768,192.2928681387298
t769,208.22782334124332
t770,208.22782334124332
t771,208.22782334124332
t772,208.22782334124332
t773,208.2278233412433
t774,4.56527911987352
t775,3.1617540726880824
t776,3.1617540726880824
t777,1.758229025502644
t778,0.1
t779,0.10000000000000044
t780,0.1
t781,0.10000000000000044
t782,0.1
t783,0.1
t784,0.10000000000000044
t785,0.10000000000000044
t786,0.1
t787,0.10000000000000044
t788,0.1
t789,0.10000000000000044
t790,0.10000000000000044
t791,0.10000000000000044
t792,0.10000000000000044
t793,0.09999999999999755
t794,0.09999999999999755
t795,0.10000000000000044
t796,0.09999999999999755
t797,0.09999999999999755
t798,0.10000000000000044
t799,0.10000000000000044
t800,0.10000000000000044
t801,0.099999999999999
t802,0.10000000000000044
t803,0.10000000000000131
t804,0.10000000000000131
t805,0.10000000000000131
t806,0.10000000000000131
t807,0.10000000000000131
t808,0.10000000000000131
t809,0.1
t810,0.1
t811,0.1
t812,0.1
t813,192.29286813872974
t814,192.2928681387298
t815,210.0185702968297
t816,210.0185702968297
t817,210.0185702968297
t818,210.0185702968297
t819,210.0185702968297
t820,210.0185702968297
t821,210.0185702968297
t822,192.29286813872974
t823,210.0185702968297
t824,192.29286813872974
t825,4.487680229058964
t826,1.6665479163172032
t827,-0.0
t828,-0.0
t829,-0.0
t830,-0.0
t831,-0.0
t832,-0.0
t833,0.1
t834,0.1
t835,0.1
t836,0.1
t837,0.10000000000000304
t838,0.1
t839,0.10000000000000044
t840,0.10000000000000044
t841,1.7582290255026451
t842,0.10000000000000162
t843,0.10000000000000162
t844,0.1
t845,0.1
t846,0.1
t847,0.09999999999999815
t848,0.09999999999999815
t849,0.09999999999999815
t850,0.09999999999999878
t851,0.09999999999999815
t852,0.1
t853,0.09999999999999815
t854,0.1
t855,0.10000000000000005
t856,0.1
t857,181.96293492427216
t858,204.25740135318736
t859,204.25740135318736
t860,204.25740135318736
t861,204.25740135318736
t862,175.96057857802595
t863,175.96057857802595
t864,204.25740135318736
t865,204.25740135318736
t866,193.1101681387298
t867,175.96057857802595
t868,175.96057857802595
t869,193.1101681387298
t870,175.96057857802595
t871,204.25740135318736
t872,204.25740135318736
t873,204.25740135318736
t874,175.96057857802595
t875,175.96057857802595
t876,175.96057857802595
t877,175.96057857802595
t878,175.96057857802595
t879,175.96057857802595
t880,175.96057857802595
t881,193.1101681387298
t882,205.13652710948293
t883,205.13652710948253
t884,205.13652710948253
t885,205.13652710948253
t886,193.1101681387298
t887,205.13652710948253
t888,205.13652710948253
t889,205.13652710948253
t890,205.13652710948253
t891,205.13652710948253
t892,193.1101681387298
t893,193.1101681387298
t894,193.1101681387298
t895,193.1101681387298
t896,205.13652710948253
t897,193.1101681387298
t898,193.1101681387298
t899,176.70467061815407
t900,176.70467061815407
t901,176.70467061815407
t902,176.70467061815407
t903,176.70467061815407
t904,193.1101681387298
t905,205.13652710948253
t906,205.13652710948253
t907,205.13652710948253
t908,205.13652710948253
t909,205.13652710948253
t910,176.70467061815984
t911,205.13652710948253
t912,146.35582102644747
t913,146.3558210264475
t914,146.3558210264475
t915,146.35582102644747
t916,146.3558210264475
t917,146.35582102644722
t918,146.3558210264475
t919,204.89069778985203
t920,204.89069778985203
t921,204.89069778985203
t922,193.1101681387298
t923,176.49660068201888
t924,176.49660068201888
t925,176.49660068201888
t926,176.49660068201888
t927,193.1101681387298
t928,193.1101681387298
t929,216.78110434952956
t930,216.78110434952973
t931,216.78110434952973
t932,216.78110434952973
t933,216.78110434952973
t934,193.1101681387298
t935,216.78110434952973
t936,193.1101681387298
t937,177.7965946023421
t938,130.58464996657267
t939,0.1
t940,177.79659460234214
t941,177.79659460234214
t942,177.7965946023421
t943,206.42660743106572
t944,206.42660743106572
t945,206.42660743106572
t946,206.42660743106572
t947,193.1101681387298
t948,206.42660743106572
t949,206.42660743106572
t950,193.1101681387298
t951,193.1101681387298
t952,177.7965946023421
t953,193.1101681387298
t954,206.42660743106572
t955,206.42660743106572
t956,206.42660743106572
t957,206.42660743106572
t958,177.7965946023423
t959,177.7965946023423
t960,206.42660743106572
t961,206.42660743106572
t962,206.42660743106572
t963,20.03329474406304
t964,20.03329474406304
t965,20.03329474406304
t966,0.1
t967,0.1
t968,20.03329474406304
t969,20.03329474406304
t970,20.03329474406304
t971,20.03329474406304
t972,203.34077493371177
t973,203.34077493371177
t974,175.18474597658175
t975,175.18474597658175
t976,193.1101681387298
t977,193.1101681387298
t978,211.7057678743546
t979,211.7057678743544
t980,211.7057678743544
t981,211.7057678743544
t982,193.1101681387298
t983,193.1101681387298
t984,193.1101681387298
t985,193.1101681387298
t986,182.2648760015416
t987,182.26487600154158
t988,193.1101681387298
t989,193.1101681387298
t990,182.2648760015416
t991,182.2648760015416
t992,193.1101681387298
t993,182.2648760015416
t994,182.2648760015416
t995,182.2648760015416
t996,193.1101681387298
t997,182.2648760015416
t998,182.2648760015416
t999,182.2648760015416
t1000,182.2648760015416
t1001,193.1101681387298
t1002,211.7057678743544
t1003,211.7057678743544
t1004,211.7057678743544
t1005,211.7057678743544
t1006,211.7057678743544
t1007,211.7057678743544
t1008,211.70576787435434
t1009,404.6194459334719
t1010,193.1101681387298
t1011,193.11016813872976
t1012,193.1101681387298
t1013,193.11016813872976
t1014,193.11016813872976
t1015,193.11016813872976
t1016,193.1101681387298
t1017,193.1101681387298
t1018,193.1101681387298
t1019,166.52556038530898
t1020,166.52556038530898
t1021,0.1
t1022,166.52556038530898
t1023,166.52556038530898
t1024,166.52556038530898
t1025,201.3818726122973
t1026,173.52673105173653
t1027,201.3818726122973
t1028,201.3818726122973
t1029,291.46118578309256
t1030,201.3818726122973
t1031,201.3818726122973
t1032,201.3818726122973
t1033,201.3818726122973
t1034,1.7582290255026471
t1035,0.1
t1036,0.10000000000000345
t1037,0.10000000000000345
t1038,0.09999999999999891
t1039,0.09999999999999891
t1040,0.09999999999999891
t1041,0.09999999999999891
t1042,0.09999999999999891
t1043,0.09999999999999891
t1044,0.09999999999999869
t1045,0.09999999999999891
t1046,0.1
t1047,0.1
t1048,0.1
t1049,0.09999999999999891
t1050,0.1
t1051,0.1
t1052,0.10000000000000345
t1053,0.10000000000000345
t1054,0.10000000000000345
t1055,0.09999999999999977
t1056,0.1
t1057,0.1
t1058,0.1
t1059,0.1
t1060,0.10000000000000345
t1061,0.10000000000000345
t1062,0.09999999999999891
t1063,200.90509198169602
t1064,200.90509198169602
t1065,200.90509198169602
t1066,200.90509198169602
t1067,173.12318392599562
t1068,200.90509198169602
t1069,173.12318392599562
t1070,173.12318392599562
t1071,173.12318392599562
t1072,193.11016813872976
t1073,200.90509198169516
t1074,200.90509198169602
t1075,200.90509198169602
t1076,200.90509198169602
t1077,193.11016813872976
t1078,173.12318392599565
t1079,193.11016813872976
t1080,173.12318392599565
t1081,173.12318392599565
t1082,200.90509198169602
t1083,200.90509198169602
t1084,200.90509198169602
t1085,200.90509198169602
t1086,200.90509198169602
t1087,200.90509198169602
t1088,200.90509198169602
t1089,200.90509198169602
t1090,193.11016813872976
t1091,173.12318392599562
t1092,173.12318392599562
t1093,173.12318392599562
t1094,173.12318392599562
t1095,173.12318392599562
t1096,173.12318392599562
t1097,173.12318392599562
t1098,193.1101681387298
t1099,193.11016813872976
t1100,200.90509198169602
t1101,173.12318392599562
t1102,328.54008061332695
t1103,200.90509198169605
t1104,193.11016813872976
t1105,173.03258856902843
t1106,173.0325885690285
t1107,173.0325885690285
t1108,173.03258856902846
t1109,173.0325885690285
t1110,173.03258856902843
t1111,200.7980558794191
t1112,200.79805587941908
t1113,200.79805587941908
t1114,193.11016813872976
t1115,193.11016813872976
t1116,193.11016813872976
t1117,173.03258856902843
t1118,173.03258856902843
t1119,193.11016813872976
t1120,193.11016813872976
t1121,193.11016813872976
t1122,200.79805587941908
t1123,200.79805587941908
t1124,200.79805587941908
t1125,173.03258856902858
t1126,193.11016813872976
t1127,193.11016813872976
t1128,200.79805587941908
t1129,200.79805587941908
t1130,200.79805587941908
t1131,200.79805587941908
t1132,200.7980558794191
t1133,193.11016813872976
t1134,173.03258856902843
t1135,197.58622722330884
t1136,200.79805587941908
t1137,185.42228039804044
t1138,1.7582290255026471
t1139,0.09999999999999891
t1140,0.10000000000000257
t1141,0.10000000000000257
t1142,0.10000000000000257
t1143,0.1
t1144,0.10000000000000257
t1145,0.10000000000000128
t1146,0.1
t1147,0.10000000000000257
t1148,0.10000000000000257
t1149,0.1
t1150,0.10000000000000345
t1151,0.10000000000000345
t1152,0.10000000000000345
t1153,0.10000000000000257
t1154,0.10000000000000257
t1155,223.71913737683312
t1156,223.7191373768331
t1157,223.7191373768331
t1158,223.71913737683298
t1159,223.7191373768331
t1160,193.11016813872976
t1161,193.11016813872976
t1162,4.565279119873527
t1163,1.7582290255026471
t1164,0.10000000000000257
t1165,0.10000000000000257
t1166,0.09999999999999891
t1167,0.10000000000000128
t1168,0.10000000000000257
t1169,0.10000000000000257
t1170,0.1
t1171,0.10000000000000257
t1172,0.10000000000000345
t1173,0.10000000000000345
t1174,0.1
t1175,0.1
t1176,0.1
t1177,0.10000000000000002
t1178,0.10000000000000002
t1179,0.10000000000000002
t1180,0.10000000000000002
t1181,0.10000000000000002
t1182,0.10000000000000002
t1183,0.10000000000000002
t1184,0.09999999999999817
t1185,0.09999999999999817
t1186,0.1000000000000013
t1187,0.1000000000000013
t1188,0.1000000000000013
t1189,0.1000000000000013
t1190,0.1000000000000013
t1191,0.1000000000000013
t1192,0.10000000000000002
t1193,0.10000000000000002
t1194,0.10000000000000002
t1195,0.10000000000000002
t1196,0.10000000000000002
t1197,0.10000000000000002
t1198,0.10000000000000002
t1199,0.09999999999999713
t1200,0.09999999999999713
t1201,0.09999999999999713
t1202,0.10000000000000002
t1203,0.10000000000000002
t1204,0.09999999999999713
t1205,0.10000000000000002
t1206,0.10000000000000002
t1207,0.09999999999999713
t1208,0.10000000000000002
t1209,0.09999999999999817
t1210,0.10000000000000002
t1211,0.09999999999999817
t1212,0.09999999999999817
t1213,0.09999999999999817
t1214,0.09999999999999817
t1215,189.17226813872978
t1216,189.17226813872978
t1217,197.88109193398824
t1218,197.88109193398748
t1219,197.88109193398748
t1220,197.88109193398748
t1221,189.17226813872978
t1222,189.17226813872978
t1223,189.17226813872978
t1224,170.5636702856151
t1225,189.17226813872978
t1226,189.17226813872978
t1227,170.5636702856151
t1228,197.88109193398748
t1229,189.17226813872978
t1230,197.88109193398748
t1231,197.88109193398748
t1232,197.88109193398748
t1233,189.17226813872975
t1234,170.5636702856151
t1235,170.5636702856151
t1236,170.5636702856151
t1237,170.5636702856151
t1238,170.5636702856151
t1239,170.5636702856151
t1240,189.17226813872975
t1241,199.2412408005011
t1242,199.24124080050112
t1243,199.24124080050112
t1244,199.24124080050112
t1245,199.24124080050112
t1246,199.24124080050112
t1247,199.24124080050112
t1248,199.24124080050112
t1249,199.24124080050112
t1250,199.24124080050112
t1251,199.24124080050112
t1252,199.24124080050112
t1253,199.24124080050112
t1254,189.17226813872978
t1255,199.2412408005011
t1256,189.17226813872975
t1257,189.17226813872975
t1258,166.32962360537203
t1259,166.32962360537203
t1260,166.32962360537203
t1261,166.32962360537203
t1262,166.32962360537203
t1263,166.32962360537203
t1264,189.17226813872975
t1265,192.8786738335107
t1266,166.32962360537203
t1267,166.329623605372
t1268,166.32962360537203
t1269,166.32962360537203
t1270,192.87867383351127
t1271,192.87867383351127
t1272,192.87867383351127
t1273,192.87867383351127
t1274,192.87867383351127
t1275,192.87867383351127
t1276,192.87867383351127
t1277,189.17226813872978
t1278,192.87867383351127
t1279,192.87867383351127
t1280,192.87867383351127
t1281,166.32962360537203
t1282,166.32962360537203
t1283,166.32962360537203
t1284,166.32962360537203
t1285,166.32962360537203
t1286,166.32962360537203
t1287,166.32962360537203
t1288,189.17226813872975
t1289,204.4872358227187
t1290,204.4872358227185
t1291,204.4872358227185
t1292,204.4872358227185
t1293,176.15511047303704
t1294,176.15511047303704
t1295,204.4872358227185
t1296,204.4872358227185
t1297,204.4872358227185
t1298,204.4872358227185
t1299,204.4872358227185
t1300,189.17226813872978
t1301,189.17226813872978
t1302,189.17226813872978
t1303,189.17226813872978
t1304,204.4872358227185
t1305,170.11061902994254
t1306,170.11061902994254
t1307,170.11061902994254
t1308,170.11061902994254
t1309,170.11061902994254
t1310,170.11061902994254
t1311,170.11061902994254
t1312,197.3458234372099
t1313,197.3458234372099
t1314,197.3458234372099
t1315,197.3458234372099
t1316,197.3458234372099
t1317,197.3458234372099
t1318,197.3458234372099
t1319,197.34582343720987
t1320,180.99871284024965
t1321,4.565279119873514
t1322,1.7582290255026412
t1323,0.09999999999999713
t1324,0.10000000000000002
t1325,0.09999999999999575
t1326,0.10000000000000002
t1327,0.10000000000000002
t1328,0.10000000000000002
t1329,0.10000000000000002
t1330,0.09999999999999783
t1331,0.09999999999999817
t1332,0.10000000000000002
t1333,0.09999999999999817
t1334,0.09999999999999853
t1335,0.10000000000000002
t1336,0.10000000000000002
t1337,0.10000000000000002
t1338,0.10000000000000002
t1339,0.10000000000000002
t1340,0.10000000000000002
t1341,0.10000000000000002
t1342,0.10000000000000002
t1343,0.10000000000000002
t1344,0.10000000000000002
t1345,196.08216813872974
t1346,196.08216813872974
t1347,196.08216813872974
t1348,196.08216813872974
t1349,196.08216813872974
t1350,208.98238414826895
t1351,208.98238414826895
t1352,208.98238414826895
t1353,196.08216813872977
t1354,1.7582290255026471
t1355,0.09999999999999891
t1356,0.1
t1357,0.09999999999999891
t1358,0.1
t1359,0.1
t1360,0.1
t1361,196.08216813872977
t1362,196.08216813872977
t1363,196.08216813872977
t1364,196.08216813872977
t1365,196.08216813872977
t1366,196.08216813872977
t1367,196.08216813872977
t1368,196.08216813872977
t1369,196.08216813872977
t1370,196.08216813872974
t1371,196.08216813872974
t1372,338.90778540352915
t1373,196.08216813872977
t1374,196.08216813872977
t1375,196.08216813872974
t1376,196.08216813872974
t1377,196.08216813872974
t1378,196.08216813872974
t1379,196.08216813872974
t1380,196.08216813872974
t1381,196.08216813872974
t1382,196.08216813872974
t1383,196.08216813872974
t1384,196.08216813872974
t1385,196.08216813872974
t1386,196.08216813872974
t1387,196.08216813872974
t1388,196.08216813872974
t1389,196.08216813872974
t1390,196.08216813872974
t1391,196.08216813872974
t1392,196.08216813872974
t1393,196.08216813872974
t1394,196.08216813872974
t1395,196.08216813872974
t1396,196.08216813872974
t1397,196.08216813872974
t1398,196.08216813872974
t1399,196.08216813872974
t1400,196.08216813872974
t1401,196.08216813872974
t1402,196.08216813872974
t1403,196.08216813872974
t1404,196.08216813872974
t1405,196.08216813872974
t1406,196.08216813872974
t1407,196.08216813872974
t1408,196.08216813872974
t1409,196.08216813872974
t1410,196.08216813872974
t1411,196.08216813872974
t1412,196.08216813872974
t1413,196.08216813872974
t1414,196.08216813872974
t1415,196.08216813872977
t1416,196.08216813872977
t1417,196.08216813872977
t1418,196.08216813872974
t1419,196.08216813872974
t1420,196.08216813872977
t1421,196.08216813872974
t1422,196.08216813872974
t1423,196.08216813872974
t1424,196.08216813872977
t1425,196.08216813872974
t1426,196.08216813872974
t1427,1.7582290255026471
t1428,0.1
t1429,0.1
t1430,0.1
t1431,0.1
t1432,0.1
t1433,189.935782492462
t1434,202.22855378499756
t1435,202.2285537849982
t1436,202.2285537849982
t1437,174.2433619963106
t1438,196.08216813872974
t1439,196.08216813872974
t1440,202.2285537849982
t1441,202.2285537849982
t1442,202.2285537849982
t1443,196.08216813872974
t1444,202.2285537849982
t1445,202.2285537849982
t1446,202.2285537849982
t1447,202.2285537849982
t1448,202.2285537849982
t1449,202.2285537849982
t1450,174.24336199631057
t1451,174.24336199631057
t1452,174.24336199631057
t1453,174.24336199631057
t1454,174.24336199631057
t1455,174.24336199631057
t1456,196.08216813872974
t1457,196.08216813872974
t1458,196.08216813872974
t1459,196.08216813872974
t1460,196.08216813872974
t1461,196.08216813872974
t1462,196.08216813872974
t1463,228.03054591923632
t1464,228.03054591923632
t1465,196.08216813872974
t1466,196.08216813872974
t1467,196.08216813872974
t1468,196.08216813872974
t1469,196.08216813872974
t1470,196.08216813872974
t1471,196.08216813872974
t1472,228.03054591923632
t1473,196.08216813872974
t1474,196.08216813872974
t1475,196.08216813872974
t1476,196.08216813872974
t1477,196.08216813872974
t1478,196.08216813872974
t1479,196.08216813872974
t1480,196.08216813872974
t1481,196.08216813872974
t1482,196.08216813872974
t1483,196.08216813872974
t1484,196.08216813872974
t1485,196.08216813872974
t1486,196.08216813872974
t1487,228.03054591923632
t1488,211.11427428150287
t1489,207.52436813872976
t1490,207.52436813872976
t1491,207.52436813872976
t1492,207.52436813872976
t1493,207.52436813872976
t1494,207.52436813872976
t1495,207.52436813872976
t1496,207.52436813872976
t1497,207.52436813872976
t1498,207.52436813872976
t1499,190.17780287795225
t1500,190.1778028779523
t1501,190.1778028779523
t1502,190.1778028779523
t1503,190.1778028779523
t1504,207.52436813872976
t1505,221.05468904213632
t1506,221.05468904213632
t1507,221.05468904213632
t1508,207.52436813872976
t1509,179.95980401578294
t1510,207.52436813872976
t1511,179.95980401578296
t1512,179.95980401578277
t1513,0.1
t1514,0.1
t1515,0.1
t1516,0.10000000000000044
t1517,0.10000000000000044
t1518,0.1
t1519,215.37801241200523
t1520,215.37801241200523
t1521,215.37801241200518
t1522,185.3730637782093
t1523,185.3730637782093
t1524,207.52436813872978
t1525,207.52436813872978
t1526,220.999508086279
t1527,220.99950808627935
t1528,207.52436813872978
t1529,220.99950808627935
t1530,220.99950808627935
t1531,220.99950808627935
t1532,207.52436813872978
t1533,220.99950808627935
t1534,207.52436813872978
t1535,190.13109771691498
t1536,190.131097716915
t1537,190.13109771691498
t1538,207.52436813872978
t1539,220.99950808627935
t1540,220.99950808627935
t1541,220.99950808627935
t1542,220.99950808627935
t1543,220.99950808627935
t1544,220.99950808627935
t1545,220.99950808627935
t1546,1.758229025502644
t1547,0.10000000000000044
t1548,0.1
t1549,0.1
t1550,0.1
t1551,0.1
t1552,0.10000000000000044
t1553,221.23730209218795
t1554,221.23730209218832
t1555,221.23730209218832
t1556,221.23730209218832
t1557,221.23730209218832
t1558,221.23730209218832
t1559,221.23730209218832
t1560,221.23730209218832
t1561,207.52436813872978
t1562,221.23730209218832
t1563,221.23730209218832
t1564,221.23730209218832
t1565,207.52436813872978
t1566,207.52436813872978
t1567,207.52436813872978
t1568,207.52436813872978
t1569,207.52436813872978
t1570,207.52436813872978
t1571,186.02527023584216
t1572,186.02527023584216
t1573,186.02527023584216
t1574,186.02527023584216
t1575,186.02527023584216
t1576,186.02527023584216
t1577,216.1485776974883
t1578,216.1485776974882
t1579,216.1485776974882
t1580,216.1485776974882
t1581,207.52436813872978
t1582,216.1485776974882
t1583,216.1485776974882
t1584,216.14857769748826
t1585,207.52436813872978
t1586,207.52436813872978
t1587,207.52436813872978
t1588,186.02527023584216
t1589,186.0252702358422
t1590,207.52436813872978
t1591,207.52436813872978
t1592,216.1485776974882
t1593,166.49669073138693
t1594,166.49669073138693
t1595,166.49669073138693
t1596,166.49669073138693
t1597,166.49669073138693
t1598,166.49669073138693
t1599,166.49669073138693
t1600,207.52436813872978
t1601,224.41159235919264
t1602,224.41159235919258
t1603,207.52436813872978
t1604,224.41159235919258
t1605,224.41159235919258
t1606,224.41159235919258
t1607,224.41159235919258
t1608,224.41159235919258
t1609,224.41159235919258
t1610,224.41159235919264
t1611,190.63714391826696
t1612,0.1
t1613,0.1
t1614,0.10000000000000304
t1615,0.1
t1616,0.10000000000000131
t1617,0.1
t1618,0.10000000000000246
t1619,0.1
t1620,0.10000000000000044
t1621,0.10000000000000044
t1622,0.10000000000000044
t1623,0.10000000000000044
t1624,0.1
t1625,0.1
t1626,0.10000000000000044
t1627,0.1
t1628,0.1
t1629,0.1
t1630,0.10000000000000044
t1631,0.1
t1632,0.1
t1633,476.3463492465236
t1634,0.1
t1635,0.10000000000000044
t1636,0.10000000000000044
t1637,0.1
t1638,0.10000000000000044
t1639,0.10000000000000044
t1640,816.401175089174
t1641,0.099999999999999
t1642,0.10000000000000044
t1643,0.10000000000000044
t1644,0.1
t1645,0.1
t1646,0.10000000000000044
t1647,0.10000000000000044
t1648,181.6545778435526
t1649,233.39415843390697
t1650,233.39415843390702
t1651,233.39415843390702
t1652,233.39415843390702
t1653,233.39415843390702
t1654,233.39415843390702
t1655,207.52436813872978
t1656,193.82099230070986
t1657,193.82099230070995
t1658,225.35902437148127
t1659,193.61243355993847
t1660,207.52436813872978
t1661,207.52436813872978
t1662,207.52436813872978
t1663,207.52436813872978
t1664,207.52436813872978
t1665,193.61243355993847
t1666,193.61243355993847
t1667,0.1
t1668,193.61243355993847
t1669,193.61243355993847
t1670,207.52436813872978
t1671,207.52436813872978
t1672,225.1126175416471
t1673,225.1126175416474
t1674,225.1126175416474
t1675,225.1126175416474
t1676,225.1126175416474
t1677,225.1126175416474
t1678,225.11261754164744
t1679,207.52436813872978
t1680,1.7582290255026427
t1681,0.10000000000000345
t1682,0.1
t1683,0.1
t1684,0.1
t1685,0.1
t1686,0.1
t1687,0.1
t1688,0.1
t1689,0.1
t1690,0.1
t1691,0.1
t1692,0.1
t1693,225.14581949921254
t1694,225.14581949921282
t1695,225.14581949921282
t1696,225.14581949921282
t1697,225.14581949921282
t1698,225.14581949921282
t1699,225.14581949921282
t1700,225.14581949921282
t1701,225.14581949921282
t1702,1.7582290255026458
t1703,0.10000000000000345
t1704,0.1
t1705,0.1
t1706,0.1
t1707,0.1
t1708,0.1
t1709,0.1
t1710,0.1
t1711,0.1
t1712,0.1
t1713,0.09999999999999891
t1714,0.1
t1715,0.1
t1716,0.1
t1717,0.09999999999999891
t1718,0.09999999999999891
t1719,207.52436813872976
t1720,207.52436813872978
t1721,207.5243681387298
t1722,207.5243681387298
t1723,207.5243681387298
t1724,353.4299854035291
t1725,207.52436813872976
t1726,207.5243681387298
t1727,1.7582290255026423
t1728,0.1
t1729,0.1
t1730,0.1
t1731,0.1
t1732,0.1
t1733,0.1
t1734,0.1
t1735,0.1
t1736,0.1
t1737,0.1
t1738,0.09999999999999891
t1739,0.09999999999999891
t1740,0.09999999999999891
t1741,0.1
t1742,0.1
t1743,0.1
t1744,0.1
t1745,0.1
t1746,0.1
t1747,0.1
t1748,0.1
t1749,0.1
t1750,0.1
t1751,0.1
t1752,0.1
t1753,0.1
t1754,0.1
t1755,0.10000000000000345
t1756,0.10000000000000345
t1757,0.1
t1758,20.033294744063042
t1759,217.84333411719857
t1760,217.84333411719857
t1761,217.84333411719874
t1762,217.84333411719857
t1763,187.45971206948494
t1764,187.45971206948494
t1765,187.45971206948494
t1766,187.45971206948494
t1767,207.52436813872976
t1768,207.52436813872976
t1769,332.79205344659164
t1770,217.84333411719857
t1771,217.84333411719854
t1772,186.8966800558117
t1773,207.52436813872973
t1774,217.17812616153543
t1775,207.52436813872973
t1776,1.758229025502639
t1777,0.1
t1778,0.1
t1779,0.1
t1780,0.1
t1781,0.1
t1782,0.1
t1783,0.1
t1784,0.1
t1785,0.1
t1786,0.1
t1787,0.1
t1788,0.1
t1789,0.1
t1790,0.1
t1791,0.1
t1792,0.1
t1793,0.1
t1794,0.1
t1795,0.1
t1796,0.1
t1797,0.1
t1798,0.1
t1799,0.1
t1800,0.10000000000000345
t1801,0.10000000000000345
t1802,0.10000000000000345
t1803,0.1
t1804,0.10000000000000302
t1805,0.1
t1806,0.1
t1807,0.10000000000000345
t1808,0.10000000000000345
t1809,0.09999999999999869
t1810,0.1
t1811,0.1
t1812,0.1
t1813,0.1
t1814,0.1
t1815,0.09999999999999891
t1816,0.09999999999999891
t1817,0.1
t1818,0.1
t1819,0.1
t1820,0.1
t1821,0.1
t1822,0.1
t1823,0.1
t1824,0.1
t1825,0.1
t1826,0.1
t1827,0.1
t1828,0.1
t1829,0.1
t1830,0.1
t1831,0.1
t1832,0.1
t1833,0.09999999999999891
t1834,0.09999999999999891
t1835,0.09999999999999891
t1836,0.1
t1837,0.1
t1838,0.1
t1839,0.1
t1840,0.1
t1841,0.09999999999999891
t1842,0.1
t1843,0.1
t1844,0.1
t1845,0.1
t1846,0.10000000000000345
t1847,0.1
t1848,0.1
