Voll,Demand_Segment,Cost_of_Demand_Curtailment_per_MW,Max_Demand_Curtailment,Rep_Periods,Timesteps_per_Rep_Period,Sub_Weights,Time_Index,Load_MW_z1
50000,1,1,1,11,168,673.8461538461539,1,11162.0
,,,,,,673.8461538461539,2,10556.0
,,,,,,1179.2307692307693,3,10105.0
,,,,,,842.3076923076924,4,9878.0
,,,,,,1516.1538461538462,5,9843.0
,,,,,,1347.6923076923078,6,10017.0
,,,,,,1684.6153846153848,7,10390.0
,,,,,,168.46153846153848,8,10727.0
,,,,,,168.46153846153848,9,11298.0
,,,,,,336.92307692307696,10,11859.0
,,,,,,168.46153846153848,11,12196.0
,,,,,,,12,12321.0
,,,,,,,13,12381.0
,,,,,,,14,12270.0
,,,,,,,15,12149.0
,,,,,,,16,12219.0
,,,,,,,17,13410.0
,,,,,,,18,14539.0
,,,,,,,19,14454.0
,,,,,,,20,14012.0
,,,,,,,21,13494.0
,,,,,,,22,12772.0
,,,,,,,23,11877.0
,,,,,,,24,10874.0
,,,,,,,25,10025.0
,,,,,,,26,9511.0
,,,,,,,27,9264.0
,,,,,,,28,9208.0
,,,,,,,29,9410.0
,,,,,,,30,9924.0
,,,,,,,31,10696.0
,,,,,,,32,11329.0
,,,,,,,33,12105.0
,,,,,,,34,12899.0
,,,,,,,35,13482.0
,,,,,,,36,13721.0
,,,,,,,37,13699.0
,,,,,,,38,13611.0
,,,,,,,39,13568.0
,,,,,,,40,13774.0
,,,,,,,41,15066.0
,,,,,,,42,16374.0
,,,,,,,43,16230.0
,,,,,,,44,15838.0
,,,,,,,45,15197.0
,,,,,,,46,14189.0
,,,,,,,47,12940.0
,,,,,,,48,11808.0
,,,,,,,49,11057.0
,,,,,,,50,10682.0
,,,,,,,51,10502.0
,,,,,,,52,10524.0
,,,,,,,53,10901.0
,,,,,,,54,12021.0
,,,,,,,55,14003.0
,,,,,,,56,15113.0
,,,,,,,57,15301.0
,,,,,,,58,15406.0
,,,,,,,59,15544.0
,,,,,,,60,15570.0
,,,,,,,61,15507.0
,,,,,,,62,15485.0
,,,,,,,63,15426.0
,,,,,,,64,15639.0
,,,,,,,65,16860.0
,,,,,,,66,18195.0
,,,,,,,67,18230.0
,,,,,,,68,17924.0
,,,,,,,69,17341.0
,,,,,,,70,16318.0
,,,,,,,71,14952.0
,,,,,,,72,13756.0
,,,,,,,73,13012.0
,,,,,,,74,12621.0
,,,,,,,75,12422.0
,,,,,,,76,12444.0
,,,,,,,77,12784.0
,,,,,,,78,13840.0
,,,,,,,79,15761.0
,,,,,,,80,16807.0
,,,,,,,81,16828.0
,,,,,,,82,16783.0
,,,,,,,83,16745.0
,,,,,,,84,16581.0
,,,,,,,85,16344.0
,,,,,,,86,16204.0
,,,,,,,87,16076.0
,,,,,,,88,16242.0
,,,,,,,89,17378.0
,,,,,,,90,18302.0
,,,,,,,91,18160.0
,,,,,,,92,17737.0
,,,,,,,93,17058.0
,,,,,,,94,15936.0
,,,,,,,95,14506.0
,,,,,,,96,13182.0
,,,,,,,97,12336.0
,,,,,,,98,11885.0
,,,,,,,99,11656.0
,,,,,,,100,11615.0
,,,,,,,101,11913.0
,,,,,,,102,12890.0
,,,,,,,103,14747.0
,,,,,,,104,15835.0
,,,,,,,105,15951.0
,,,,,,,106,16021.0
,,,,,,,107,15949.0
,,,,,,,108,15726.0
,,,,,,,109,15531.0
,,,,,,,110,15455.0
,,,,,,,111,15333.0
,,,,,,,112,15432.0
,,,,,,,113,16412.0
,,,,,,,114,17485.0
,,,,,,,115,17422.0
,,,,,,,116,17026.0
,,,,,,,117,16390.0
,,,,,,,118,15340.0
,,,,,,,119,13927.0
,,,,,,,120,12708.0
,,,,,,,121,11909.0
,,,,,,,122,11476.0
,,,,,,,123,11254.0
,,,,,,,124,11199.0
,,,,,,,125,11472.0
,,,,,,,126,12442.0
,,,,,,,127,14265.0
,,,,,,,128,15358.0
,,,,,,,129,15484.0
,,,,,,,130,15500.0
,,,,,,,131,15432.0
,,,,,,,132,15203.0
,,,,,,,133,14952.0
,,,,,,,134,14820.0
,,,,,,,135,14614.0
,,,,,,,136,14685.0
,,,,,,,137,15541.0
,,,,,,,138,16362.0
,,,,,,,139,16100.0
,,,,,,,140,15635.0
,,,,,,,141,15017.0
,,,,,,,142,14212.0
,,,,,,,143,13116.0
,,,,,,,144,11990.0
,,,,,,,145,11119.0
,,,,,,,146,10636.0
,,,,,,,147,10373.0
,,,,,,,148,10268.0
,,,,,,,149,10370.0
,,,,,,,150,10765.0
,,,,,,,151,11478.0
,,,,,,,152,12230.0
,,,,,,,153,13001.0
,,,,,,,154,13466.0
,,,,,,,155,13597.0
,,,,,,,156,13488.0
,,,,,,,157,13240.0
,,,,,,,158,12960.0
,,,,,,,159,12764.0
,,,,,,,160,12899.0
,,,,,,,161,13844.0
,,,,,,,162,14791.0
,,,,,,,163,14618.0
,,,,,,,164,14149.0
,,,,,,,165,13704.0
,,,,,,,166,13063.0
,,,,,,,167,12224.0
,,,,,,,168,11302.0
,,,,,,,169,11177.0
,,,,,,,170,10756.0
,,,,,,,171,10540.0
,,,,,,,172,10494.0
,,,,,,,173,10580.0
,,,,,,,174,10899.0
,,,,,,,175,11299.0
,,,,,,,176,11848.0
,,,,,,,177,12635.0
,,,,,,,178,13137.0
,,,,,,,179,13382.0
,,,,,,,180,13454.0
,,,,,,,181,13382.0
,,,,,,,182,13131.0
,,,,,,,183,12868.0
,,,,,,,184,12844.0
,,,,,,,185,13260.0
,,,,,,,186,14359.0
,,,,,,,187,15378.0
,,,,,,,188,15102.0
,,,,,,,189,14540.0
,,,,,,,190,13676.0
,,,,,,,191,12602.0
,,,,,,,192,11647.0
,,,,,,,193,11026.0
,,,,,,,194,10717.0
,,,,,,,195,10611.0
,,,,,,,196,10675.0
,,,,,,,197,11070.0
,,,,,,,198,12173.0
,,,,,,,199,13898.0
,,,,,,,200,14818.0
,,,,,,,201,14917.0
,,,,,,,202,14865.0
,,,,,,,203,14802.0
,,,,,,,204,14677.0
,,,,,,,205,14513.0
,,,,,,,206,14389.0
,,,,,,,207,14203.0
,,,,,,,208,14193.0
,,,,,,,209,14618.0
,,,,,,,210,15582.0
,,,,,,,211,16108.0
,,,,,,,212,15693.0
,,,,,,,213,14967.0
,,,,,,,214,13918.0
,,,,,,,215,12618.0
,,,,,,,216,11437.0
,,,,,,,217,10693.0
,,,,,,,218,10281.0
,,,,,,,219,10105.0
,,,,,,,220,10104.0
,,,,,,,221,10429.0
,,,,,,,222,11507.0
,,,,,,,223,13210.0
,,,,,,,224,14121.0
,,,,,,,225,14307.0
,,,,,,,226,14365.0
,,,,,,,227,14349.0
,,,,,,,228,14245.0
,,,,,,,229,14041.0
,,,,,,,230,13917.0
,,,,,,,231,13735.0
,,,,,,,232,13654.0
,,,,,,,233,13940.0
,,,,,,,234,14956.0
,,,,,,,235,15877.0
,,,,,,,236,16385.0
,,,,,,,237,15638.0
,,,,,,,238,14525.0
,,,,,,,239,13168.0
,,,,,,,240,11983.0
,,,,,,,241,11198.0
,,,,,,,242,10813.0
,,,,,,,243,10618.0
,,,,,,,244,10620.0
,,,,,,,245,10910.0
,,,,,,,246,11871.0
,,,,,,,247,13498.0
,,,,,,,248,14538.0
,,,,,,,249,14997.0
,,,,,,,250,15288.0
,,,,,,,251,15541.0
,,,,,,,252,15627.0
,,,,,,,253,15582.0
,,,,,,,254,15500.0
,,,,,,,255,15379.0
,,,,,,,256,15336.0
,,,,,,,257,15629.0
,,,,,,,258,16387.0
,,,,,,,259,16874.0
,,,,,,,260,16501.0
,,,,,,,261,15849.0
,,,,,,,262,14811.0
,,,,,,,263,13475.0
,,,,,,,264,12287.0
,,,,,,,265,11546.0
,,,,,,,266,11140.0
,,,,,,,267,10924.0
,,,,,,,268,10939.0
,,,,,,,269,11238.0
,,,,,,,270,12279.0
,,,,,,,271,13944.0
,,,,,,,272,14943.0
,,,,,,,273,15242.0
,,,,,,,274,15322.0
,,,,,,,275,15377.0
,,,,,,,276,15287.0
,,,,,,,277,15120.0
,,,,,,,278,15032.0
,,,,,,,279,14856.0
,,,,,,,280,14784.0
,,,,,,,281,15062.0
,,,,,,,282,15755.0
,,,,,,,283,16084.0
,,,,,,,284,15665.0
,,,,,,,285,15076.0
,,,,,,,286,14269.0
,,,,,,,287,13199.0
,,,,,,,288,12110.0
,,,,,,,289,11349.0
,,,,,,,290,10884.0
,,,,,,,291,10591.0
,,,,,,,292,10437.0
,,,,,,,293,10480.0
,,,,,,,294,10827.0
,,,,,,,295,11455.0
,,,,,,,296,12225.0
,,,,,,,297,13167.0
,,,,,,,298,13862.0
,,,,,,,299,14178.0
,,,,,,,300,14243.0
,,,,,,,301,14034.0
,,,,,,,302,13627.0
,,,,,,,303,13213.0
,,,,,,,304,12943.0
,,,,,,,305,12995.0
,,,,,,,306,13670.0
,,,,,,,307,14535.0
,,,,,,,308,14213.0
,,,,,,,309,13767.0
,,,,,,,310,13084.0
,,,,,,,311,12231.0
,,,,,,,312,11343.0
,,,,,,,313,10632.0
,,,,,,,314,10198.0
,,,,,,,315,9956.0
,,,,,,,316,9857.0
,,,,,,,317,9932.0
,,,,,,,318,10204.0
,,,,,,,319,10639.0
,,,,,,,320,11263.0
,,,,,,,321,12169.0
,,,,,,,322,12883.0
,,,,,,,323,13200.0
,,,,,,,324,13320.0
,,,,,,,325,13293.0
,,,,,,,326,13090.0
,,,,,,,327,12962.0
,,,,,,,328,12965.0
,,,,,,,329,13284.0
,,,,,,,330,14182.0
,,,,,,,331,15162.0
,,,,,,,332,14925.0
,,,,,,,333,14357.0
,,,,,,,334,13446.0
,,,,,,,335,12339.0
,,,,,,,336,11366.0
,,,,,,,337,9225.0
,,,,,,,338,8844.0
,,,,,,,339,8669.0
,,,,,,,340,8667.0
,,,,,,,341,8965.0
,,,,,,,342,9966.0
,,,,,,,343,11832.0
,,,,,,,344,12921.0
,,,,,,,345,13228.0
,,,,,,,346,13403.0
,,,,,,,347,13623.0
,,,,,,,348,13736.0
,,,,,,,349,13742.0
,,,,,,,350,13793.0
,,,,,,,351,13686.0
,,,,,,,352,13527.0
,,,,,,,353,13423.0
,,,,,,,354,13420.0
,,,,,,,355,13523.0
,,,,,,,356,14267.0
,,,,,,,357,13940.0
,,,,,,,358,12872.0
,,,,,,,359,11495.0
,,,,,,,360,10269.0
,,,,,,,361,9466.0
,,,,,,,362,9050.0
,,,,,,,363,8857.0
,,,,,,,364,8798.0
,,,,,,,365,9076.0
,,,,,,,366,10007.0
,,,,,,,367,11825.0
,,,,,,,368,12880.0
,,,,,,,369,13139.0
,,,,,,,370,13273.0
,,,,,,,371,13463.0
,,,,,,,372,13582.0
,,,,,,,373,13637.0
,,,,,,,374,13744.0
,,,,,,,375,13707.0
,,,,,,,376,13642.0
,,,,,,,377,13633.0
,,,,,,,378,13667.0
,,,,,,,379,13685.0
,,,,,,,380,14409.0
,,,,,,,381,14170.0
,,,,,,,382,13140.0
,,,,,,,383,11716.0
,,,,,,,384,10483.0
,,,,,,,385,9639.0
,,,,,,,386,9192.0
,,,,,,,387,8934.0
,,,,,,,388,8868.0
,,,,,,,389,9100.0
,,,,,,,390,9982.0
,,,,,,,391,11785.0
,,,,,,,392,12848.0
,,,,,,,393,13267.0
,,,,,,,394,13525.0
,,,,,,,395,13806.0
,,,,,,,396,13981.0
,,,,,,,397,14027.0
,,,,,,,398,14108.0
,,,,,,,399,14065.0
,,,,,,,400,13995.0
,,,,,,,401,13959.0
,,,,,,,402,13956.0
,,,,,,,403,13904.0
,,,,,,,404,14567.0
,,,,,,,405,14319.0
,,,,,,,406,13309.0
,,,,,,,407,11918.0
,,,,,,,408,10628.0
,,,,,,,409,9846.0
,,,,,,,410,9328.0
,,,,,,,411,9070.0
,,,,,,,412,8979.0
,,,,,,,413,9179.0
,,,,,,,414,10041.0
,,,,,,,415,11825.0
,,,,,,,416,12893.0
,,,,,,,417,13321.0
,,,,,,,418,13652.0
,,,,,,,419,13989.0
,,,,,,,420,14172.0
,,,,,,,421,14220.0
,,,,,,,422,14382.0
,,,,,,,423,14378.0
,,,,,,,424,14356.0
,,,,,,,425,14332.0
,,,,,,,426,14274.0
,,,,,,,427,14125.0
,,,,,,,428,14736.0
,,,,,,,429,14531.0
,,,,,,,430,13541.0
,,,,,,,431,12105.0
,,,,,,,432,10834.0
,,,,,,,433,10013.0
,,,,,,,434,9503.0
,,,,,,,435,9187.0
,,,,,,,436,9086.0
,,,,,,,437,9279.0
,,,,,,,438,10090.0
,,,,,,,439,11776.0
,,,,,,,440,12853.0
,,,,,,,441,13274.0
,,,,,,,442,13551.0
,,,,,,,443,13791.0
,,,,,,,444,13857.0
,,,,,,,445,13748.0
,,,,,,,446,13781.0
,,,,,,,447,13655.0
,,,,,,,448,13491.0
,,,,,,,449,13401.0
,,,,,,,450,13254.0
,,,,,,,451,12993.0
,,,,,,,452,13536.0
,,,,,,,453,13286.0
,,,,,,,454,12517.0
,,,,,,,455,11478.0
,,,,,,,456,10381.0
,,,,,,,457,9549.0
,,,,,,,458,9030.0
,,,,,,,459,8735.0
,,,,,,,460,8579.0
,,,,,,,461,8592.0
,,,,,,,462,8880.0
,,,,,,,463,9470.0
,,,,,,,464,10176.0
,,,,,,,465,11146.0
,,,,,,,466,11838.0
,,,,,,,467,12142.0
,,,,,,,468,12199.0
,,,,,,,469,12062.0
,,,,,,,470,11820.0
,,,,,,,471,11624.0
,,,,,,,472,11531.0
,,,,,,,473,11611.0
,,,,,,,474,11905.0
,,,,,,,475,12204.0
,,,,,,,476,12690.0
,,,,,,,477,12458.0
,,,,,,,478,11820.0
,,,,,,,479,10962.0
,,,,,,,480,10076.0
,,,,,,,481,9344.0
,,,,,,,482,8859.0
,,,,,,,483,8615.0
,,,,,,,484,8495.0
,,,,,,,485,8517.0
,,,,,,,486,8710.0
,,,,,,,487,9166.0
,,,,,,,488,9784.0
,,,,,,,489,10760.0
,,,,,,,490,11602.0
,,,,,,,491,12129.0
,,,,,,,492,12438.0
,,,,,,,493,12543.0
,,,,,,,494,12419.0
,,,,,,,495,12279.0
,,,,,,,496,12184.0
,,,,,,,497,12357.0
,,,,,,,498,12702.0
,,,,,,,499,12990.0
,,,,,,,500,13530.0
,,,,,,,501,13255.0
,,,,,,,502,12332.0
,,,,,,,503,11219.0
,,,,,,,504,10187.0
,,,,,,,505,9355.0
,,,,,,,506,9042.0
,,,,,,,507,8926.0
,,,,,,,508,8932.0
,,,,,,,509,9258.0
,,,,,,,510,10292.0
,,,,,,,511,11981.0
,,,,,,,512,13117.0
,,,,,,,513,13520.0
,,,,,,,514,13689.0
,,,,,,,515,13843.0
,,,,,,,516,13844.0
,,,,,,,517,13732.0
,,,,,,,518,13629.0
,,,,,,,519,13408.0
,,,,,,,520,13255.0
,,,,,,,521,13257.0
,,,,,,,522,13412.0
,,,,,,,523,13544.0
,,,,,,,524,14116.0
,,,,,,,525,14140.0
,,,,,,,526,13160.0
,,,,,,,527,11819.0
,,,,,,,528,10573.0
,,,,,,,529,9824.0
,,,,,,,530,9447.0
,,,,,,,531,9275.0
,,,,,,,532,9261.0
,,,,,,,533,9580.0
,,,,,,,534,10575.0
,,,,,,,535,12217.0
,,,,,,,536,13246.0
,,,,,,,537,13452.0
,,,,,,,538,13538.0
,,,,,,,539,13627.0
,,,,,,,540,13594.0
,,,,,,,541,13513.0
,,,,,,,542,13479.0
,,,,,,,543,13297.0
,,,,,,,544,13141.0
,,,,,,,545,13163.0
,,,,,,,546,13268.0
,,,,,,,547,13359.0
,,,,,,,548,13951.0
,,,,,,,549,14004.0
,,,,,,,550,13046.0
,,,,,,,551,11702.0
,,,,,,,552,10489.0
,,,,,,,553,9741.0
,,,,,,,554,9354.0
,,,,,,,555,9182.0
,,,,,,,556,9182.0
,,,,,,,557,9488.0
,,,,,,,558,10483.0
,,,,,,,559,12145.0
,,,,,,,560,13257.0
,,,,,,,561,13536.0
,,,,,,,562,13583.0
,,,,,,,563,13647.0
,,,,,,,564,13611.0
,,,,,,,565,13475.0
,,,,,,,566,13413.0
,,,,,,,567,13255.0
,,,,,,,568,13117.0
,,,,,,,569,13150.0
,,,,,,,570,13291.0
,,,,,,,571,13426.0
,,,,,,,572,14026.0
,,,,,,,573,14025.0
,,,,,,,574,13093.0
,,,,,,,575,11784.0
,,,,,,,576,10587.0
,,,,,,,577,9808.0
,,,,,,,578,9399.0
,,,,,,,579,9212.0
,,,,,,,580,9207.0
,,,,,,,581,9493.0
,,,,,,,582,10499.0
,,,,,,,583,12136.0
,,,,,,,584,13192.0
,,,,,,,585,13461.0
,,,,,,,586,13540.0
,,,,,,,587,13586.0
,,,,,,,588,13597.0
,,,,,,,589,13544.0
,,,,,,,590,13530.0
,,,,,,,591,13367.0
,,,,,,,592,13242.0
,,,,,,,593,13282.0
,,,,,,,594,13438.0
,,,,,,,595,13479.0
,,,,,,,596,13967.0
,,,,,,,597,14039.0
,,,,,,,598,13185.0
,,,,,,,599,11917.0
,,,,,,,600,10703.0
,,,,,,,601,9941.0
,,,,,,,602,9561.0
,,,,,,,603,9378.0
,,,,,,,604,9379.0
,,,,,,,605,9671.0
,,,,,,,606,10637.0
,,,,,,,607,12210.0
,,,,,,,608,13232.0
,,,,,,,609,13433.0
,,,,,,,610,13504.0
,,,,,,,611,13567.0
,,,,,,,612,13479.0
,,,,,,,613,13325.0
,,,,,,,614,13237.0
,,,,,,,615,13034.0
,,,,,,,616,12799.0
,,,,,,,617,12697.0
,,,,,,,618,12626.0
,,,,,,,619,12520.0
,,,,,,,620,12946.0
,,,,,,,621,13195.0
,,,,,,,622,12509.0
,,,,,,,623,11485.0
,,,,,,,624,10380.0
,,,,,,,625,9605.0
,,,,,,,626,9153.0
,,,,,,,627,8896.0
,,,,,,,628,8842.0
,,,,,,,629,8941.0
,,,,,,,630,9325.0
,,,,,,,631,9817.0
,,,,,,,632,10702.0
,,,,,,,633,11487.0
,,,,,,,634,11969.0
,,,,,,,635,12159.0
,,,,,,,636,12109.0
,,,,,,,637,11931.0
,,,,,,,638,11711.0
,,,,,,,639,11519.0
,,,,,,,640,11451.0
,,,,,,,641,11497.0
,,,,,,,642,11641.0
,,,,,,,643,11711.0
,,,,,,,644,12162.0
,,,,,,,645,12371.0
,,,,,,,646,11763.0
,,,,,,,647,10854.0
,,,,,,,648,9941.0
,,,,,,,649,9213.0
,,,,,,,650,8755.0
,,,,,,,651,8487.0
,,,,,,,652,8382.0
,,,,,,,653,8402.0
,,,,,,,654,8598.0
,,,,,,,655,8876.0
,,,,,,,656,9539.0
,,,,,,,657,10451.0
,,,,,,,658,11148.0
,,,,,,,659,11515.0
,,,,,,,660,11721.0
,,,,,,,661,11765.0
,,,,,,,662,11678.0
,,,,,,,663,11606.0
,,,,,,,664,11630.0
,,,,,,,665,11818.0
,,,,,,,666,12094.0
,,,,,,,667,12201.0
,,,,,,,668,12644.0
,,,,,,,669,12843.0
,,,,,,,670,12110.0
,,,,,,,671,11088.0
,,,,,,,672,10111.0
,,,,,,,673,9592.0
,,,,,,,674,9129.0
,,,,,,,675,8895.0
,,,,,,,676,8853.0
,,,,,,,677,9095.0
,,,,,,,678,9850.0
,,,,,,,679,11445.0
,,,,,,,680,12808.0
,,,,,,,681,13406.0
,,,,,,,682,13783.0
,,,,,,,683,14092.0
,,,,,,,684,14191.0
,,,,,,,685,14162.0
,,,,,,,686,14114.0
,,,,,,,687,13964.0
,,,,,,,688,13871.0
,,,,,,,689,13951.0
,,,,,,,690,14092.0
,,,,,,,691,13973.0
,,,,,,,692,13808.0
,,,,,,,693,13837.0
,,,,,,,694,13144.0
,,,,,,,695,11806.0
,,,,,,,696,10548.0
,,,,,,,697,9731.0
,,,,,,,698,9291.0
,,,,,,,699,9069.0
,,,,,,,700,9004.0
,,,,,,,701,9225.0
,,,,,,,702,9935.0
,,,,,,,703,11536.0
,,,,,,,704,12867.0
,,,,,,,705,13400.0
,,,,,,,706,13692.0
,,,,,,,707,13935.0
,,,,,,,708,14062.0
,,,,,,,709,14034.0
,,,,,,,710,14036.0
,,,,,,,711,13887.0
,,,,,,,712,13800.0
,,,,,,,713,13840.0
,,,,,,,714,13867.0
,,,,,,,715,13718.0
,,,,,,,716,13673.0
,,,,,,,717,13818.0
,,,,,,,718,13301.0
,,,,,,,719,11973.0
,,,,,,,720,10712.0
,,,,,,,721,9796.0
,,,,,,,722,9311.0
,,,,,,,723,9078.0
,,,,,,,724,8984.0
,,,,,,,725,9224.0
,,,,,,,726,9902.0
,,,,,,,727,11496.0
,,,,,,,728,12830.0
,,,,,,,729,13376.0
,,,,,,,730,13694.0
,,,,,,,731,14001.0
,,,,,,,732,14150.0
,,,,,,,733,14184.0
,,,,,,,734,14235.0
,,,,,,,735,14132.0
,,,,,,,736,14044.0
,,,,,,,737,14041.0
,,,,,,,738,13989.0
,,,,,,,739,13744.0
,,,,,,,740,13635.0
,,,,,,,741,13900.0
,,,,,,,742,13419.0
,,,,,,,743,12027.0
,,,,,,,744,10712.0
,,,,,,,745,9854.0
,,,,,,,746,9354.0
,,,,,,,747,9102.0
,,,,,,,748,9033.0
,,,,,,,749,9256.0
,,,,,,,750,9938.0
,,,,,,,751,11514.0
,,,,,,,752,12792.0
,,,,,,,753,13390.0
,,,,,,,754,13884.0
,,,,,,,755,14304.0
,,,,,,,756,14578.0
,,,,,,,757,14611.0
,,,,,,,758,14707.0
,,,,,,,759,14610.0
,,,,,,,760,14540.0
,,,,,,,761,14501.0
,,,,,,,762,14382.0
,,,,,,,763,14086.0
,,,,,,,764,13931.0
,,,,,,,765,14163.0
,,,,,,,766,13688.0
,,,,,,,767,12334.0
,,,,,,,768,10980.0
,,,,,,,769,10037.0
,,,,,,,770,9545.0
,,,,,,,771,9252.0
,,,,,,,772,9121.0
,,,,,,,773,9331.0
,,,,,,,774,9956.0
,,,,,,,775,11506.0
,,,,,,,776,12907.0
,,,,,,,777,13627.0
,,,,,,,778,14182.0
,,,,,,,779,14686.0
,,,,,,,780,14998.0
,,,,,,,781,15120.0
,,,,,,,782,15311.0
,,,,,,,783,15308.0
,,,,,,,784,15190.0
,,,,,,,785,15089.0
,,,,,,,786,14823.0
,,,,,,,787,14386.0
,,,,,,,788,14106.0
,,,,,,,789,14228.0
,,,,,,,790,13827.0
,,,,,,,791,12656.0
,,,,,,,792,11397.0
,,,,,,,793,10428.0
,,,,,,,794,9804.0
,,,,,,,795,9457.0
,,,,,,,796,9225.0
,,,,,,,797,9182.0
,,,,,,,798,9227.0
,,,,,,,799,9859.0
,,,,,,,800,10932.0
,,,,,,,801,12056.0
,,,,,,,802,12782.0
,,,,,,,803,13187.0
,,,,,,,804,13355.0
,,,,,,,805,13366.0
,,,,,,,806,13271.0
,,,,,,,807,13187.0
,,,,,,,808,13205.0
,,,,,,,809,13346.0
,,,,,,,810,13447.0
,,,,,,,811,13352.0
,,,,,,,812,13201.0
,,,,,,,813,13392.0
,,,,,,,814,13274.0
,,,,,,,815,12352.0
,,,,,,,816,11249.0
,,,,,,,817,10288.0
,,,,,,,818,9688.0
,,,,,,,819,9314.0
,,,,,,,820,9100.0
,,,,,,,821,9000.0
,,,,,,,822,8908.0
,,,,,,,823,9314.0
,,,,,,,824,10258.0
,,,,,,,825,11425.0
,,,,,,,826,12404.0
,,,,,,,827,13069.0
,,,,,,,828,13508.0
,,,,,,,829,13774.0
,,,,,,,830,13847.0
,,,,,,,831,13895.0
,,,,,,,832,13992.0
,,,,,,,833,14180.0
,,,,,,,834,14312.0
,,,,,,,835,14220.0
,,,,,,,836,14020.0
,,,,,,,837,14132.0
,,,,,,,838,13810.0
,,,,,,,839,12489.0
,,,,,,,840,11165.0
,,,,,,,841,10235.0
,,,,,,,842,9697.0
,,,,,,,843,9430.0
,,,,,,,844,9349.0
,,,,,,,845,9557.0
,,,,,,,846,10243.0
,,,,,,,847,11870.0
,,,,,,,848,13336.0
,,,,,,,849,14125.0
,,,,,,,850,14677.0
,,,,,,,851,15106.0
,,,,,,,852,15370.0
,,,,,,,853,15515.0
,,,,,,,854,15656.0
,,,,,,,855,15658.0
,,,,,,,856,15667.0
,,,,,,,857,15684.0
,,,,,,,858,15547.0
,,,,,,,859,15119.0
,,,,,,,860,14771.0
,,,,,,,861,14842.0
,,,,,,,862,14288.0
,,,,,,,863,12797.0
,,,,,,,864,11363.0
,,,,,,,865,10434.0
,,,,,,,866,9866.0
,,,,,,,867,9599.0
,,,,,,,868,9493.0
,,,,,,,869,9726.0
,,,,,,,870,10380.0
,,,,,,,871,12020.0
,,,,,,,872,13464.0
,,,,,,,873,14228.0
,,,,,,,874,14705.0
,,,,,,,875,15110.0
,,,,,,,876,15328.0
,,,,,,,877,15427.0
,,,,,,,878,15608.0
,,,,,,,879,15570.0
,,,,,,,880,15487.0
,,,,,,,881,15454.0
,,,,,,,882,15310.0
,,,,,,,883,15002.0
,,,,,,,884,14807.0
,,,,,,,885,14898.0
,,,,,,,886,14245.0
,,,,,,,887,12839.0
,,,,,,,888,11498.0
,,,,,,,889,10605.0
,,,,,,,890,10097.0
,,,,,,,891,9823.0
,,,,,,,892,9735.0
,,,,,,,893,9928.0
,,,,,,,894,10692.0
,,,,,,,895,12262.0
,,,,,,,896,13731.0
,,,,,,,897,14423.0
,,,,,,,898,14818.0
,,,,,,,899,15123.0
,,,,,,,900,15260.0
,,,,,,,901,15240.0
,,,,,,,902,15271.0
,,,,,,,903,15156.0
,,,,,,,904,15041.0
,,,,,,,905,15071.0
,,,,,,,906,15060.0
,,,,,,,907,14831.0
,,,,,,,908,14603.0
,,,,,,,909,14632.0
,,,,,,,910,14183.0
,,,,,,,911,12825.0
,,,,,,,912,11458.0
,,,,,,,913,10511.0
,,,,,,,914,9958.0
,,,,,,,915,9615.0
,,,,,,,916,9509.0
,,,,,,,917,9689.0
,,,,,,,918,10367.0
,,,,,,,919,11921.0
,,,,,,,920,13358.0
,,,,,,,921,14104.0
,,,,,,,922,14535.0
,,,,,,,923,14885.0
,,,,,,,924,15036.0
,,,,,,,925,15089.0
,,,,,,,926,15207.0
,,,,,,,927,15245.0
,,,,,,,928,15260.0
,,,,,,,929,15282.0
,,,,,,,930,15167.0
,,,,,,,931,14812.0
,,,,,,,932,14475.0
,,,,,,,933,14512.0
,,,,,,,934,14208.0
,,,,,,,935,12823.0
,,,,,,,936,11406.0
,,,,,,,937,10407.0
,,,,,,,938,9782.0
,,,,,,,939,9451.0
,,,,,,,940,9331.0
,,,,,,,941,9487.0
,,,,,,,942,10030.0
,,,,,,,943,11540.0
,,,,,,,944,13001.0
,,,,,,,945,13889.0
,,,,,,,946,14470.0
,,,,,,,947,14907.0
,,,,,,,948,15116.0
,,,,,,,949,15179.0
,,,,,,,950,15303.0
,,,,,,,951,15303.0
,,,,,,,952,15266.0
,,,,,,,953,15230.0
,,,,,,,954,15009.0
,,,,,,,955,14543.0
,,,,,,,956,14102.0
,,,,,,,957,14025.0
,,,,,,,958,13765.0
,,,,,,,959,12591.0
,,,,,,,960,11295.0
,,,,,,,961,10281.0
,,,,,,,962,9671.0
,,,,,,,963,9328.0
,,,,,,,964,9138.0
,,,,,,,965,9093.0
,,,,,,,966,9104.0
,,,,,,,967,9733.0
,,,,,,,968,10825.0
,,,,,,,969,11994.0
,,,,,,,970,12789.0
,,,,,,,971,13216.0
,,,,,,,972,13370.0
,,,,,,,973,13368.0
,,,,,,,974,13247.0
,,,,,,,975,13137.0
,,,,,,,976,13109.0
,,,,,,,977,13150.0
,,,,,,,978,13182.0
,,,,,,,979,13020.0
,,,,,,,980,12776.0
,,,,,,,981,12870.0
,,,,,,,982,12730.0
,,,,,,,983,11825.0
,,,,,,,984,10722.0
,,,,,,,985,9857.0
,,,,,,,986,9314.0
,,,,,,,987,8990.0
,,,,,,,988,8799.0
,,,,,,,989,8760.0
,,,,,,,990,8690.0
,,,,,,,991,9024.0
,,,,,,,992,9836.0
,,,,,,,993,10869.0
,,,,,,,994,11659.0
,,,,,,,995,12142.0
,,,,,,,996,12419.0
,,,,,,,997,12536.0
,,,,,,,998,12472.0
,,,,,,,999,12433.0
,,,,,,,1000,12472.0
,,,,,,,1001,12619.0
,,,,,,,1002,12772.0
,,,,,,,1003,12740.0
,,,,,,,1004,12639.0
,,,,,,,1005,12894.0
,,,,,,,1006,12734.0
,,,,,,,1007,11634.0
,,,,,,,1008,10455.0
,,,,,,,1009,12933.0
,,,,,,,1010,12055.0
,,,,,,,1011,11500.0
,,,,,,,1012,11189.0
,,,,,,,1013,11220.0
,,,,,,,1014,11625.0
,,,,,,,1015,12941.0
,,,,,,,1016,14528.0
,,,,,,,1017,15631.0
,,,,,,,1018,16509.0
,,,,,,,1019,17208.0
,,,,,,,1020,17677.0
,,,,,,,1021,18014.0
,,,,,,,1022,18377.0
,,,,,,,1023,18592.0
,,,,,,,1024,18724.0
,,,,,,,1025,18844.0
,,,,,,,1026,18774.0
,,,,,,,1027,18258.0
,,,,,,,1028,17558.0
,,,,,,,1029,17179.0
,,,,,,,1030,16567.0
,,,,,,,1031,14944.0
,,,,,,,1032,13291.0
,,,,,,,1033,12088.0
,,,,,,,1034,11332.0
,,,,,,,1035,10850.0
,,,,,,,1036,10627.0
,,,,,,,1037,10693.0
,,,,,,,1038,11095.0
,,,,,,,1039,12417.0
,,,,,,,1040,13994.0
,,,,,,,1041,15112.0
,,,,,,,1042,15980.0
,,,,,,,1043,16735.0
,,,,,,,1044,17238.0
,,,,,,,1045,17598.0
,,,,,,,1046,18027.0
,,,,,,,1047,18362.0
,,,,,,,1048,18608.0
,,,,,,,1049,18769.0
,,,,,,,1050,18682.0
,,,,,,,1051,18223.0
,,,,,,,1052,17555.0
,,,,,,,1053,17270.0
,,,,,,,1054,16791.0
,,,,,,,1055,15216.0
,,,,,,,1056,13614.0
,,,,,,,1057,12433.0
,,,,,,,1058,11685.0
,,,,,,,1059,11231.0
,,,,,,,1060,11022.0
,,,,,,,1061,11110.0
,,,,,,,1062,11577.0
,,,,,,,1063,12908.0
,,,,,,,1064,14532.0
,,,,,,,1065,15762.0
,,,,,,,1066,16731.0
,,,,,,,1067,17590.0
,,,,,,,1068,18283.0
,,,,,,,1069,18753.0
,,,,,,,1070,19139.0
,,,,,,,1071,19340.0
,,,,,,,1072,19481.0
,,,,,,,1073,19649.0
,,,,,,,1074,19605.0
,,,,,,,1075,19123.0
,,,,,,,1076,18397.0
,,,,,,,1077,18042.0
,,,,,,,1078,17532.0
,,,,,,,1079,15923.0
,,,,,,,1080,14231.0
,,,,,,,1081,12998.0
,,,,,,,1082,12194.0
,,,,,,,1083,11656.0
,,,,,,,1084,11376.0
,,,,,,,1085,11435.0
,,,,,,,1086,11903.0
,,,,,,,1087,13313.0
,,,,,,,1088,14984.0
,,,,,,,1089,16284.0
,,,,,,,1090,17371.0
,,,,,,,1091,18441.0
,,,,,,,1092,19279.0
,,,,,,,1093,19726.0
,,,,,,,1094,20213.0
,,,,,,,1095,20545.0
,,,,,,,1096,20756.0
,,,,,,,1097,20906.0
,,,,,,,1098,20735.0
,,,,,,,1099,20152.0
,,,,,,,1100,19267.0
,,,,,,,1101,18845.0
,,,,,,,1102,18183.0
,,,,,,,1103,16490.0
,,,,,,,1104,14749.0
,,,,,,,1105,13404.0
,,,,,,,1106,12543.0
,,,,,,,1107,12016.0
,,,,,,,1108,11726.0
,,,,,,,1109,11784.0
,,,,,,,1110,12260.0
,,,,,,,1111,13580.0
,,,,,,,1112,15318.0
,,,,,,,1113,16724.0
,,,,,,,1114,17948.0
,,,,,,,1115,19040.0
,,,,,,,1116,19903.0
,,,,,,,1117,20533.0
,,,,,,,1118,21043.0
,,,,,,,1119,21224.0
,,,,,,,1120,21192.0
,,,,,,,1121,21053.0
,,,,,,,1122,20582.0
,,,,,,,1123,19738.0
,,,,,,,1124,18919.0
,,,,,,,1125,18609.0
,,,,,,,1126,18020.0
,,,,,,,1127,16521.0
,,,,,,,1128,14943.0
,,,,,,,1129,13710.0
,,,,,,,1130,12929.0
,,,,,,,1131,12414.0
,,,,,,,1132,12109.0
,,,,,,,1133,12021.0
,,,,,,,1134,12166.0
,,,,,,,1135,12668.0
,,,,,,,1136,13662.0
,,,,,,,1137,15004.0
,,,,,,,1138,16206.0
,,,,,,,1139,17101.0
,,,,,,,1140,17831.0
,,,,,,,1141,18393.0
,,,,,,,1142,18856.0
,,,,,,,1143,19304.0
,,,,,,,1144,19659.0
,,,,,,,1145,19896.0
,,,,,,,1146,19920.0
,,,,,,,1147,19539.0
,,,,,,,1148,18848.0
,,,,,,,1149,18530.0
,,,,,,,1150,18079.0
,,,,,,,1151,16721.0
,,,,,,,1152,15202.0
,,,,,,,1153,13940.0
,,,,,,,1154,13049.0
,,,,,,,1155,12439.0
,,,,,,,1156,12038.0
,,,,,,,1157,11812.0
,,,,,,,1158,11637.0
,,,,,,,1159,11968.0
,,,,,,,1160,13083.0
,,,,,,,1161,14623.0
,,,,,,,1162,16125.0
,,,,,,,1163,17454.0
,,,,,,,1164,18526.0
,,,,,,,1165,19139.0
,,,,,,,1166,19257.0
,,,,,,,1167,19268.0
,,,,,,,1168,19296.0
,,,,,,,1169,19332.0
,,,,,,,1170,19322.0
,,,,,,,1171,19009.0
,,,,,,,1172,18736.0
,,,,,,,1173,18799.0
,,,,,,,1174,18119.0
,,,,,,,1175,16702.0
,,,,,,,1176,15231.0
,,,,,,,1177,14170.0
,,,,,,,1178,13491.0
,,,,,,,1179,13056.0
,,,,,,,1180,12827.0
,,,,,,,1181,12915.0
,,,,,,,1182,13504.0
,,,,,,,1183,14917.0
,,,,,,,1184,16790.0
,,,,,,,1185,18245.0
,,,,,,,1186,19414.0
,,,,,,,1187,20442.0
,,,,,,,1188,21270.0
,,,,,,,1189,21907.0
,,,,,,,1190,22457.0
,,,,,,,1191,22574.0
,,,,,,,1192,22619.0
,,,,,,,1193,22576.0
,,,,,,,1194,22409.0
,,,,,,,1195,21887.0
,,,,,,,1196,21200.0
,,,,,,,1197,20931.0
,,,,,,,1198,20099.0
,,,,,,,1199,18179.0
,,,,,,,1200,16280.0
,,,,,,,1201,14935.0
,,,,,,,1202,14062.0
,,,,,,,1203,13498.0
,,,,,,,1204,13146.0
,,,,,,,1205,13178.0
,,,,,,,1206,13712.0
,,,,,,,1207,15192.0
,,,,,,,1208,17114.0
,,,,,,,1209,18656.0
,,,,,,,1210,20020.0
,,,,,,,1211,21201.0
,,,,,,,1212,22009.0
,,,,,,,1213,22567.0
,,,,,,,1214,23070.0
,,,,,,,1215,23388.0
,,,,,,,1216,23629.0
,,,,,,,1217,23770.0
,,,,,,,1218,23575.0
,,,,,,,1219,23034.0
,,,,,,,1220,22325.0
,,,,,,,1221,21921.0
,,,,,,,1222,21122.0
,,,,,,,1223,19311.0
,,,,,,,1224,17514.0
,,,,,,,1225,16250.0
,,,,,,,1226,15465.0
,,,,,,,1227,14968.0
,,,,,,,1228,14669.0
,,,,,,,1229,14653.0
,,,,,,,1230,15166.0
,,,,,,,1231,16509.0
,,,,,,,1232,18482.0
,,,,,,,1233,19867.0
,,,,,,,1234,20982.0
,,,,,,,1235,22131.0
,,,,,,,1236,23007.0
,,,,,,,1237,23558.0
,,,,,,,1238,23575.0
,,,,,,,1239,23022.0
,,,,,,,1240,21947.0
,,,,,,,1241,21132.0
,,,,,,,1242,20783.0
,,,,,,,1243,20254.0
,,,,,,,1244,19748.0
,,,,,,,1245,19598.0
,,,,,,,1246,18960.0
,,,,,,,1247,17351.0
,,,,,,,1248,15670.0
,,,,,,,1249,14379.0
,,,,,,,1250,13452.0
,,,,,,,1251,12861.0
,,,,,,,1252,12500.0
,,,,,,,1253,12479.0
,,,,,,,1254,12920.0
,,,,,,,1255,13992.0
,,,,,,,1256,15296.0
,,,,,,,1257,16055.0
,,,,,,,1258,16582.0
,,,,,,,1259,17096.0
,,,,,,,1260,17452.0
,,,,,,,1261,17668.0
,,,,,,,1262,17979.0
,,,,,,,1263,18090.0
,,,,,,,1264,18229.0
,,,,,,,1265,18373.0
,,,,,,,1266,18322.0
,,,,,,,1267,17795.0
,,,,,,,1268,17159.0
,,,,,,,1269,17055.0
,,,,,,,1270,16463.0
,,,,,,,1271,15028.0
,,,,,,,1272,13517.0
,,,,,,,1273,12384.0
,,,,,,,1274,11725.0
,,,,,,,1275,11307.0
,,,,,,,1276,11118.0
,,,,,,,1277,11231.0
,,,,,,,1278,11798.0
,,,,,,,1279,12933.0
,,,,,,,1280,14273.0
,,,,,,,1281,15155.0
,,,,,,,1282,15614.0
,,,,,,,1283,15917.0
,,,,,,,1284,15969.0
,,,,,,,1285,15892.0
,,,,,,,1286,15875.0
,,,,,,,1287,15719.0
,,,,,,,1288,15491.0
,,,,,,,1289,15368.0
,,,,,,,1290,15206.0
,,,,,,,1291,14837.0
,,,,,,,1292,14531.0
,,,,,,,1293,14655.0
,,,,,,,1294,14290.0
,,,,,,,1295,13182.0
,,,,,,,1296,11938.0
,,,,,,,1297,10962.0
,,,,,,,1298,10327.0
,,,,,,,1299,9939.0
,,,,,,,1300,9725.0
,,,,,,,1301,9693.0
,,,,,,,1302,9766.0
,,,,,,,1303,10261.0
,,,,,,,1304,11289.0
,,,,,,,1305,12518.0
,,,,,,,1306,13453.0
,,,,,,,1307,14046.0
,,,,,,,1308,14391.0
,,,,,,,1309,14566.0
,,,,,,,1310,14653.0
,,,,,,,1311,14734.0
,,,,,,,1312,14856.0
,,,,,,,1313,15047.0
,,,,,,,1314,15139.0
,,,,,,,1315,14949.0
,,,,,,,1316,14486.0
,,,,,,,1317,14436.0
,,,,,,,1318,14121.0
,,,,,,,1319,13100.0
,,,,,,,1320,11970.0
,,,,,,,1321,11008.0
,,,,,,,1322,10390.0
,,,,,,,1323,10000.0
,,,,,,,1324,9758.0
,,,,,,,1325,9662.0
,,,,,,,1326,9567.0
,,,,,,,1327,9859.0
,,,,,,,1328,10742.0
,,,,,,,1329,11949.0
,,,,,,,1330,13044.0
,,,,,,,1331,13944.0
,,,,,,,1332,14673.0
,,,,,,,1333,15190.0
,,,,,,,1334,15488.0
,,,,,,,1335,15763.0
,,,,,,,1336,16042.0
,,,,,,,1337,16412.0
,,,,,,,1338,16643.0
,,,,,,,1339,16465.0
,,,,,,,1340,16024.0
,,,,,,,1341,16034.0
,,,,,,,1342,15632.0
,,,,,,,1343,14413.0
,,,,,,,1344,13088.0
,,,,,,,1345,10794.0
,,,,,,,1346,10419.0
,,,,,,,1347,10263.0
,,,,,,,1348,10270.0
,,,,,,,1349,10649.0
,,,,,,,1350,11731.0
,,,,,,,1351,13637.0
,,,,,,,1352,14600.0
,,,,,,,1353,14683.0
,,,,,,,1354,14708.0
,,,,,,,1355,14688.0
,,,,,,,1356,14603.0
,,,,,,,1357,14485.0
,,,,,,,1358,14379.0
,,,,,,,1359,14232.0
,,,,,,,1360,14385.0
,,,,,,,1361,15570.0
,,,,,,,1362,16741.0
,,,,,,,1363,16720.0
,,,,,,,1364,16363.0
,,,,,,,1365,15719.0
,,,,,,,1366,14657.0
,,,,,,,1367,13262.0
,,,,,,,1368,12008.0
,,,,,,,1369,11232.0
,,,,,,,1370,10825.0
,,,,,,,1371,10632.0
,,,,,,,1372,10622.0
,,,,,,,1373,10948.0
,,,,,,,1374,11984.0
,,,,,,,1375,13879.0
,,,,,,,1376,14890.0
,,,,,,,1377,15134.0
,,,,,,,1378,15241.0
,,,,,,,1379,15360.0
,,,,,,,1380,15407.0
,,,,,,,1381,15385.0
,,,,,,,1382,15372.0
,,,,,,,1383,15285.0
,,,,,,,1384,15482.0
,,,,,,,1385,16544.0
,,,,,,,1386,17247.0
,,,,,,,1387,17114.0
,,,,,,,1388,16657.0
,,,,,,,1389,15936.0
,,,,,,,1390,14783.0
,,,,,,,1391,13342.0
,,,,,,,1392,12052.0
,,,,,,,1393,11212.0
,,,,,,,1394,10765.0
,,,,,,,1395,10582.0
,,,,,,,1396,10580.0
,,,,,,,1397,10913.0
,,,,,,,1398,11967.0
,,,,,,,1399,13892.0
,,,,,,,1400,14909.0
,,,,,,,1401,15021.0
,,,,,,,1402,15047.0
,,,,,,,1403,15090.0
,,,,,,,1404,14972.0
,,,,,,,1405,14789.0
,,,,,,,1406,14745.0
,,,,,,,1407,14707.0
,,,,,,,1408,14923.0
,,,,,,,1409,16090.0
,,,,,,,1410,17024.0
,,,,,,,1411,16929.0
,,,,,,,1412,16555.0
,,,,,,,1413,15960.0
,,,,,,,1414,14943.0
,,,,,,,1415,13555.0
,,,,,,,1416,12286.0
,,,,,,,1417,11467.0
,,,,,,,1418,11058.0
,,,,,,,1419,10887.0
,,,,,,,1420,10887.0
,,,,,,,1421,11199.0
,,,,,,,1422,12282.0
,,,,,,,1423,14219.0
,,,,,,,1424,15127.0
,,,,,,,1425,15125.0
,,,,,,,1426,15018.0
,,,,,,,1427,14964.0
,,,,,,,1428,14852.0
,,,,,,,1429,14629.0
,,,,,,,1430,14554.0
,,,,,,,1431,14425.0
,,,,,,,1432,14595.0
,,,,,,,1433,15719.0
,,,,,,,1434,16734.0
,,,,,,,1435,16799.0
,,,,,,,1436,16469.0
,,,,,,,1437,15825.0
,,,,,,,1438,14781.0
,,,,,,,1439,13370.0
,,,,,,,1440,12072.0
,,,,,,,1441,11235.0
,,,,,,,1442,10810.0
,,,,,,,1443,10602.0
,,,,,,,1444,10616.0
,,,,,,,1445,10957.0
,,,,,,,1446,12045.0
,,,,,,,1447,13944.0
,,,,,,,1448,14911.0
,,,,,,,1449,15150.0
,,,,,,,1450,15217.0
,,,,,,,1451,15164.0
,,,,,,,1452,15046.0
,,,,,,,1453,14900.0
,,,,,,,1454,14858.0
,,,,,,,1455,14810.0
,,,,,,,1456,15038.0
,,,,,,,1457,16197.0
,,,,,,,1458,16809.0
,,,,,,,1459,16546.0
,,,,,,,1460,16123.0
,,,,,,,1461,15589.0
,,,,,,,1462,14777.0
,,,,,,,1463,13634.0
,,,,,,,1464,12447.0
,,,,,,,1465,11548.0
,,,,,,,1466,11024.0
,,,,,,,1467,10774.0
,,,,,,,1468,10690.0
,,,,,,,1469,10789.0
,,,,,,,1470,11193.0
,,,,,,,1471,12012.0
,,,,,,,1472,12926.0
,,,,,,,1473,13927.0
,,,,,,,1474,14585.0
,,,,,,,1475,14890.0
,,,,,,,1476,14924.0
,,,,,,,1477,14859.0
,,,,,,,1478,14716.0
,,,,,,,1479,14618.0
,,,,,,,1480,14799.0
,,,,,,,1481,15789.0
,,,,,,,1482,16218.0
,,,,,,,1483,15952.0
,,,,,,,1484,15432.0
,,,,,,,1485,14901.0
,,,,,,,1486,14169.0
,,,,,,,1487,13158.0
,,,,,,,1488,12047.0
,,,,,,,1489,11184.0
,,,,,,,1490,10643.0
,,,,,,,1491,10321.0
,,,,,,,1492,10174.0
,,,,,,,1493,10187.0
,,,,,,,1494,10433.0
,,,,,,,1495,10959.0
,,,,,,,1496,11635.0
,,,,,,,1497,12549.0
,,,,,,,1498,13218.0
,,,,,,,1499,13520.0
,,,,,,,1500,13618.0
,,,,,,,1501,13627.0
,,,,,,,1502,13477.0
,,,,,,,1503,13343.0
,,,,,,,1504,13536.0
,,,,,,,1505,14864.0
,,,,,,,1506,15679.0
,,,,,,,1507,15500.0
,,,,,,,1508,15063.0
,,,,,,,1509,14410.0
,,,,,,,1510,13363.0
,,,,,,,1511,12071.0
,,,,,,,1512,10880.0
,,,,,,,1513,10088.0
,,,,,,,1514,9663.0
,,,,,,,1515,9444.0
,,,,,,,1516,9465.0
,,,,,,,1517,9823.0
,,,,,,,1518,10913.0
,,,,,,,1519,12855.0
,,,,,,,1520,13782.0
,,,,,,,1521,13900.0
,,,,,,,1522,13961.0
,,,,,,,1523,14012.0
,,,,,,,1524,13948.0
,,,,,,,1525,13847.0
,,,,,,,1526,13773.0
,,,,,,,1527,13662.0
,,,,,,,1528,13777.0
,,,,,,,1529,15012.0
,,,,,,,1530,16180.0
,,,,,,,1531,16118.0
,,,,,,,1532,15740.0
,,,,,,,1533,15113.0
,,,,,,,1534,14070.0
,,,,,,,1535,12668.0
,,,,,,,1536,11400.0
,,,,,,,1537,10537.0
,,,,,,,1538,10116.0
,,,,,,,1539,9950.0
,,,,,,,1540,9933.0
,,,,,,,1541,10280.0
,,,,,,,1542,11364.0
,,,,,,,1543,13277.0
,,,,,,,1544,14318.0
,,,,,,,1545,14543.0
,,,,,,,1546,14663.0
,,,,,,,1547,14745.0
,,,,,,,1548,14741.0
,,,,,,,1549,14660.0
,,,,,,,1550,14590.0
,,,,,,,1551,14462.0
,,,,,,,1552,14591.0
,,,,,,,1553,15718.0
,,,,,,,1554,16486.0
,,,,,,,1555,16324.0
,,,,,,,1556,15830.0
,,,,,,,1557,15131.0
,,,,,,,1558,14025.0
,,,,,,,1559,12490.0
,,,,,,,1560,11127.0
,,,,,,,1561,10263.0
,,,,,,,1562,9781.0
,,,,,,,1563,9493.0
,,,,,,,1564,9425.0
,,,,,,,1565,9701.0
,,,,,,,1566,10706.0
,,,,,,,1567,12607.0
,,,,,,,1568,13597.0
,,,,,,,1569,13756.0
,,,,,,,1570,13805.0
,,,,,,,1571,13863.0
,,,,,,,1572,13855.0
,,,,,,,1573,13803.0
,,,,,,,1574,13835.0
,,,,,,,1575,13810.0
,,,,,,,1576,14041.0
,,,,,,,1577,15387.0
,,,,,,,1578,16469.0
,,,,,,,1579,16470.0
,,,,,,,1580,16155.0
,,,,,,,1581,15607.0
,,,,,,,1582,14585.0
,,,,,,,1583,13196.0
,,,,,,,1584,11908.0
,,,,,,,1585,11123.0
,,,,,,,1586,10740.0
,,,,,,,1587,10575.0
,,,,,,,1588,10590.0
,,,,,,,1589,10976.0
,,,,,,,1590,12131.0
,,,,,,,1591,14121.0
,,,,,,,1592,15063.0
,,,,,,,1593,15116.0
,,,,,,,1594,15071.0
,,,,,,,1595,15001.0
,,,,,,,1596,14818.0
,,,,,,,1597,14612.0
,,,,,,,1598,14498.0
,,,,,,,1599,14394.0
,,,,,,,1600,14591.0
,,,,,,,1601,16010.0
,,,,,,,1602,17104.0
,,,,,,,1603,17109.0
,,,,,,,1604,16821.0
,,,,,,,1605,16280.0
,,,,,,,1606,15292.0
,,,,,,,1607,13867.0
,,,,,,,1608,12511.0
,,,,,,,1609,11646.0
,,,,,,,1610,11212.0
,,,,,,,1611,10989.0
,,,,,,,1612,10970.0
,,,,,,,1613,11286.0
,,,,,,,1614,12318.0
,,,,,,,1615,14205.0
,,,,,,,1616,15197.0
,,,,,,,1617,15360.0
,,,,,,,1618,15329.0
,,,,,,,1619,15288.0
,,,,,,,1620,15109.0
,,,,,,,1621,14881.0
,,,,,,,1622,14832.0
,,,,,,,1623,14757.0
,,,,,,,1624,14915.0
,,,,,,,1625,16028.0
,,,,,,,1626,16478.0
,,,,,,,1627,16185.0
,,,,,,,1628,15663.0
,,,,,,,1629,15059.0
,,,,,,,1630,14223.0
,,,,,,,1631,13034.0
,,,,,,,1632,11743.0
,,,,,,,1633,10793.0
,,,,,,,1634,10237.0
,,,,,,,1635,9915.0
,,,,,,,1636,9802.0
,,,,,,,1637,9878.0
,,,,,,,1638,10270.0
,,,,,,,1639,11025.0
,,,,,,,1640,11940.0
,,,,,,,1641,12944.0
,,,,,,,1642,13619.0
,,,,,,,1643,13944.0
,,,,,,,1644,13965.0
,,,,,,,1645,13818.0
,,,,,,,1646,13618.0
,,,,,,,1647,13527.0
,,,,,,,1648,13688.0
,,,,,,,1649,14738.0
,,,,,,,1650,15300.0
,,,,,,,1651,15017.0
,,,,,,,1652,14525.0
,,,,,,,1653,14032.0
,,,,,,,1654,13343.0
,,,,,,,1655,12390.0
,,,,,,,1656,11284.0
,,,,,,,1657,10417.0
,,,,,,,1658,9859.0
,,,,,,,1659,9566.0
,,,,,,,1660,9435.0
,,,,,,,1661,9511.0
,,,,,,,1662,9789.0
,,,,,,,1663,10353.0
,,,,,,,1664,10947.0
,,,,,,,1665,11844.0
,,,,,,,1666,12533.0
,,,,,,,1667,12895.0
,,,,,,,1668,13092.0
,,,,,,,1669,13164.0
,,,,,,,1670,13092.0
,,,,,,,1671,13020.0
,,,,,,,1672,13370.0
,,,,,,,1673,14933.0
,,,,,,,1674,15821.0
,,,,,,,1675,15733.0
,,,,,,,1676,15367.0
,,,,,,,1677,14769.0
,,,,,,,1678,13783.0
,,,,,,,1679,12469.0
,,,,,,,1680,11224.0
,,,,,,,1681,11332.0
,,,,,,,1682,10773.0
,,,,,,,1683,10565.0
,,,,,,,1684,10539.0
,,,,,,,1685,10889.0
,,,,,,,1686,11913.0
,,,,,,,1687,13775.0
,,,,,,,1688,15063.0
,,,,,,,1689,15454.0
,,,,,,,1690,15606.0
,,,,,,,1691,15761.0
,,,,,,,1692,15785.0
,,,,,,,1693,15686.0
,,,,,,,1694,15624.0
,,,,,,,1695,15514.0
,,,,,,,1696,15723.0
,,,,,,,1697,16900.0
,,,,,,,1698,17573.0
,,,,,,,1699,17399.0
,,,,,,,1700,16961.0
,,,,,,,1701,16292.0
,,,,,,,1702,15159.0
,,,,,,,1703,13623.0
,,,,,,,1704,12159.0
,,,,,,,1705,11157.0
,,,,,,,1706,10663.0
,,,,,,,1707,10390.0
,,,,,,,1708,10337.0
,,,,,,,1709,10602.0
,,,,,,,1710,11598.0
,,,,,,,1711,13454.0
,,,,,,,1712,14644.0
,,,,,,,1713,14837.0
,,,,,,,1714,14905.0
,,,,,,,1715,14994.0
,,,,,,,1716,14967.0
,,,,,,,1717,14809.0
,,,,,,,1718,14740.0
,,,,,,,1719,14628.0
,,,,,,,1720,14807.0
,,,,,,,1721,15955.0
,,,,,,,1722,16800.0
,,,,,,,1723,16691.0
,,,,,,,1724,16309.0
,,,,,,,1725,15693.0
,,,,,,,1726,14657.0
,,,,,,,1727,13209.0
,,,,,,,1728,11784.0
,,,,,,,1729,10765.0
,,,,,,,1730,10258.0
,,,,,,,1731,10047.0
,,,,,,,1732,10045.0
,,,,,,,1733,10387.0
,,,,,,,1734,11432.0
,,,,,,,1735,13360.0
,,,,,,,1736,14487.0
,,,,,,,1737,14648.0
,,,,,,,1738,14674.0
,,,,,,,1739,14681.0
,,,,,,,1740,14607.0
,,,,,,,1741,14474.0
,,,,,,,1742,14490.0
,,,,,,,1743,14477.0
,,,,,,,1744,14676.0
,,,,,,,1745,15942.0
,,,,,,,1746,16956.0
,,,,,,,1747,16901.0
,,,,,,,1748,16554.0
,,,,,,,1749,16012.0
,,,,,,,1750,15033.0
,,,,,,,1751,13585.0
,,,,,,,1752,12125.0
,,,,,,,1753,11161.0
,,,,,,,1754,10630.0
,,,,,,,1755,10406.0
,,,,,,,1756,10407.0
,,,,,,,1757,10756.0
,,,,,,,1758,11852.0
,,,,,,,1759,13811.0
,,,,,,,1760,14821.0
,,,,,,,1761,14963.0
,,,,,,,1762,14911.0
,,,,,,,1763,14823.0
,,,,,,,1764,14669.0
,,,,,,,1765,14452.0
,,,,,,,1766,14423.0
,,,,,,,1767,14473.0
,,,,,,,1768,14794.0
,,,,,,,1769,16028.0
,,,,,,,1770,16906.0
,,,,,,,1771,16806.0
,,,,,,,1772,16485.0
,,,,,,,1773,16019.0
,,,,,,,1774,15060.0
,,,,,,,1775,13617.0
,,,,,,,1776,12208.0
,,,,,,,1777,11211.0
,,,,,,,1778,10645.0
,,,,,,,1779,10372.0
,,,,,,,1780,10369.0
,,,,,,,1781,10626.0
,,,,,,,1782,11569.0
,,,,,,,1783,13324.0
,,,,,,,1784,14603.0
,,,,,,,1785,15030.0
,,,,,,,1786,15240.0
,,,,,,,1787,15320.0
,,,,,,,1788,15260.0
,,,,,,,1789,14981.0
,,,,,,,1790,14767.0
,,,,,,,1791,14475.0
,,,,,,,1792,14400.0
,,,,,,,1793,15441.0
,,,,,,,1794,16204.0
,,,,,,,1795,15949.0
,,,,,,,1796,15503.0
,,,,,,,1797,14972.0
,,,,,,,1798,14225.0
,,,,,,,1799,13129.0
,,,,,,,1800,11864.0
,,,,,,,1801,10933.0
,,,,,,,1802,10376.0
,,,,,,,1803,10069.0
,,,,,,,1804,9983.0
,,,,,,,1805,10079.0
,,,,,,,1806,10432.0
,,,,,,,1807,11209.0
,,,,,,,1808,12094.0
,,,,,,,1809,13100.0
,,,,,,,1810,13761.0
,,,,,,,1811,13977.0
,,,,,,,1812,14028.0
,,,,,,,1813,13932.0
,,,,,,,1814,13823.0
,,,,,,,1815,13805.0
,,,,,,,1816,14041.0
,,,,,,,1817,15272.0
,,,,,,,1818,16250.0
,,,,,,,1819,16202.0
,,,,,,,1820,15860.0
,,,,,,,1821,15449.0
,,,,,,,1822,14849.0
,,,,,,,1823,13865.0
,,,,,,,1824,12697.0
,,,,,,,1825,11735.0
,,,,,,,1826,11122.0
,,,,,,,1827,10797.0
,,,,,,,1828,10645.0
,,,,,,,1829,10672.0
,,,,,,,1830,10962.0
,,,,,,,1831,11551.0
,,,,,,,1832,12188.0
,,,,,,,1833,13020.0
,,,,,,,1834,13565.0
,,,,,,,1835,13748.0
,,,,,,,1836,13867.0
,,,,,,,1837,13911.0
,,,,,,,1838,13818.0
,,,,,,,1839,13710.0
,,,,,,,1840,13796.0
,,,,,,,1841,15038.0
,,,,,,,1842,16088.0
,,,,,,,1843,16076.0
,,,,,,,1844,15782.0
,,,,,,,1845,15392.0
,,,,,,,1846,14663.0
,,,,,,,1847,13620.0
,,,,,,,1848,12388.0
