Resource,natural_gas_combined_cycle,solar_pv,onshore_wind,battery
Zone,1,1,1,1
t1,0.0,0.0,0.0,31447.711715276986
t2,0.0,0.0,0.0,31447.711715276986
t3,0.0,0.0,0.0,31447.711715276986
t4,0.0,0.0,0.0,31447.711715276986
t5,0.0,0.0,0.0,31447.711715276986
t6,0.0,0.0,0.0,25340.64824451328
t7,0.0,0.0,0.0,27879.694947407163
t8,0.0,0.0,0.0,31447.711715276986
t9,0.0,0.0,0.0,31447.711715276986
t10,0.0,0.0,0.0,27580.292208891347
t11,0.0,0.0,0.0,26585.870423550426
t12,0.0,0.0,0.0,27141.226228403208
t13,0.0,0.0,0.0,27072.237543647254
t14,0.0,0.0,0.0,26630.550996776194
t15,0.0,0.0,0.0,26654.483282441997
t16,0.0,0.0,0.0,25445.39760039657
t17,0.0,0.0,0.0,15410.60178840463
t18,0.0,0.0,0.0,14420.218264209076
t19,0.0,0.0,0.0,23580.365452750604
t20,0.0,0.0,0.0,21180.595537350175
t21,0.0,0.0,0.0,31447.711715276986
t22,0.0,0.0,0.0,31447.711715276986
t23,0.0,0.0,0.0,31447.711715276986
t24,0.0,0.0,0.0,29363.430819235702
t25,0.0,0.0,0.0,31447.711715276986
t26,0.0,0.0,0.0,31447.711715276986
t27,0.0,0.0,0.0,20052.67869242863
t28,0.0,0.0,0.0,31447.711715276986
t29,0.0,0.0,0.0,31447.711715276986
t30,0.0,0.0,0.0,28405.53206272058
t31,0.0,0.0,0.0,31447.711715276986
t32,0.0,0.0,0.0,31180.773998833472
t33,0.0,0.0,0.0,17096.287735932812
t34,0.0,0.0,0.0,21816.954029456454
t35,0.0,0.0,0.0,31447.711715276986
t36,0.0,0.0,0.0,31447.711715276986
t37,0.0,0.0,0.0,31447.711715276986
t38,0.0,0.0,0.0,31447.711715276986
t39,0.0,0.0,0.0,31447.711715276986
t40,0.0,0.0,0.0,31447.711715276986
t41,0.0,0.0,0.0,31447.711715276986
t42,0.0,0.0,0.0,31447.711715276986
t43,0.0,0.0,0.0,31447.711715276986
t44,0.0,0.0,0.0,13829.353947583912
t45,0.0,0.0,0.0,19036.222207455005
t46,0.0,0.0,0.0,27775.626898271355
t47,0.0,0.0,0.0,31447.711715276986
t48,0.0,0.0,0.0,21961.83678316286
t49,0.0,0.0,0.0,31447.711715276986
t50,0.0,0.0,0.0,31447.711715276986
t51,0.0,0.0,0.0,18881.746317142588
t52,0.0,0.0,0.0,22338.73107055409
t53,0.0,0.0,0.0,26134.882633817924
t54,0.0,0.0,0.0,30929.07264766412
t55,0.0,0.0,0.0,23214.46906413017
t56,0.0,0.0,0.0,16054.442394500402
t57,0.0,0.0,0.0,15343.414735349688
t58,0.0,0.0,0.0,22037.488175157174
t59,0.0,0.0,0.0,30344.53281602798
t60,0.0,0.0,0.0,31447.711715276986
t61,0.0,0.0,0.0,31447.711715276986
t62,0.0,0.0,0.0,31447.711715276986
t63,0.0,0.0,0.0,31447.711715276986
t64,0.0,0.0,0.0,31447.711715276986
t65,0.0,0.0,0.0,13252.651656994736
t66,0.0,0.0,0.0,17714.850415574485
t67,0.0,0.0,0.0,24598.263532102577
t68,0.0,0.0,0.0,16711.829363160978
t69,0.0,0.0,0.0,23671.576864002618
t70,0.0,0.0,0.0,31447.711715276986
t71,0.0,0.0,0.0,31447.711715276986
t72,0.0,0.0,0.0,31447.711715276986
t73,0.0,0.0,0.0,31447.711715276986
t74,0.0,0.0,0.0,31447.711715276986
t75,0.0,0.0,0.0,31447.711715276986
t76,0.0,0.0,0.0,31447.711715276986
t77,0.0,0.0,0.0,31447.711715276986
t78,0.0,0.0,0.0,28810.063004572927
t79,0.0,0.0,0.0,31447.711715276986
t80,0.0,0.0,0.0,25240.026625683473
t81,0.0,0.0,0.0,22954.570967464788
t82,0.0,0.0,0.0,20589.8246940124
t83,0.0,0.0,0.0,31447.711715276986
t84,0.0,0.0,0.0,30945.805660283593
t85,0.0,0.0,0.0,31447.711715276986
t86,0.0,0.0,0.0,31447.711715276986
t87,0.0,0.0,0.0,31447.711715276986
t88,0.0,0.0,0.0,30150.921657462175
t89,0.0,0.0,0.0,19788.474691833282
t90,0.0,0.0,0.0,9197.813470662692
t91,0.0,0.0,0.0,3610.7506782850437
t92,0.0,0.0,0.0,0.0
t93,0.0,0.0,0.0,0.0
t94,0.0,0.0,0.0,-0.0
t95,0.0,0.0,0.0,492.64163532139213
t96,0.0,0.0,0.0,1105.8811537161794
t97,0.0,0.0,0.0,1105.8811537161794
t98,0.0,0.0,0.0,5439.4150110699875
t99,0.0,0.0,0.0,6112.128118433329
t100,0.0,0.0,0.0,8263.68241202609
t101,0.0,0.0,0.0,10359.165707550153
t102,0.0,0.0,0.0,10359.165707550153
t103,0.0,0.0,0.0,5987.66008246695
t104,0.0,0.0,0.0,1166.1434682454583
t105,0.0,0.0,0.0,-0.0
t106,0.0,0.0,0.0,-0.0
t107,0.0,0.0,0.0,1386.609320920329
t108,0.0,0.0,0.0,5059.385408926762
t109,0.0,0.0,0.0,7250.066263737913
t110,0.0,0.0,0.0,11594.288064516864
t111,0.0,0.0,0.0,14947.962576759526
t112,0.0,0.0,0.0,24116.130449739878
t113,0.0,0.0,0.0,28820.50875068061
t114,0.0,0.0,0.0,31447.711715276986
t115,0.0,0.0,0.0,31447.711715276986
t116,0.0,0.0,0.0,30382.921612614125
t117,0.0,0.0,0.0,31250.058432703845
t118,0.0,0.0,0.0,22311.706406060723
t119,0.0,0.0,0.0,22911.94859033604
t120,0.0,0.0,0.0,19020.49598914145
t121,0.0,0.0,0.0,20583.37250539614
t122,0.0,0.0,0.0,21700.394505992404
t123,0.0,0.0,0.0,18995.32177652361
t124,0.0,0.0,0.0,13951.631536483326
t125,0.0,0.0,0.0,10897.517892672251
t126,0.0,0.0,0.0,8507.835729044458
t127,0.0,0.0,0.0,5006.821663595847
t128,0.0,0.0,0.0,0.0
t129,0.0,0.0,0.0,714.7538609771568
t130,0.0,0.0,0.0,7802.855627002652
t131,0.0,0.0,0.0,12466.465007591452
t132,0.0,0.0,0.0,19831.64165530848
t133,0.0,0.0,0.0,25976.34146111505
t134,0.0,0.0,0.0,30776.46500148563
t135,0.0,0.0,0.0,31447.711715276986
t136,0.0,0.0,0.0,28605.703451437817
t137,0.0,0.0,0.0,24574.375296670492
t138,0.0,0.0,0.0,22988.07196972161
t139,0.0,0.0,0.0,19901.375038766808
t140,0.0,0.0,0.0,12263.97955418055
t141,0.0,0.0,0.0,8967.893591048827
t142,0.0,0.0,0.0,7058.9916384157905
t143,0.0,0.0,0.0,7058.9916384157905
t144,0.0,0.0,0.0,7785.164125067903
t145,0.0,0.0,0.0,8208.842483325363
t146,0.0,0.0,0.0,11185.699460412976
t147,0.0,0.0,0.0,16127.296824541801
t148,0.0,0.0,0.0,20354.462695248218
t149,0.0,0.0,0.0,20901.364124193093
t150,0.0,0.0,0.0,15908.569785120675
t151,0.0,0.0,0.0,9170.970590095096
t152,0.0,0.0,0.0,1712.3020396879517
t153,0.0,0.0,0.0,-0.0
t154,0.0,0.0,0.0,3236.246571003395
t155,0.0,0.0,0.0,10580.556248435474
t156,0.0,0.0,0.0,15936.037381682092
t157,0.0,0.0,0.0,21525.317814357208
t158,0.0,0.0,0.0,28420.98836059897
t159,0.0,0.0,0.0,31447.711715276986
t160,0.0,0.0,0.0,20926.994462780596
t161,0.0,0.0,0.0,14672.03495613702
t162,0.0,0.0,0.0,16513.484391180456
t163,0.0,0.0,0.0,24879.928221688184
t164,0.0,0.0,0.0,31447.711715276986
t165,0.0,0.0,0.0,31447.711715276986
t166,0.0,0.0,0.0,31447.711715276986
t167,0.0,0.0,0.0,31447.711715276986
t168,0.0,0.0,0.0,31447.711715276986
t169,0.0,0.0,0.0,17385.84304241486
t170,0.0,0.0,0.0,14216.517226954886
t171,0.0,0.0,0.0,16899.034597160215
t172,0.0,0.0,0.0,14628.551895018423
t173,0.0,0.0,0.0,16550.288454111236
t174,0.0,0.0,0.0,14923.73063049508
t175,0.0,0.0,0.0,16300.44917240379
t176,0.0,0.0,0.0,15135.194598532256
t177,0.0,0.0,0.0,16121.466069857124
t178,0.0,0.0,0.0,18675.158134816797
t179,0.0,0.0,0.0,19726.81842023121
t180,0.0,0.0,0.0,12235.115667171129
t181,0.0,0.0,0.0,18576.092877361185
t182,0.0,0.0,0.0,19596.293651030683
t183,0.0,0.0,0.0,31447.711715276986
t184,0.0,0.0,0.0,31257.297788099964
t185,0.0,0.0,0.0,31447.711715276986
t186,0.0,0.0,0.0,26378.410206914526
t187,0.0,0.0,0.0,18900.248836188
t188,0.0,0.0,0.0,11377.785988659525
t189,0.0,0.0,0.0,3634.7054141231893
t190,0.0,0.0,0.0,2876.065843573382
t191,0.0,0.0,0.0,-0.0
t192,0.0,0.0,0.0,6326.793231257697
t193,0.0,0.0,0.0,14722.853297984564
t194,0.0,0.0,0.0,19633.094901860128
t195,0.0,0.0,0.0,16080.45396551955
t196,0.0,0.0,0.0,24605.96682936509
t197,0.0,0.0,0.0,31447.711715276986
t198,0.0,0.0,0.0,28553.488113266245
t199,0.0,0.0,0.0,31447.711715276986
t200,0.0,0.0,0.0,20911.618663919155
t201,0.0,0.0,0.0,11232.300740913659
t202,0.0,0.0,0.0,19424.875430945507
t203,0.0,0.0,0.0,31447.711715276986
t204,0.0,0.0,0.0,31447.711715276986
t205,0.0,0.0,0.0,31447.711715276986
t206,0.0,0.0,0.0,31447.711715276986
t207,0.0,0.0,0.0,31447.711715276986
t208,0.0,0.0,0.0,31447.711715276986
t209,0.0,0.0,0.0,15375.245232696692
t210,0.0,0.0,0.0,25299.845761789205
t211,0.0,0.0,0.0,31447.711715276986
t212,0.0,0.0,0.0,29636.51600032465
t213,0.0,0.0,0.0,27512.75225334292
t214,0.0,0.0,0.0,26875.99379316912
t215,0.0,0.0,0.0,29961.811034456376
t216,0.0,0.0,0.0,31447.711715276986
t217,0.0,0.0,0.0,28930.94326260535
t218,0.0,0.0,0.0,26676.727820414948
t219,0.0,0.0,0.0,29791.352265196532
t220,0.0,0.0,0.0,30730.79356274326
t221,0.0,0.0,0.0,31447.711715276986
t222,0.0,0.0,0.0,29087.96442019397
t223,0.0,0.0,0.0,18295.637683907644
t224,0.0,0.0,0.0,6379.404887165833
t225,0.0,0.0,0.0,837.8372925391151
t226,0.0,0.0,0.0,-0.0
t227,0.0,0.0,0.0,812.2081987095617
t228,0.0,0.0,0.0,4709.456513039132
t229,0.0,0.0,0.0,14370.077435806388
t230,0.0,0.0,0.0,29786.232160286032
t231,0.0,0.0,0.0,31447.711715276986
t232,0.0,0.0,0.0,15305.192596384173
t233,0.0,0.0,0.0,15977.579764475262
t234,0.0,0.0,0.0,15408.471265402964
t235,0.0,0.0,0.0,23633.7064583452
t236,0.0,0.0,0.0,14696.168636667322
t237,0.0,0.0,0.0,16493.057643979606
t238,0.0,0.0,0.0,19028.519007996365
t239,0.0,0.0,0.0,23176.651396028377
t240,0.0,0.0,0.0,20976.073873978024
t241,0.0,0.0,0.0,22533.972157841064
t242,0.0,0.0,0.0,23415.4835035138
t243,0.0,0.0,0.0,28076.849091013624
t244,0.0,0.0,0.0,30929.06525109543
t245,0.0,0.0,0.0,29075.97831290681
t246,0.0,0.0,0.0,31212.35188111968
t247,0.0,0.0,0.0,28546.055836456526
t248,0.0,0.0,0.0,17665.74921877474
t249,0.0,0.0,0.0,14635.402225593187
t250,0.0,0.0,0.0,16544.49033431276
t251,0.0,0.0,0.0,27664.00874514786
t252,0.0,0.0,0.0,11644.555068425689
t253,0.0,0.0,0.0,19075.943368139328
t254,0.0,0.0,0.0,31447.711715276986
t255,0.0,0.0,0.0,23150.522937899208
t256,0.0,0.0,0.0,31447.711715276986
t257,0.0,0.0,0.0,31447.711715276986
t258,0.0,0.0,0.0,14848.903803105322
t259,0.0,0.0,0.0,23188.474349556273
t260,0.0,0.0,0.0,10640.711178365425
t261,0.0,0.0,0.0,19925.596836686334
t262,0.0,0.0,0.0,28921.217956420278
t263,0.0,0.0,0.0,17952.387868961927
t264,0.0,0.0,0.0,31447.711715276986
t265,0.0,0.0,0.0,30821.439430305716
t266,0.0,0.0,0.0,18775.106221200414
t267,0.0,0.0,0.0,31447.711715276986
t268,0.0,0.0,0.0,24100.898824630833
t269,0.0,0.0,0.0,27186.868202092337
t270,0.0,0.0,0.0,31373.379222186304
t271,0.0,0.0,0.0,31447.711715276986
t272,0.0,0.0,0.0,28235.31453974074
t273,0.0,0.0,0.0,17473.100106418566
t274,0.0,0.0,0.0,14142.662847982152
t275,0.0,0.0,0.0,16961.54494352273
t276,0.0,0.0,0.0,19416.977125072008
t277,0.0,0.0,0.0,31447.711715276986
t278,0.0,0.0,0.0,31447.711715276986
t279,0.0,0.0,0.0,31447.711715276986
t280,0.0,0.0,0.0,31447.711715276986
t281,0.0,0.0,0.0,15805.027623046479
t282,0.0,0.0,0.0,26070.499519159584
t283,0.0,0.0,0.0,26239.48638077676
t284,0.0,0.0,0.0,25105.294484005684
t285,0.0,0.0,0.0,27733.176622742994
t286,0.0,0.0,0.0,28959.588398036478
t287,0.0,0.0,0.0,31447.711715276986
t288,0.0,0.0,0.0,31447.711715276986
t289,0.0,0.0,0.0,31447.711715276986
t290,0.0,0.0,0.0,30412.808145953342
t291,0.0,0.0,0.0,27967.737045675232
t292,0.0,0.0,0.0,25350.777746417632
t293,0.0,0.0,0.0,22849.308017507625
t294,0.0,0.0,0.0,19386.819967403775
t295,0.0,0.0,0.0,15700.405127972757
t296,0.0,0.0,0.0,10680.334762438946
t297,0.0,0.0,0.0,5324.291468722833
t298,0.0,0.0,0.0,2203.621676580475
t299,0.0,0.0,0.0,0.0
t300,0.0,0.0,0.0,-0.0
t301,0.0,0.0,0.0,-0.0
t302,0.0,0.0,0.0,9074.908659103134
t303,0.0,0.0,0.0,14538.52425644735
t304,0.0,0.0,0.0,15468.269204701557
t305,0.0,0.0,0.0,18322.366213688787
t306,0.0,0.0,0.0,17276.59742160037
t307,0.0,0.0,0.0,20187.584000865543
t308,0.0,0.0,0.0,22038.97837887298
t309,0.0,0.0,0.0,17507.056791440406
t310,0.0,0.0,0.0,9469.584750266087
t311,0.0,0.0,0.0,6300.56769240649
t312,0.0,0.0,0.0,-0.0
t313,0.0,0.0,0.0,4823.0002581089275
t314,0.0,0.0,0.0,17078.452602130452
t315,0.0,0.0,0.0,29463.678889420004
t316,0.0,0.0,0.0,31447.711715276986
t317,0.0,0.0,0.0,31447.711715276986
t318,0.0,0.0,0.0,31447.711715276986
t319,0.0,0.0,0.0,31447.711715276986
t320,0.0,0.0,0.0,31447.711715276986
t321,0.0,0.0,0.0,31447.711715276986
t322,0.0,0.0,0.0,31447.711715276986
t323,0.0,0.0,0.0,31447.711715276986
t324,0.0,0.0,0.0,31447.711715276986
t325,0.0,0.0,0.0,31447.711715276986
t326,0.0,0.0,0.0,31447.711715276986
t327,0.0,0.0,0.0,31447.711715276986
t328,0.0,0.0,0.0,31447.711715276986
t329,0.0,0.0,0.0,31447.711715276986
t330,0.0,0.0,0.0,31447.711715276986
t331,0.0,0.0,0.0,31447.711715276986
t332,0.0,0.0,0.0,25554.75961784166
t333,0.0,0.0,0.0,9474.719877281635
t334,0.0,0.0,0.0,20912.491873923653
t335,0.0,0.0,0.0,27462.6810202694
t336,0.0,0.0,0.0,13641.36547216442
t337,0.0,0.0,0.0,31447.711715276986
t338,0.0,0.0,0.0,31447.711715276986
t339,0.0,0.0,0.0,31447.711715276986
t340,0.0,0.0,0.0,31447.711715276986
t341,0.0,0.0,0.0,31447.711715276986
t342,0.0,0.0,0.0,19079.51504203308
t343,0.0,0.0,0.0,31402.845177280415
t344,0.0,0.0,0.0,31447.711715276986
t345,0.0,0.0,0.0,31447.711715276986
t346,0.0,0.0,0.0,31447.711715276986
t347,0.0,0.0,0.0,31447.711715276986
t348,0.0,0.0,0.0,31447.711715276986
t349,0.0,0.0,0.0,31447.711715276986
t350,0.0,0.0,0.0,31447.711715276986
t351,0.0,0.0,0.0,31447.711715276986
t352,0.0,0.0,0.0,31447.711715276986
t353,0.0,0.0,0.0,31447.711715276986
t354,0.0,0.0,0.0,31447.711715276986
t355,0.0,0.0,0.0,31447.711715276986
t356,0.0,0.0,0.0,31447.711715276986
t357,0.0,0.0,0.0,31447.711715276986
t358,0.0,0.0,0.0,23800.256007411015
t359,0.0,0.0,0.0,31447.711715276986
t360,0.0,0.0,0.0,31447.711715276986
t361,0.0,0.0,0.0,31447.711715276986
t362,0.0,0.0,0.0,31447.711715276986
t363,0.0,0.0,0.0,31447.711715276986
t364,0.0,0.0,0.0,20056.173671402154
t365,0.0,0.0,0.0,23775.837379979046
t366,0.0,0.0,0.0,27993.402315044445
t367,0.0,0.0,0.0,31447.711715276986
t368,0.0,0.0,0.0,26149.227046188724
t369,0.0,0.0,0.0,31447.711715276986
t370,0.0,0.0,0.0,29328.965619676033
t371,0.0,0.0,0.0,31447.711715276986
t372,0.0,0.0,0.0,31447.711715276986
t373,0.0,0.0,0.0,30490.569007633785
t374,0.0,0.0,0.0,31447.711715276986
t375,0.0,0.0,0.0,31447.711715276986
t376,0.0,0.0,0.0,31447.711715276986
t377,0.0,0.0,0.0,29998.510683612156
t378,0.0,0.0,0.0,31447.711715276986
t379,0.0,0.0,0.0,29691.73373095675
t380,0.0,0.0,0.0,13859.718189232937
t381,0.0,0.0,0.0,21504.864265040105
t382,0.0,0.0,0.0,23462.88160725396
t383,0.0,0.0,0.0,31447.711715276986
t384,0.0,0.0,0.0,18893.02356428218
t385,0.0,0.0,0.0,12940.839633246394
t386,0.0,0.0,0.0,22961.310132858052
t387,0.0,0.0,0.0,31447.711715276986
t388,0.0,0.0,0.0,22778.10797397782
t389,0.0,0.0,0.0,26494.073104508687
t390,0.0,0.0,0.0,31447.711715276986
t391,0.0,0.0,0.0,31447.711715276986
t392,0.0,0.0,0.0,26096.363079932784
t393,0.0,0.0,0.0,21567.134258029564
t394,0.0,0.0,0.0,19587.570027291713
t395,0.0,0.0,0.0,19463.07699368747
t396,0.0,0.0,0.0,19981.046713354095
t397,0.0,0.0,0.0,20466.7145479269
t398,0.0,0.0,0.0,19597.61368317917
t399,0.0,0.0,0.0,18867.887906096003
t400,0.0,0.0,0.0,19465.337544478174
t401,0.0,0.0,0.0,25046.12173794799
t402,0.0,0.0,0.0,29178.06889663672
t403,0.0,0.0,0.0,29504.761407747515
t404,0.0,0.0,0.0,20208.596536872166
t405,0.0,0.0,0.0,15060.827910553267
t406,0.0,0.0,0.0,10122.006753459416
t407,0.0,0.0,0.0,7304.576852267047
t408,0.0,0.0,0.0,4970.737505991013
t409,0.0,0.0,0.0,5533.804404021131
t410,0.0,0.0,0.0,4956.692523743957
t411,0.0,0.0,0.0,4137.262687294065
t412,0.0,0.0,0.0,5290.133567059609
t413,0.0,0.0,0.0,11960.546532687824
t414,0.0,0.0,0.0,23357.109450093845
t415,0.0,0.0,0.0,26407.09074875334
t416,0.0,0.0,0.0,24474.20302232884
t417,0.0,0.0,0.0,24514.38947725292
t418,0.0,0.0,0.0,9071.45006423784
t419,0.0,0.0,0.0,21373.353232713584
t420,0.0,0.0,0.0,20647.032091664616
t421,0.0,0.0,0.0,22212.97722446138
t422,0.0,0.0,0.0,31447.711715276986
t423,0.0,0.0,0.0,23748.728564168483
t424,0.0,0.0,0.0,28132.56697564755
t425,0.0,0.0,0.0,31447.711715276986
t426,0.0,0.0,0.0,31447.711715276986
t427,0.0,0.0,0.0,24042.365847903606
t428,0.0,0.0,0.0,16643.90293568937
t429,0.0,0.0,0.0,9423.069054995998
t430,0.0,0.0,0.0,5464.791852588728
t431,0.0,0.0,0.0,478.18622888413563
t432,0.0,0.0,0.0,-0.0
t433,0.0,0.0,0.0,1649.3383669375846
t434,0.0,0.0,0.0,4380.137346599056
t435,0.0,0.0,0.0,9746.355554356
t436,0.0,0.0,0.0,15508.298313580384
t437,0.0,0.0,0.0,21896.725355280894
t438,0.0,0.0,0.0,20353.26571560591
t439,0.0,0.0,0.0,25061.860254060073
t440,0.0,0.0,0.0,26547.95806012806
t441,0.0,0.0,0.0,21757.882714034404
t442,0.0,0.0,0.0,20410.18383457443
t443,0.0,0.0,0.0,11656.715180471032
t444,0.0,0.0,0.0,19065.651049304146
t445,0.0,0.0,0.0,26677.448538092045
t446,0.0,0.0,0.0,11521.346271059314
t447,0.0,0.0,0.0,19180.227294230226
t448,0.0,0.0,0.0,28650.672392110508
t449,0.0,0.0,0.0,18769.60157432228
t450,0.0,0.0,0.0,22958.265078795383
t451,0.0,0.0,0.0,31447.711715276986
t452,0.0,0.0,0.0,31447.711715276986
t453,0.0,0.0,0.0,16331.36905263785
t454,0.0,0.0,0.0,21911.065936176685
t455,0.0,0.0,0.0,29467.678231817783
t456,0.0,0.0,0.0,31447.711715276986
t457,0.0,0.0,0.0,31447.711715276986
t458,0.0,0.0,0.0,31447.711715276986
t459,0.0,0.0,0.0,31447.711715276986
t460,0.0,0.0,0.0,31447.711715276986
t461,0.0,0.0,0.0,31447.711715276986
t462,0.0,0.0,0.0,31447.711715276986
t463,0.0,0.0,0.0,31447.711715276986
t464,0.0,0.0,0.0,27226.013373805337
t465,0.0,0.0,0.0,26913.754146296003
t466,0.0,0.0,0.0,26469.589358967973
t467,0.0,0.0,0.0,28388.24447778716
t468,0.0,0.0,0.0,14550.376327072428
t469,0.0,0.0,0.0,16616.456254820725
t470,0.0,0.0,0.0,18341.215994282527
t471,0.0,0.0,0.0,25068.70174933504
t472,0.0,0.0,0.0,31447.711715276986
t473,0.0,0.0,0.0,31447.711715276986
t474,0.0,0.0,0.0,17802.474415200777
t475,0.0,0.0,0.0,22580.125870641758
t476,0.0,0.0,0.0,26372.466183037275
t477,0.0,0.0,0.0,20897.753705809577
t478,0.0,0.0,0.0,26842.709094260863
t479,0.0,0.0,0.0,31447.711715276986
t480,0.0,0.0,0.0,31447.711715276986
t481,0.0,0.0,0.0,31447.711715276986
t482,0.0,0.0,0.0,20534.527231389075
t483,0.0,0.0,0.0,21185.35608903364
t484,0.0,0.0,0.0,31447.711715276986
t485,0.0,0.0,0.0,31447.711715276986
t486,0.0,0.0,0.0,31447.711715276986
t487,0.0,0.0,0.0,30424.981072509196
t488,0.0,0.0,0.0,31393.131793074852
t489,0.0,0.0,0.0,27971.070967303127
t490,0.0,0.0,0.0,31447.711715276986
t491,0.0,0.0,0.0,24490.32449048855
t492,0.0,0.0,0.0,23895.537222186897
t493,0.0,0.0,0.0,31447.711715276986
t494,0.0,0.0,0.0,23767.91770586686
t495,0.0,0.0,0.0,31447.711715276986
t496,0.0,0.0,0.0,31447.711715276986
t497,0.0,0.0,0.0,31447.711715276986
t498,0.0,0.0,0.0,30140.396207383637
t499,0.0,0.0,0.0,27327.298606370943
t500,0.0,0.0,0.0,29382.475512132725
t501,0.0,0.0,0.0,26402.675713299017
t502,0.0,0.0,0.0,29169.09869396722
t503,0.0,0.0,0.0,31447.711715276986
t504,0.0,0.0,0.0,19250.86000382451
t505,0.0,0.0,0.0,26214.330021433652
t506,0.0,0.0,0.0,25070.50742380195
t507,0.0,0.0,0.0,20893.440107695333
t508,0.0,0.0,0.0,15908.18917548357
t509,0.0,0.0,0.0,11567.805055841425
t510,0.0,0.0,0.0,8965.05762861937
t511,0.0,0.0,0.0,4001.8183380366354
t512,0.0,0.0,0.0,1227.4798849396298
t513,0.0,0.0,0.0,0.0
t514,0.0,0.0,0.0,388.8938118337093
t515,0.0,0.0,0.0,1515.3908061782538
t516,0.0,0.0,0.0,2738.4782293076005
t517,0.0,0.0,0.0,3177.6276823207227
t518,0.0,0.0,0.0,3568.7557820186753
t519,0.0,0.0,0.0,3959.9350862951005
t520,0.0,0.0,0.0,6760.927952525198
t521,0.0,0.0,0.0,11638.857239638299
t522,0.0,0.0,0.0,17472.451250221227
t523,0.0,0.0,0.0,26159.592245380198
t524,0.0,0.0,0.0,23957.915533167117
t525,0.0,0.0,0.0,24391.44310397469
t526,0.0,0.0,0.0,26823.43785920243
t527,0.0,0.0,0.0,28101.19584821876
t528,0.0,0.0,0.0,28523.099043508046
t529,0.0,0.0,0.0,30554.8701455569
t530,0.0,0.0,0.0,30554.8701455569
t531,0.0,0.0,0.0,30554.8701455569
t532,0.0,0.0,0.0,28927.320793110175
t533,0.0,0.0,0.0,24797.50045626224
t534,0.0,0.0,0.0,18063.647538811423
t535,0.0,0.0,0.0,11845.212521513535
t536,0.0,0.0,0.0,6162.733755498607
t537,0.0,0.0,0.0,1863.359581649017
t538,0.0,0.0,0.0,-0.0
t539,0.0,0.0,0.0,1245.8334678059566
t540,0.0,0.0,0.0,1488.3763947141908
t541,0.0,0.0,0.0,2388.8038395686362
t542,0.0,0.0,0.0,10935.888349115654
t543,0.0,0.0,0.0,23918.686127706096
t544,0.0,0.0,0.0,31447.711715276986
t545,0.0,0.0,0.0,31447.711715276986
t546,0.0,0.0,0.0,31447.711715276986
t547,0.0,0.0,0.0,26448.916332026296
t548,0.0,0.0,0.0,15597.043359434252
t549,0.0,0.0,0.0,5153.271215381846
t550,0.0,0.0,0.0,5665.760751428393
t551,0.0,0.0,0.0,6116.91335129306
t552,0.0,0.0,0.0,4735.609875639312
t553,0.0,0.0,0.0,3077.683454898171
t554,0.0,0.0,0.0,2106.3464421271015
t555,0.0,0.0,0.0,2769.884407258437
t556,0.0,0.0,0.0,8405.832560517872
t557,0.0,0.0,0.0,12522.856555206758
t558,0.0,0.0,0.0,20050.964392260645
t559,0.0,0.0,0.0,25409.508006220036
t560,0.0,0.0,0.0,24337.744044352035
t561,0.0,0.0,0.0,23182.777333202543
t562,0.0,0.0,0.0,19719.659089650046
t563,0.0,0.0,0.0,17142.712898253983
t564,0.0,0.0,0.0,15613.74288980268
t565,0.0,0.0,0.0,14510.030605109365
t566,0.0,0.0,0.0,13677.047490869058
t567,0.0,0.0,0.0,15359.162215743581
t568,0.0,0.0,0.0,19873.359125978637
t569,0.0,0.0,0.0,18157.675097886466
t570,0.0,0.0,0.0,18875.679883401608
t571,0.0,0.0,0.0,13972.547417609296
t572,0.0,0.0,0.0,7419.165510358983
t573,0.0,0.0,0.0,2207.5459465364897
t574,0.0,0.0,0.0,-0.0
t575,0.0,0.0,0.0,0.0
t576,0.0,0.0,0.0,4535.7794279214495
t577,0.0,0.0,0.0,11165.686632570743
t578,0.0,0.0,0.0,18384.889792427017
t579,0.0,0.0,0.0,23354.929211999013
t580,0.0,0.0,0.0,21141.741995103617
t581,0.0,0.0,0.0,25184.58016824196
t582,0.0,0.0,0.0,26262.962666173673
t583,0.0,0.0,0.0,21029.660091466438
t584,0.0,0.0,0.0,16485.22298386448
t585,0.0,0.0,0.0,14298.46784059265
t586,0.0,0.0,0.0,14591.250783800288
t587,0.0,0.0,0.0,15597.353487703187
t588,0.0,0.0,0.0,19915.629758520055
t589,0.0,0.0,0.0,23017.085377434363
t590,0.0,0.0,0.0,23234.382216351514
t591,0.0,0.0,0.0,19916.91717089227
t592,0.0,0.0,0.0,22304.752913646753
t593,0.0,0.0,0.0,26825.51323881117
t594,0.0,0.0,0.0,31447.711715276986
t595,0.0,0.0,0.0,31447.711715276986
t596,0.0,0.0,0.0,25822.40546319193
t597,0.0,0.0,0.0,28935.893589520427
t598,0.0,0.0,0.0,22123.47350789965
t599,0.0,0.0,0.0,17005.537946136046
t600,0.0,0.0,0.0,21321.038375146098
t601,0.0,0.0,0.0,26002.782928814326
t602,0.0,0.0,0.0,26404.027003250332
t603,0.0,0.0,0.0,25037.650536031386
t604,0.0,0.0,0.0,22568.979305918652
t605,0.0,0.0,0.0,20951.37157901801
t606,0.0,0.0,0.0,19211.574135269315
t607,0.0,0.0,0.0,12761.265708041381
t608,0.0,0.0,0.0,10413.465404374769
t609,0.0,0.0,0.0,10998.747879107033
t610,0.0,0.0,0.0,10323.088335709472
t611,0.0,0.0,0.0,10606.67398370405
t612,0.0,0.0,0.0,11061.630654388466
t613,0.0,0.0,0.0,11313.077794143004
t614,0.0,0.0,0.0,11248.75849603258
t615,0.0,0.0,0.0,10178.003755790154
t616,0.0,0.0,0.0,12436.029829165118
t617,0.0,0.0,0.0,15991.407017883941
t618,0.0,0.0,0.0,22279.64660274072
t619,0.0,0.0,0.0,26198.90579069731
t620,0.0,0.0,0.0,22407.009261176725
t621,0.0,0.0,0.0,15667.018816147354
t622,0.0,0.0,0.0,17510.65202938153
t623,0.0,0.0,0.0,26848.86821138401
t624,0.0,0.0,0.0,31447.711715276986
t625,0.0,0.0,0.0,27667.648513901782
t626,0.0,0.0,0.0,31447.711715276986
t627,0.0,0.0,0.0,31447.711715276986
t628,0.0,0.0,0.0,31447.711715276986
t629,0.0,0.0,0.0,31447.711715276986
t630,0.0,0.0,0.0,20032.798890231836
t631,0.0,0.0,0.0,28924.07505324954
t632,0.0,0.0,0.0,31447.711715276986
t633,0.0,0.0,0.0,20355.823207089805
t634,0.0,0.0,0.0,31447.711715276986
t635,0.0,0.0,0.0,31447.711715276986
t636,0.0,0.0,0.0,31447.711715276986
t637,0.0,0.0,0.0,25943.353296586567
t638,0.0,0.0,0.0,31447.711715276986
t639,0.0,0.0,0.0,28712.056789321996
t640,0.0,0.0,0.0,31019.04798625679
t641,0.0,0.0,0.0,31447.711715276986
t642,0.0,0.0,0.0,31333.23185607102
t643,0.0,0.0,0.0,31447.711715276986
t644,0.0,0.0,0.0,27207.395499544502
t645,0.0,0.0,0.0,24361.094638904804
t646,0.0,0.0,0.0,19259.96757433871
t647,0.0,0.0,0.0,15542.493103003004
t648,0.0,0.0,0.0,12232.382808656766
t649,0.0,0.0,0.0,7098.168944948093
t650,0.0,0.0,0.0,2374.4607751788462
t651,0.0,0.0,0.0,0.0
t652,0.0,0.0,0.0,253.77712966634942
t653,0.0,0.0,0.0,165.57344826631038
t654,0.0,0.0,0.0,888.7275773996829
t655,0.0,0.0,0.0,741.8720090088293
t656,0.0,0.0,0.0,-0.0
t657,0.0,0.0,0.0,4536.757486913182
t658,0.0,0.0,0.0,13278.172196141948
t659,0.0,0.0,0.0,20576.95464210532
t660,0.0,0.0,0.0,25019.3966318547
t661,0.0,0.0,0.0,31447.711715276986
t662,0.0,0.0,0.0,25101.512996207905
t663,0.0,0.0,0.0,20784.963513594463
t664,0.0,0.0,0.0,28410.172511445122
t665,0.0,0.0,0.0,31282.407325785312
t666,0.0,0.0,0.0,31447.711715276986
t667,0.0,0.0,0.0,30533.735346876063
t668,0.0,0.0,0.0,26104.62170875381
t669,0.0,0.0,0.0,26552.045186651972
t670,0.0,0.0,0.0,27050.76062060806
t671,0.0,0.0,0.0,25065.395695919848
t672,0.0,0.0,0.0,26058.99495158764
t673,0.0,0.0,0.0,22424.689097564715
t674,0.0,0.0,0.0,22160.74178869218
t675,0.0,0.0,0.0,19744.89006473123
t676,0.0,0.0,0.0,17862.443653295435
t677,0.0,0.0,0.0,14714.550096292684
t678,0.0,0.0,0.0,12991.458146325487
t679,0.0,0.0,0.0,8049.222664258261
t680,0.0,0.0,0.0,1760.9481769021666
t681,0.0,0.0,0.0,-0.0
t682,0.0,0.0,0.0,4051.3123776331017
t683,0.0,0.0,0.0,11822.30863733456
t684,0.0,0.0,0.0,18925.492747414857
t685,0.0,0.0,0.0,31447.711715276986
t686,0.0,0.0,0.0,31447.711715276986
t687,0.0,0.0,0.0,26133.9457330476
t688,0.0,0.0,0.0,19438.56372123427
t689,0.0,0.0,0.0,29242.88263246643
t690,0.0,0.0,0.0,31447.711715276986
t691,0.0,0.0,0.0,31447.711715276986
t692,0.0,0.0,0.0,27561.91730430314
t693,0.0,0.0,0.0,21742.074064478245
t694,0.0,0.0,0.0,22296.23919753923
t695,0.0,0.0,0.0,26062.334237538424
t696,0.0,0.0,0.0,31370.142205643213
t697,0.0,0.0,0.0,20720.127300707823
t698,0.0,0.0,0.0,27481.50172740231
t699,0.0,0.0,0.0,31447.711715276986
t700,0.0,0.0,0.0,28672.92651320343
t701,0.0,0.0,0.0,22741.810078027484
t702,0.0,0.0,0.0,15946.3769248532
t703,0.0,0.0,0.0,9611.67196608127
t704,0.0,0.0,0.0,8309.472358662706
t705,0.0,0.0,0.0,6400.098602510251
t706,0.0,0.0,0.0,8186.685829489441
t707,0.0,0.0,0.0,13166.54872082442
t708,0.0,0.0,0.0,21620.33108325647
t709,0.0,0.0,0.0,28030.068486306376
t710,0.0,0.0,0.0,21466.067974861646
t711,0.0,0.0,0.0,28600.30301560551
t712,0.0,0.0,0.0,31447.711715276986
t713,0.0,0.0,0.0,28722.56458643509
t714,0.0,0.0,0.0,25968.675627156514
t715,0.0,0.0,0.0,31447.711715276986
t716,0.0,0.0,0.0,31447.711715276986
t717,0.0,0.0,0.0,31447.711715276986
t718,0.0,0.0,0.0,31447.711715276986
t719,0.0,0.0,0.0,27976.23785040696
t720,0.0,0.0,0.0,26398.145944136973
t721,0.0,0.0,0.0,26592.222070466065
t722,0.0,0.0,0.0,27113.467123187424
t723,0.0,0.0,0.0,27600.49106466353
t724,0.0,0.0,0.0,31447.711715276986
t725,0.0,0.0,0.0,31447.711715276986
t726,0.0,0.0,0.0,31190.498273699122
t727,0.0,0.0,0.0,30100.080601807127
t728,0.0,0.0,0.0,31087.542266541965
t729,0.0,0.0,0.0,31447.711715276986
t730,0.0,0.0,0.0,30644.110317986695
t731,0.0,0.0,0.0,28914.147883765603
t732,0.0,0.0,0.0,27739.209082264588
t733,0.0,0.0,0.0,25421.020472568172
t734,0.0,0.0,0.0,22811.277493378042
t735,0.0,0.0,0.0,19370.779093044064
t736,0.0,0.0,0.0,14721.398004682129
t737,0.0,0.0,0.0,8074.562755176117
t738,0.0,0.0,0.0,2041.1628704375087
t739,0.0,0.0,0.0,0.0
t740,0.0,0.0,0.0,0.0
t741,0.0,0.0,0.0,764.5714886972357
t742,0.0,0.0,0.0,1030.0836450263748
t743,0.0,0.0,0.0,7914.616433296256
t744,0.0,0.0,0.0,12812.539615066431
t745,0.0,0.0,0.0,15455.08527952992
t746,0.0,0.0,0.0,15850.710597460708
t747,0.0,0.0,0.0,20010.393519194353
t748,0.0,0.0,0.0,23869.347755528528
t749,0.0,0.0,0.0,19136.46907371185
t750,0.0,0.0,0.0,25578.348044014623
t751,0.0,0.0,0.0,23475.720452472895
t752,0.0,0.0,0.0,19726.51145153128
t753,0.0,0.0,0.0,21570.01132364845
t754,0.0,0.0,0.0,25479.953089682687
t755,0.0,0.0,0.0,29353.582911047473
t756,0.0,0.0,0.0,30559.918146171538
t757,0.0,0.0,0.0,31447.711715276986
t758,0.0,0.0,0.0,31447.711715276986
t759,0.0,0.0,0.0,31447.711715276986
t760,0.0,0.0,0.0,31447.711715276986
t761,0.0,0.0,0.0,28550.14330812427
t762,0.0,0.0,0.0,21936.958031071128
t763,0.0,0.0,0.0,15437.2773144638
t764,0.0,0.0,0.0,16974.84005920001
t765,0.0,0.0,0.0,17373.981961687346
t766,0.0,0.0,0.0,13434.856112891794
t767,0.0,0.0,0.0,9452.097713563959
t768,0.0,0.0,0.0,9720.836213787421
t769,0.0,0.0,0.0,9739.968568902235
t770,0.0,0.0,0.0,6499.721832146522
t771,0.0,0.0,0.0,2054.315717575836
t772,0.0,0.0,0.0,0.0
t773,0.0,0.0,0.0,0.0
t774,0.0,0.0,0.0,5958.2122084821785
t775,0.0,0.0,0.0,5772.479256376141
t776,0.0,0.0,0.0,2361.435453491012
t777,0.0,0.0,0.0,753.0007040507307
t778,0.0,0.0,0.0,2364.925562090157
t779,0.0,0.0,0.0,5504.507534075262
t780,0.0,0.0,0.0,10862.235977900546
t781,0.0,0.0,0.0,16715.670805362202
t782,0.0,0.0,0.0,23218.8674079114
t783,0.0,0.0,0.0,25902.765631946913
t784,0.0,0.0,0.0,27464.99833945907
t785,0.0,0.0,0.0,25231.67633714449
t786,0.0,0.0,0.0,21388.056008972184
t787,0.0,0.0,0.0,15166.936891927204
t788,0.0,0.0,0.0,20378.934796404494
t789,0.0,0.0,0.0,17471.473615957217
t790,0.0,0.0,0.0,22778.916178020656
t791,0.0,0.0,0.0,26362.814728738776
t792,0.0,0.0,0.0,27274.93571206926
t793,0.0,0.0,0.0,23696.83870558889
t794,0.0,0.0,0.0,23177.30360495368
t795,0.0,0.0,0.0,18852.82634015434
t796,0.0,0.0,0.0,12635.447316903437
t797,0.0,0.0,0.0,6483.546688869594
t798,0.0,0.0,0.0,7388.242932079189
t799,0.0,0.0,0.0,3964.9585790258675
t800,0.0,0.0,0.0,-0.0
t801,0.0,0.0,0.0,162.81780207597203
t802,0.0,0.0,0.0,2434.1752964534217
t803,0.0,0.0,0.0,6235.70786368197
t804,0.0,0.0,0.0,10272.653118864284
t805,0.0,0.0,0.0,15283.856099618311
t806,0.0,0.0,0.0,24517.701911336422
t807,0.0,0.0,0.0,31447.711715276986
t808,0.0,0.0,0.0,31447.711715276986
t809,0.0,0.0,0.0,24088.67950002951
t810,0.0,0.0,0.0,23631.851141697683
t811,0.0,0.0,0.0,31447.711715276986
t812,0.0,0.0,0.0,31447.711715276986
t813,0.0,0.0,0.0,31447.711715276986
t814,0.0,0.0,0.0,31447.711715276986
t815,0.0,0.0,0.0,26975.149194673406
t816,0.0,0.0,0.0,21452.330223649496
t817,0.0,0.0,0.0,16519.280032236074
t818,0.0,0.0,0.0,12154.401901565607
t819,0.0,0.0,0.0,8146.157511907652
t820,0.0,0.0,0.0,4648.9501423744105
t821,0.0,0.0,0.0,1361.011992542558
t822,0.0,0.0,0.0,1074.4512450678938
t823,0.0,0.0,0.0,0.0
t824,0.0,0.0,0.0,-0.0
t825,0.0,0.0,0.0,-0.0
t826,0.0,0.0,0.0,2370.3609342157606
t827,0.0,0.0,0.0,5748.9679535243795
t828,0.0,0.0,0.0,8762.562856019094
t829,0.0,0.0,0.0,12804.073810631493
t830,0.0,0.0,0.0,15747.86724964324
t831,0.0,0.0,0.0,18590.689966837617
t832,0.0,0.0,0.0,23307.67979319621
t833,0.0,0.0,0.0,27192.240502766825
t834,0.0,0.0,0.0,28114.124103843573
t835,0.0,0.0,0.0,27128.210227179392
t836,0.0,0.0,0.0,29532.08996017771
t837,0.0,0.0,0.0,30419.534988699972
t838,0.0,0.0,0.0,31447.711715276986
t839,0.0,0.0,0.0,28370.499816507832
t840,0.0,0.0,0.0,21436.09817983703
t841,0.0,0.0,0.0,4969.749098311317
t842,0.0,0.0,0.0,5036.896760929707
t843,0.0,0.0,0.0,5234.471638736167
t844,0.0,0.0,0.0,13098.005902542493
t845,0.0,0.0,0.0,22295.835768856006
t846,0.0,0.0,0.0,31447.711715276986
t847,0.0,0.0,0.0,27832.61068046772
t848,0.0,0.0,0.0,20782.63117641994
t849,0.0,0.0,0.0,14078.546689273602
t850,0.0,0.0,0.0,12871.833783650423
t851,0.0,0.0,0.0,16973.44919636865
t852,0.0,0.0,0.0,22856.033103917034
t853,0.0,0.0,0.0,26685.41830740068
t854,0.0,0.0,0.0,30109.14629266566
t855,0.0,0.0,0.0,31447.711715276986
t856,0.0,0.0,0.0,31447.711715276986
t857,0.0,0.0,0.0,31447.711715276986
t858,0.0,0.0,0.0,27974.986000478926
t859,0.0,0.0,0.0,24786.014251188637
t860,0.0,0.0,0.0,22425.522599651722
t861,0.0,0.0,0.0,17130.053705314083
t862,0.0,0.0,0.0,20192.168740275727
t863,0.0,0.0,0.0,21016.238056906805
t864,0.0,0.0,0.0,21016.238056906805
t865,0.0,0.0,0.0,21016.238056906805
t866,0.0,0.0,0.0,21258.570000712396
t867,0.0,0.0,0.0,22839.33233403832
t868,0.0,0.0,0.0,24470.96077435319
t869,0.0,0.0,0.0,24940.812213050012
t870,0.0,0.0,0.0,27993.21217560165
t871,0.0,0.0,0.0,26683.27482249888
t872,0.0,0.0,0.0,24598.859731745033
t873,0.0,0.0,0.0,23449.151355112826
t874,0.0,0.0,0.0,23449.151355112826
t875,0.0,0.0,0.0,23905.850092532874
t876,0.0,0.0,0.0,25384.135151478033
t877,0.0,0.0,0.0,27628.25513448172
t878,0.0,0.0,0.0,30093.81733131602
t879,0.0,0.0,0.0,31411.735170048345
t880,0.0,0.0,0.0,31447.711715276986
t881,0.0,0.0,0.0,31447.711715276986
t882,0.0,0.0,0.0,29271.232476733116
t883,0.0,0.0,0.0,25973.92442412333
t884,0.0,0.0,0.0,23752.43509493247
t885,0.0,0.0,0.0,22620.28269569749
t886,0.0,0.0,0.0,23122.52851507691
t887,0.0,0.0,0.0,18527.844457524927
t888,0.0,0.0,0.0,14761.827104116857
t889,0.0,0.0,0.0,10621.036637769834
t890,0.0,0.0,0.0,7431.002443556473
t891,0.0,0.0,0.0,6224.310681053453
t892,0.0,0.0,0.0,7317.366654146607
t893,0.0,0.0,0.0,8237.866263418578
t894,0.0,0.0,0.0,9759.178004731964
t895,0.0,0.0,0.0,10257.025417228477
t896,0.0,0.0,0.0,8186.213470079714
t897,0.0,0.0,0.0,8061.152535152285
t898,0.0,0.0,0.0,8821.2557341691
t899,0.0,0.0,0.0,10987.332041088923
t900,0.0,0.0,0.0,13751.387370721674
t901,0.0,0.0,0.0,16339.204741404255
t902,0.0,0.0,0.0,21340.391450031424
t903,0.0,0.0,0.0,23844.988374169618
t904,0.0,0.0,0.0,24046.032394496026
t905,0.0,0.0,0.0,20616.459211546215
t906,0.0,0.0,0.0,14885.329720339278
t907,0.0,0.0,0.0,7575.154762639848
t908,0.0,0.0,0.0,1600.8324980193613
t909,0.0,0.0,0.0,0.0
t910,0.0,0.0,0.0,2108.6759297679596
t911,0.0,0.0,0.0,0.0
t912,0.0,0.0,0.0,2570.1354457458247
t913,0.0,0.0,0.0,7566.275237016681
t914,0.0,0.0,0.0,11852.27608180418
t915,0.0,0.0,0.0,18417.04433897244
t916,0.0,0.0,0.0,25409.460649714336
t917,0.0,0.0,0.0,28100.82823144562
t918,0.0,0.0,0.0,31447.711715276986
t919,0.0,0.0,0.0,31447.711715276986
t920,0.0,0.0,0.0,29315.688179123383
t921,0.0,0.0,0.0,28397.533160486342
t922,0.0,0.0,0.0,28397.533160486342
t923,0.0,0.0,0.0,28397.533160486342
t924,0.0,0.0,0.0,28397.533160486342
t925,0.0,0.0,0.0,29739.49444800409
t926,0.0,0.0,0.0,31243.276989781432
t927,0.0,0.0,0.0,31447.711715276986
t928,0.0,0.0,0.0,30122.612908257684
t929,0.0,0.0,0.0,25687.559155152285
t930,0.0,0.0,0.0,18692.477693096713
t931,0.0,0.0,0.0,10157.020388443116
t932,0.0,0.0,0.0,3131.4690265561608
t933,0.0,0.0,0.0,246.99496198096327
t934,0.0,0.0,0.0,877.3897430296743
t935,0.0,0.0,0.0,-0.0
t936,0.0,0.0,0.0,300.23354881881124
t937,0.0,0.0,0.0,4921.302864892544
t938,0.0,0.0,0.0,13163.517562107263
t939,0.0,0.0,0.0,20803.36256973669
t940,0.0,0.0,0.0,24305.55399372682
t941,0.0,0.0,0.0,28254.806329382
t942,0.0,0.0,0.0,31447.711715276986
t943,0.0,0.0,0.0,31447.711715276986
t944,0.0,0.0,0.0,27214.013856430156
t945,0.0,0.0,0.0,24588.446035467725
t946,0.0,0.0,0.0,22543.950004329537
t947,0.0,0.0,0.0,20821.64723741817
t948,0.0,0.0,0.0,17837.88182629867
t949,0.0,0.0,0.0,14235.035973808366
t950,0.0,0.0,0.0,12112.65120121179
t951,0.0,0.0,0.0,11957.063368731013
t952,0.0,0.0,0.0,12876.51677241853
t953,0.0,0.0,0.0,13778.337920109494
t954,0.0,0.0,0.0,12694.308925040115
t955,0.0,0.0,0.0,8513.427221756729
t956,0.0,0.0,0.0,410.23445472249875
t957,0.0,0.0,0.0,0.0
t958,0.0,0.0,0.0,5129.790144255315
t959,0.0,0.0,0.0,6049.922925358127
t960,0.0,0.0,0.0,3984.939043146661
t961,0.0,0.0,0.0,0.0
t962,0.0,0.0,0.0,-0.0
t963,0.0,0.0,0.0,3114.296327550305
t964,0.0,0.0,0.0,8254.496727174632
t965,0.0,0.0,0.0,13089.056025671198
t966,0.0,0.0,0.0,20449.98363830444
t967,0.0,0.0,0.0,30183.440042182592
t968,0.0,0.0,0.0,29056.62525798834
t969,0.0,0.0,0.0,31447.711715276986
t970,0.0,0.0,0.0,31447.711715276986
t971,0.0,0.0,0.0,31447.711715276986
t972,0.0,0.0,0.0,31447.711715276986
t973,0.0,0.0,0.0,31447.711715276986
t974,0.0,0.0,0.0,31447.711715276986
t975,0.0,0.0,0.0,31447.711715276986
t976,0.0,0.0,0.0,31447.711715276986
t977,0.0,0.0,0.0,29771.91068490737
t978,0.0,0.0,0.0,25146.995597286746
t979,0.0,0.0,0.0,18665.9651349011
t980,0.0,0.0,0.0,13439.101258841823
t981,0.0,0.0,0.0,8932.484499510036
t982,0.0,0.0,0.0,8932.484499510036
t983,0.0,0.0,0.0,12386.542706580867
t984,0.0,0.0,0.0,14379.040525588334
t985,0.0,0.0,0.0,14379.040525588334
t986,0.0,0.0,0.0,20238.285386878655
t987,0.0,0.0,0.0,21726.007104913875
t988,0.0,0.0,0.0,21726.007104913875
t989,0.0,0.0,0.0,21726.007104913875
t990,0.0,0.0,0.0,22178.045227826584
t991,0.0,0.0,0.0,24070.833701180018
t992,0.0,0.0,0.0,24070.833701180018
t993,0.0,0.0,0.0,24070.833701180018
t994,0.0,0.0,0.0,24070.833701180018
t995,0.0,0.0,0.0,25100.754667780908
t996,0.0,0.0,0.0,25100.754667780908
t997,0.0,0.0,0.0,25100.754667780908
t998,0.0,0.0,0.0,25100.754667780908
t999,0.0,0.0,0.0,26772.13133776111
t1000,0.0,0.0,0.0,31043.405171239458
t1001,0.0,0.0,0.0,31447.711715276986
t1002,0.0,0.0,0.0,28621.399954412078
t1003,0.0,0.0,0.0,21232.764791505302
t1004,0.0,0.0,0.0,20485.646890179494
t1005,0.0,0.0,0.0,18907.14014524731
t1006,0.0,0.0,0.0,13580.530337608778
t1007,0.0,0.0,0.0,8010.730247359818
t1008,0.0,0.0,0.0,-0.0
t1009,0.0,0.0,0.0,21809.80669306252
t1010,0.0,0.0,0.0,17581.293842625004
t1011,0.0,0.0,0.0,14532.832332316382
t1012,0.0,0.0,0.0,13106.800058144643
t1013,0.0,0.0,0.0,13106.800058144643
t1014,0.0,0.0,0.0,13106.800058144643
t1015,0.0,0.0,0.0,7617.877767722924
t1016,0.0,0.0,0.0,7617.877767722924
t1017,0.0,0.0,0.0,7617.877767722924
t1018,0.0,0.0,0.0,6061.81543466532
t1019,0.0,0.0,0.0,9284.332968848137
t1020,0.0,0.0,0.0,12323.99050947074
t1021,0.0,0.0,0.0,20722.4213428629
t1022,0.0,0.0,0.0,24363.9192822481
t1023,0.0,0.0,0.0,28447.583397416754
t1024,0.0,0.0,0.0,29777.185714254454
t1025,0.0,0.0,0.0,29303.142552180972
t1026,0.0,0.0,0.0,31447.711715276986
t1027,0.0,0.0,0.0,27266.963064305804
t1028,0.0,0.0,0.0,21250.03456321201
t1029,0.0,0.0,0.0,11971.083889641883
t1030,0.0,0.0,0.0,8079.249525040659
t1031,0.0,0.0,0.0,3071.8863589260723
t1032,0.0,0.0,0.0,1063.4677016831536
t1033,0.0,0.0,0.0,-0.0
t1034,0.0,0.0,0.0,3178.810859099477
t1035,0.0,0.0,0.0,10104.710784192554
t1036,0.0,0.0,0.0,9924.176168094753
t1037,0.0,0.0,0.0,12026.267838201256
t1038,0.0,0.0,0.0,15489.139258651505
t1039,0.0,0.0,0.0,16475.66099968246
t1040,0.0,0.0,0.0,9672.481045213784
t1041,0.0,0.0,0.0,10461.384657848352
t1042,0.0,0.0,0.0,9772.81956218775
t1043,0.0,0.0,0.0,5809.724622143408
t1044,0.0,0.0,0.0,-0.0
t1045,0.0,0.0,0.0,1965.694809070503
t1046,0.0,0.0,0.0,6858.610407727362
t1047,0.0,0.0,0.0,20372.193113377256
t1048,0.0,0.0,0.0,28145.130489661482
t1049,0.0,0.0,0.0,29670.60715431301
t1050,0.0,0.0,0.0,22929.113923937075
t1051,0.0,0.0,0.0,20701.921775458894
t1052,0.0,0.0,0.0,12276.885143055413
t1053,0.0,0.0,0.0,7876.044307925071
t1054,0.0,0.0,0.0,7077.373549433958
t1055,0.0,0.0,0.0,5840.253286572789
t1056,0.0,0.0,0.0,11014.773210396463
t1057,0.0,0.0,0.0,17534.37330134017
t1058,0.0,0.0,0.0,19390.90440103087
t1059,0.0,0.0,0.0,27478.891132353474
t1060,0.0,0.0,0.0,27075.058449698794
t1061,0.0,0.0,0.0,28878.778803144036
t1062,0.0,0.0,0.0,31447.711715276986
t1063,0.0,0.0,0.0,30908.27963247073
t1064,0.0,0.0,0.0,29777.4628082353
t1065,0.0,0.0,0.0,29777.4628082353
t1066,0.0,0.0,0.0,26534.41755910559
t1067,0.0,0.0,0.0,26629.715200146245
t1068,0.0,0.0,0.0,25333.96447167117
t1069,0.0,0.0,0.0,25864.60648072451
t1070,0.0,0.0,0.0,25864.60648072451
t1071,0.0,0.0,0.0,29890.53987049536
t1072,0.0,0.0,0.0,29890.53987049536
t1073,0.0,0.0,0.0,25824.624601210195
t1074,0.0,0.0,0.0,23724.958023425857
t1075,0.0,0.0,0.0,20898.729434447992
t1076,0.0,0.0,0.0,18930.191441315917
t1077,0.0,0.0,0.0,18930.191441315917
t1078,0.0,0.0,0.0,22328.51724684449
t1079,0.0,0.0,0.0,22328.51724684449
t1080,0.0,0.0,0.0,27128.449372624375
t1081,0.0,0.0,0.0,31447.711715276986
t1082,0.0,0.0,0.0,31044.56888812668
t1083,0.0,0.0,0.0,29786.922096371327
t1084,0.0,0.0,0.0,29786.922096371327
t1085,0.0,0.0,0.0,28765.42734227306
t1086,0.0,0.0,0.0,26494.831851398372
t1087,0.0,0.0,0.0,24325.06072554488
t1088,0.0,0.0,0.0,21271.670921781846
t1089,0.0,0.0,0.0,19190.229541202058
t1090,0.0,0.0,0.0,19092.09061008983
t1091,0.0,0.0,0.0,19092.09061008983
t1092,0.0,0.0,0.0,19092.09061008983
t1093,0.0,0.0,0.0,20272.530828900104
t1094,0.0,0.0,0.0,21763.254313968042
t1095,0.0,0.0,0.0,22822.75038709693
t1096,0.0,0.0,0.0,22869.796325843396
t1097,0.0,0.0,0.0,22869.796325843396
t1098,0.0,0.0,0.0,22869.796325843396
t1099,0.0,0.0,0.0,23016.53047243871
t1100,0.0,0.0,0.0,19330.97128646434
t1101,0.0,0.0,0.0,19656.125770168404
t1102,0.0,0.0,0.0,9276.484400103946
t1103,0.0,0.0,0.0,7084.906054328727
t1104,0.0,0.0,0.0,6286.95132455843
t1105,0.0,0.0,0.0,8144.653026429572
t1106,0.0,0.0,0.0,13595.930206297964
t1107,0.0,0.0,0.0,17881.589765903427
t1108,0.0,0.0,0.0,22145.04382742496
t1109,0.0,0.0,0.0,27305.851298619244
t1110,0.0,0.0,0.0,31447.711715276986
t1111,0.0,0.0,0.0,28910.132661409185
t1112,0.0,0.0,0.0,25042.735568087923
t1113,0.0,0.0,0.0,22433.396306211314
t1114,0.0,0.0,0.0,21066.496164096578
t1115,0.0,0.0,0.0,20822.263141397914
t1116,0.0,0.0,0.0,20822.263141397914
t1117,0.0,0.0,0.0,20822.263141397914
t1118,0.0,0.0,0.0,20822.263141397914
t1119,0.0,0.0,0.0,21412.426185265333
t1120,0.0,0.0,0.0,21560.033042806957
t1121,0.0,0.0,0.0,20408.640096800536
t1122,0.0,0.0,0.0,17128.729176652017
t1123,0.0,0.0,0.0,9807.544426461878
t1124,0.0,0.0,0.0,8757.382236797419
t1125,0.0,0.0,0.0,9385.331394126131
t1126,0.0,0.0,0.0,9273.756895501194
t1127,0.0,0.0,0.0,11195.352152068046
t1128,0.0,0.0,0.0,10388.366763936017
t1129,0.0,0.0,0.0,6696.072264904882
t1130,0.0,0.0,0.0,3655.6955341837106
t1131,0.0,0.0,0.0,1297.8790613084343
t1132,0.0,0.0,0.0,0.0
t1133,0.0,0.0,0.0,-0.0
t1134,0.0,0.0,0.0,1408.3040098277104
t1135,0.0,0.0,0.0,1408.3040098277104
t1136,0.0,0.0,0.0,0.0
t1137,0.0,0.0,0.0,0.0
t1138,0.0,0.0,0.0,382.00895263648425
t1139,0.0,0.0,0.0,2448.555598391559
t1140,0.0,0.0,0.0,5037.141301879144
t1141,0.0,0.0,0.0,7430.194764290761
t1142,0.0,0.0,0.0,9636.45443905497
t1143,0.0,0.0,0.0,10786.768223732452
t1144,0.0,0.0,0.0,10174.25172785022
t1145,0.0,0.0,0.0,6551.84631274339
t1146,0.0,0.0,0.0,2419.101819557106
t1147,0.0,0.0,0.0,3227.2362268365387
t1148,0.0,0.0,0.0,2724.330498332723
t1149,0.0,0.0,0.0,11562.06520225518
t1150,0.0,0.0,0.0,17730.741820678977
t1151,0.0,0.0,0.0,20980.865952015487
t1152,0.0,0.0,0.0,23073.17927514426
t1153,0.0,0.0,0.0,26223.55202153859
t1154,0.0,0.0,0.0,31447.711715276986
t1155,0.0,0.0,0.0,24041.442975759393
t1156,0.0,0.0,0.0,16808.449129504348
t1157,0.0,0.0,0.0,9554.210278125744
t1158,0.0,0.0,0.0,6249.557551454942
t1159,0.0,0.0,0.0,817.5419300349489
t1160,0.0,0.0,0.0,283.09504430592546
t1161,0.0,0.0,0.0,0.0
t1162,0.0,0.0,0.0,0.0
t1163,0.0,0.0,0.0,825.0638995243991
t1164,0.0,0.0,0.0,1776.4715448847319
t1165,0.0,0.0,0.0,3359.7545590795567
t1166,0.0,0.0,0.0,6028.644452932244
t1167,0.0,0.0,0.0,10315.57453044579
t1168,0.0,0.0,0.0,12485.424137253029
t1169,0.0,0.0,0.0,17271.737654810815
t1170,0.0,0.0,0.0,17570.352113423807
t1171,0.0,0.0,0.0,17876.424535811955
t1172,0.0,0.0,0.0,11487.529618608502
t1173,0.0,0.0,0.0,13784.327351402133
t1174,0.0,0.0,0.0,18973.500513586503
t1175,0.0,0.0,0.0,24200.900138736077
t1176,0.0,0.0,0.0,31447.711715276986
t1177,0.0,0.0,0.0,31447.711715276986
t1178,0.0,0.0,0.0,31447.711715276986
t1179,0.0,0.0,0.0,31447.711715276986
t1180,0.0,0.0,0.0,31447.711715276986
t1181,0.0,0.0,0.0,31447.711715276986
t1182,0.0,0.0,0.0,31447.711715276986
t1183,0.0,0.0,0.0,17602.729735985347
t1184,0.0,0.0,0.0,31447.711715276986
t1185,0.0,0.0,0.0,31447.711715276986
t1186,0.0,0.0,0.0,31447.711715276986
t1187,0.0,0.0,0.0,30852.289517017754
t1188,0.0,0.0,0.0,31447.711715276986
t1189,0.0,0.0,0.0,31447.711715276986
t1190,0.0,0.0,0.0,23810.76402295056
t1191,0.0,0.0,0.0,31447.711715276986
t1192,0.0,0.0,0.0,31447.711715276986
t1193,0.0,0.0,0.0,31447.711715276986
t1194,0.0,0.0,0.0,15952.723801650747
t1195,0.0,0.0,0.0,18034.716154802965
t1196,0.0,0.0,0.0,20084.01046062444
t1197,0.0,0.0,0.0,25650.645295488754
t1198,0.0,0.0,0.0,31447.711715276986
t1199,0.0,0.0,0.0,17846.020648584235
t1200,0.0,0.0,0.0,20355.401159306402
t1201,0.0,0.0,0.0,24619.324170352364
t1202,0.0,0.0,0.0,27849.792412939365
t1203,0.0,0.0,0.0,26456.989972041785
t1204,0.0,0.0,0.0,31447.711715276986
t1205,0.0,0.0,0.0,31447.711715276986
t1206,0.0,0.0,0.0,27332.73483076398
t1207,0.0,0.0,0.0,31447.711715276986
t1208,0.0,0.0,0.0,24585.130550749713
t1209,0.0,0.0,0.0,23241.655349585457
t1210,0.0,0.0,0.0,27488.889118492796
t1211,0.0,0.0,0.0,29527.786651696704
t1212,0.0,0.0,0.0,31447.711715276986
t1213,0.0,0.0,0.0,30021.14527223804
t1214,0.0,0.0,0.0,31447.711715276986
t1215,0.0,0.0,0.0,31447.711715276986
t1216,0.0,0.0,0.0,31447.711715276986
t1217,0.0,0.0,0.0,31291.36027232026
t1218,0.0,0.0,0.0,30853.654432046354
t1219,0.0,0.0,0.0,28851.439657006384
t1220,0.0,0.0,0.0,26490.8026262749
t1221,0.0,0.0,0.0,26490.8026262749
t1222,0.0,0.0,0.0,26490.8026262749
t1223,0.0,0.0,0.0,26490.8026262749
t1224,0.0,0.0,0.0,30307.31648548322
t1225,0.0,0.0,0.0,30375.695403832167
t1226,0.0,0.0,0.0,30375.695403832167
t1227,0.0,0.0,0.0,31447.711715276986
t1228,0.0,0.0,0.0,31447.711715276986
t1229,0.0,0.0,0.0,31447.711715276986
t1230,0.0,0.0,0.0,31447.711715276986
t1231,0.0,0.0,0.0,28962.214375139516
t1232,0.0,0.0,0.0,26393.288362830837
t1233,0.0,0.0,0.0,26393.288362830837
t1234,0.0,0.0,0.0,26715.70059848174
t1235,0.0,0.0,0.0,27572.489620547687
t1236,0.0,0.0,0.0,29180.374802762453
t1237,0.0,0.0,0.0,30530.788803022664
t1238,0.0,0.0,0.0,30772.61026184662
t1239,0.0,0.0,0.0,30772.61026184662
t1240,0.0,0.0,0.0,31447.711715276986
t1241,0.0,0.0,0.0,29385.633816556136
t1242,0.0,0.0,0.0,25236.069634375268
t1243,0.0,0.0,0.0,20736.416210167466
t1244,0.0,0.0,0.0,16816.644959065405
t1245,0.0,0.0,0.0,13532.598237904125
t1246,0.0,0.0,0.0,9705.670200759414
t1247,0.0,0.0,0.0,7981.28558408925
t1248,0.0,0.0,0.0,6207.32094575024
t1249,0.0,0.0,0.0,4952.508666123734
t1250,0.0,0.0,0.0,4135.690012834175
t1251,0.0,0.0,0.0,3321.0025578713667
t1252,0.0,0.0,0.0,2547.7866718554055
t1253,0.0,0.0,0.0,2245.621381853958
t1254,0.0,0.0,0.0,3080.9541774194945
t1255,0.0,0.0,0.0,0.0
t1256,0.0,0.0,0.0,0.0
t1257,0.0,0.0,0.0,-0.0
t1258,0.0,0.0,0.0,1477.9132986765028
t1259,0.0,0.0,0.0,4345.761068613787
t1260,0.0,0.0,0.0,6875.159742025312
t1261,0.0,0.0,0.0,9597.714834343762
t1262,0.0,0.0,0.0,12460.316142020502
t1263,0.0,0.0,0.0,14892.450177622131
t1264,0.0,0.0,0.0,14892.450177622131
t1265,0.0,0.0,0.0,14892.450177622131
t1266,0.0,0.0,0.0,17358.974907899566
t1267,0.0,0.0,0.0,19175.251321739455
t1268,0.0,0.0,0.0,21826.20466417005
t1269,0.0,0.0,0.0,23548.93727248251
t1270,0.0,0.0,0.0,23548.91766774022
t1271,0.0,0.0,0.0,23267.31722135311
t1272,0.0,0.0,0.0,23251.042367938397
t1273,0.0,0.0,0.0,19323.35447419395
t1274,0.0,0.0,0.0,16525.621073180824
t1275,0.0,0.0,0.0,16525.621073180824
t1276,0.0,0.0,0.0,16525.621073180824
t1277,0.0,0.0,0.0,16616.985953052867
t1278,0.0,0.0,0.0,16616.985953052867
t1279,0.0,0.0,0.0,16616.985953052867
t1280,0.0,0.0,0.0,16616.985953052867
t1281,0.0,0.0,0.0,17536.02888786994
t1282,0.0,0.0,0.0,19066.906368791235
t1283,0.0,0.0,0.0,21247.114762446883
t1284,0.0,0.0,0.0,23297.69235658603
t1285,0.0,0.0,0.0,26164.300104236445
t1286,0.0,0.0,0.0,29471.38763493962
t1287,0.0,0.0,0.0,31447.711715276986
t1288,0.0,0.0,0.0,31447.711715276986
t1289,0.0,0.0,0.0,28440.399816387253
t1290,0.0,0.0,0.0,22183.409472560106
t1291,0.0,0.0,0.0,17091.07109123461
t1292,0.0,0.0,0.0,12949.701745217957
t1293,0.0,0.0,0.0,12949.701745217957
t1294,0.0,0.0,0.0,13233.06533181347
t1295,0.0,0.0,0.0,8604.471069605355
t1296,0.0,0.0,0.0,6915.585927104271
t1297,0.0,0.0,0.0,5389.124796922978
t1298,0.0,0.0,0.0,3597.9141161998955
t1299,0.0,0.0,0.0,2556.6828533280627
t1300,0.0,0.0,0.0,2556.6828533280627
t1301,0.0,0.0,0.0,2556.6828533280627
t1302,0.0,0.0,0.0,2556.6828533280627
t1303,0.0,0.0,0.0,2556.6828533280627
t1304,0.0,0.0,0.0,1969.0245486060292
t1305,0.0,0.0,0.0,3354.5212188823693
t1306,0.0,0.0,0.0,4869.035318595767
t1307,0.0,0.0,0.0,8227.748018013443
t1308,0.0,0.0,0.0,11081.421561817157
t1309,0.0,0.0,0.0,13521.936504321247
t1310,0.0,0.0,0.0,14060.720166193989
t1311,0.0,0.0,0.0,14060.720166193989
t1312,0.0,0.0,0.0,13973.170133029525
t1313,0.0,0.0,0.0,10242.586520462546
t1314,0.0,0.0,0.0,6112.361503175414
t1315,0.0,0.0,0.0,1902.2182584930522
t1316,0.0,0.0,0.0,91.90458253019429
t1317,0.0,0.0,0.0,91.90458253019429
t1318,0.0,0.0,0.0,91.90458253019429
t1319,0.0,0.0,0.0,-0.0
t1320,0.0,0.0,0.0,0.0
t1321,0.0,0.0,0.0,1773.8213915790268
t1322,0.0,0.0,0.0,4434.074856732637
t1323,0.0,0.0,0.0,7965.79326297717
t1324,0.0,0.0,0.0,13109.744207874497
t1325,0.0,0.0,0.0,17835.807280509853
t1326,0.0,0.0,0.0,23302.35865129309
t1327,0.0,0.0,0.0,31447.711715276986
t1328,0.0,0.0,0.0,20503.37916070724
t1329,0.0,0.0,0.0,31447.711715276986
t1330,0.0,0.0,0.0,31447.711715276986
t1331,0.0,0.0,0.0,27717.499356164386
t1332,0.0,0.0,0.0,27386.458119421903
t1333,0.0,0.0,0.0,31447.711715276986
t1334,0.0,0.0,0.0,31447.711715276986
t1335,0.0,0.0,0.0,31447.711715276986
t1336,0.0,0.0,0.0,31447.711715276986
t1337,0.0,0.0,0.0,31447.711715276986
t1338,0.0,0.0,0.0,31447.711715276986
t1339,0.0,0.0,0.0,31447.711715276986
t1340,0.0,0.0,0.0,21950.70946809217
t1341,0.0,0.0,0.0,31447.711715276986
t1342,0.0,0.0,0.0,20625.765466204295
t1343,0.0,0.0,0.0,31447.711715276986
t1344,0.0,0.0,0.0,31447.711715276986
t1345,0.0,0.0,0.0,5319.800400548593
t1346,0.0,0.0,0.0,5319.800400548593
t1347,0.0,0.0,0.0,5319.800400548593
t1348,0.0,0.0,0.0,5319.800400548593
t1349,0.0,0.0,0.0,5319.800400548593
t1350,0.0,0.0,0.0,5319.800400548593
t1351,0.0,0.0,0.0,2749.0229014164324
t1352,0.0,0.0,0.0,-0.0
t1353,0.0,0.0,0.0,-0.0
t1354,0.0,0.0,0.0,3720.198796390965
t1355,0.0,0.0,0.0,10699.841855753379
t1356,0.0,0.0,0.0,19875.54863134517
t1357,0.0,0.0,0.0,29104.1210616621
t1358,0.0,0.0,0.0,31447.711715276986
t1359,0.0,0.0,0.0,31447.711715276986
t1360,0.0,0.0,0.0,31447.711715276986
t1361,0.0,0.0,0.0,31447.711715276986
t1362,0.0,0.0,0.0,27725.863133125127
t1363,0.0,0.0,0.0,23265.385970200823
t1364,0.0,0.0,0.0,18526.415380573886
t1365,0.0,0.0,0.0,14494.452751894754
t1366,0.0,0.0,0.0,11615.698500413402
t1367,0.0,0.0,0.0,10226.217537852222
t1368,0.0,0.0,0.0,10196.411619350585
t1369,0.0,0.0,0.0,10887.417910818662
t1370,0.0,0.0,0.0,11954.206021222602
t1371,0.0,0.0,0.0,13200.682682143452
t1372,0.0,0.0,0.0,14455.580073606468
t1373,0.0,0.0,0.0,15407.397833016328
t1374,0.0,0.0,0.0,15393.723569996468
t1375,0.0,0.0,0.0,13322.196808982919
t1376,0.0,0.0,0.0,10145.36641495719
t1377,0.0,0.0,0.0,9238.018301801454
t1378,0.0,0.0,0.0,11277.482365033806
t1379,0.0,0.0,0.0,15282.10446098847
t1380,0.0,0.0,0.0,19874.48252056052
t1381,0.0,0.0,0.0,23414.185280997346
t1382,0.0,0.0,0.0,26107.66273405322
t1383,0.0,0.0,0.0,29077.477125401558
t1384,0.0,0.0,0.0,29435.757061190045
t1385,0.0,0.0,0.0,24493.422678707346
t1386,0.0,0.0,0.0,18794.425415415746
t1387,0.0,0.0,0.0,13262.000808494464
t1388,0.0,0.0,0.0,8286.772541701537
t1389,0.0,0.0,0.0,4117.015511757742
t1390,0.0,0.0,0.0,1266.4050659022853
t1391,0.0,0.0,0.0,0.0
t1392,0.0,0.0,0.0,0.0
t1393,0.0,0.0,0.0,620.6258742012841
t1394,0.0,0.0,0.0,1843.203259082775
t1395,0.0,0.0,0.0,3165.236307175533
t1396,0.0,0.0,0.0,4762.63338342234
t1397,0.0,0.0,0.0,5910.083787582317
t1398,0.0,0.0,0.0,6078.239154499371
t1399,0.0,0.0,0.0,4107.665386720634
t1400,0.0,0.0,0.0,765.8120808147095
t1401,0.0,0.0,0.0,1999.4374860551445
t1402,0.0,0.0,0.0,2459.577566630947
t1403,0.0,0.0,0.0,4420.15060943174
t1404,0.0,0.0,0.0,12708.683609760483
t1405,0.0,0.0,0.0,21465.233361569757
t1406,0.0,0.0,0.0,25176.79557813352
t1407,0.0,0.0,0.0,28352.159413776255
t1408,0.0,0.0,0.0,31447.711715276986
t1409,0.0,0.0,0.0,26645.362086753332
t1410,0.0,0.0,0.0,21262.56246202603
t1411,0.0,0.0,0.0,15578.947147461908
t1412,0.0,0.0,0.0,10087.532552230188
t1413,0.0,0.0,0.0,5518.845364847391
t1414,0.0,0.0,0.0,2082.7457544855934
t1415,0.0,0.0,0.0,0.0
t1416,0.0,0.0,0.0,158.9404244451729
t1417,0.0,0.0,0.0,1921.0591724969834
t1418,0.0,0.0,0.0,1921.0591724969834
t1419,0.0,0.0,0.0,1921.0591724969834
t1420,0.0,0.0,0.0,3249.520627411842
t1421,0.0,0.0,0.0,3355.5718662906625
t1422,0.0,0.0,0.0,3355.5718662906625
t1423,0.0,0.0,0.0,3355.5718662906625
t1424,0.0,0.0,0.0,0.0
t1425,0.0,0.0,0.0,-0.0
t1426,0.0,0.0,0.0,-0.0
t1427,0.0,0.0,0.0,3368.900118298509
t1428,0.0,0.0,0.0,17379.093562535007
t1429,0.0,0.0,0.0,28495.722038056912
t1430,0.0,0.0,0.0,12092.87217611081
t1431,0.0,0.0,0.0,27295.00708549534
t1432,0.0,0.0,0.0,31447.711715276986
t1433,0.0,0.0,0.0,31447.711715276986
t1434,0.0,0.0,0.0,30595.98023269741
t1435,0.0,0.0,0.0,26695.47860880609
t1436,0.0,0.0,0.0,26528.488891113993
t1437,0.0,0.0,0.0,28867.455060369866
t1438,0.0,0.0,0.0,28867.455060369866
t1439,0.0,0.0,0.0,28867.455060369866
t1440,0.0,0.0,0.0,28270.834022405175
t1441,0.0,0.0,0.0,28270.834022405175
t1442,0.0,0.0,0.0,28270.834022405175
t1443,0.0,0.0,0.0,28270.834022405175
t1444,0.0,0.0,0.0,28238.068586871344
t1445,0.0,0.0,0.0,27576.58537186196
t1446,0.0,0.0,0.0,25726.73206655947
t1447,0.0,0.0,0.0,21572.551794537554
t1448,0.0,0.0,0.0,16254.147377698899
t1449,0.0,0.0,0.0,14112.184896420189
t1450,0.0,0.0,0.0,18681.127094078525
t1451,0.0,0.0,0.0,22679.343955785243
t1452,0.0,0.0,0.0,26601.227921167563
t1453,0.0,0.0,0.0,30014.77412574015
t1454,0.0,0.0,0.0,31447.711715276986
t1455,0.0,0.0,0.0,31447.711715276986
t1456,0.0,0.0,0.0,31447.711715276986
t1457,0.0,0.0,0.0,26528.641953786202
t1458,0.0,0.0,0.0,20891.80229350338
t1459,0.0,0.0,0.0,15398.339147934457
t1460,0.0,0.0,0.0,10385.30493833394
t1461,0.0,0.0,0.0,6216.049598707086
t1462,0.0,0.0,0.0,2879.975065547153
t1463,0.0,0.0,0.0,754.1866136278438
t1464,0.0,0.0,0.0,0.0
t1465,0.0,0.0,0.0,340.1922664989227
t1466,0.0,0.0,0.0,1530.9866240829265
t1467,0.0,0.0,0.0,1918.497782801966
t1468,0.0,0.0,0.0,3276.6547355287134
t1469,0.0,0.0,0.0,3276.6547355287134
t1470,0.0,0.0,0.0,4204.468370509997
t1471,0.0,0.0,0.0,4772.9826301916
t1472,0.0,0.0,0.0,4083.41541258751
t1473,0.0,0.0,0.0,4083.41541258751
t1474,0.0,0.0,0.0,9580.006687229312
t1475,0.0,0.0,0.0,10947.570311187872
t1476,0.0,0.0,0.0,17471.972834606815
t1477,0.0,0.0,0.0,21434.002453980393
t1478,0.0,0.0,0.0,27818.977108883948
t1479,0.0,0.0,0.0,28586.59545848553
t1480,0.0,0.0,0.0,31447.711715276986
t1481,0.0,0.0,0.0,26955.066527160234
t1482,0.0,0.0,0.0,22006.904370706765
t1483,0.0,0.0,0.0,17264.76076149116
t1484,0.0,0.0,0.0,13070.383895073932
t1485,0.0,0.0,0.0,9445.3764181211
t1486,0.0,0.0,0.0,6903.602812248664
t1487,0.0,0.0,0.0,5279.576088399338
t1488,0.0,0.0,0.0,4894.028206369598
t1489,0.0,0.0,0.0,4894.028206369598
t1490,0.0,0.0,0.0,4894.028206369598
t1491,0.0,0.0,0.0,4894.028206369598
t1492,0.0,0.0,0.0,4894.028206369598
t1493,0.0,0.0,0.0,4894.028206369598
t1494,0.0,0.0,0.0,4894.028206369598
t1495,0.0,0.0,0.0,4894.028206369598
t1496,0.0,0.0,0.0,4894.028206369598
t1497,0.0,0.0,0.0,4894.028206369598
t1498,0.0,0.0,0.0,4894.028206369598
t1499,0.0,0.0,0.0,5119.749160129572
t1500,0.0,0.0,0.0,5119.749160129572
t1501,0.0,0.0,0.0,5119.749160129572
t1502,0.0,0.0,0.0,6443.1532770417625
t1503,0.0,0.0,0.0,7361.948525466829
t1504,0.0,0.0,0.0,7361.948525466829
t1505,0.0,0.0,0.0,5233.4049403464
t1506,0.0,0.0,0.0,1267.057591404292
t1507,0.0,0.0,0.0,0.0
t1508,0.0,0.0,0.0,-0.0
t1509,0.0,0.0,0.0,457.1120604806486
t1510,0.0,0.0,0.0,0.0
t1511,0.0,0.0,0.0,3459.715553600107
t1512,0.0,0.0,0.0,4414.629493396186
t1513,0.0,0.0,0.0,19817.193437021047
t1514,0.0,0.0,0.0,19817.193437021047
t1515,0.0,0.0,0.0,19817.193437021047
t1516,0.0,0.0,0.0,19817.193437021047
t1517,0.0,0.0,0.0,17747.92824292117
t1518,0.0,0.0,0.0,14059.005365309557
t1519,0.0,0.0,0.0,7945.7390658027725
t1520,0.0,0.0,0.0,1014.550427487201
t1521,0.0,0.0,0.0,-0.0
t1522,0.0,0.0,0.0,-0.0
t1523,0.0,0.0,0.0,6528.941758837838
t1524,0.0,0.0,0.0,18944.568293726687
t1525,0.0,0.0,0.0,31447.711715276986
t1526,0.0,0.0,0.0,31447.711715276986
t1527,0.0,0.0,0.0,31447.711715276986
t1528,0.0,0.0,0.0,31447.711715276986
t1529,0.0,0.0,0.0,27140.815839646155
t1530,0.0,0.0,0.0,21684.494810206455
t1531,0.0,0.0,0.0,16296.051327232739
t1532,0.0,0.0,0.0,11332.934555863969
t1533,0.0,0.0,0.0,7087.191715289607
t1534,0.0,0.0,0.0,4037.6896458548417
t1535,0.0,0.0,0.0,2557.3734009073714
t1536,0.0,0.0,0.0,2514.4374380113563
t1537,0.0,0.0,0.0,3305.82155483036
t1538,0.0,0.0,0.0,4501.180431649364
t1539,0.0,0.0,0.0,5856.635833290378
t1540,0.0,0.0,0.0,7228.532100573905
t1541,0.0,0.0,0.0,7228.532100573905
t1542,0.0,0.0,0.0,7228.532100573905
t1543,0.0,0.0,0.0,5057.736881490496
t1544,0.0,0.0,0.0,1831.6567418309235
t1545,0.0,0.0,0.0,3964.1621055791097
t1546,0.0,0.0,0.0,8622.60554279742
t1547,0.0,0.0,0.0,10253.775677845146
t1548,0.0,0.0,0.0,11894.991359428781
t1549,0.0,0.0,0.0,13486.796893036693
t1550,0.0,0.0,0.0,15365.630166393976
t1551,0.0,0.0,0.0,16537.46795586592
t1552,0.0,0.0,0.0,16537.46795586592
t1553,0.0,0.0,0.0,12372.406901093389
t1554,0.0,0.0,0.0,7470.552706239862
t1555,0.0,0.0,0.0,3263.0864777515167
t1556,0.0,0.0,0.0,321.6179961383024
t1557,0.0,0.0,0.0,0.0
t1558,0.0,0.0,0.0,0.0
t1559,0.0,0.0,0.0,-0.0
t1560,0.0,0.0,0.0,-0.0
t1561,0.0,0.0,0.0,-0.0
t1562,0.0,0.0,0.0,-0.0
t1563,0.0,0.0,0.0,-0.0
t1564,0.0,0.0,0.0,-0.0
t1565,0.0,0.0,0.0,1385.0897916101255
t1566,0.0,0.0,0.0,6524.935811713501
t1567,0.0,0.0,0.0,4554.671417002575
t1568,0.0,0.0,0.0,203.63616850743148
t1569,0.0,0.0,0.0,-0.0
t1570,0.0,0.0,0.0,9334.059851099382
t1571,0.0,0.0,0.0,21031.546520084314
t1572,0.0,0.0,0.0,31403.33231784325
t1573,0.0,0.0,0.0,31447.711715276986
t1574,0.0,0.0,0.0,20512.267281880053
t1575,0.0,0.0,0.0,31447.711715276986
t1576,0.0,0.0,0.0,31447.711715276986
t1577,0.0,0.0,0.0,31447.711715276986
t1578,0.0,0.0,0.0,31447.711715276986
t1579,0.0,0.0,0.0,31447.711715276986
t1580,0.0,0.0,0.0,31447.711715276986
t1581,0.0,0.0,0.0,31447.711715276986
t1582,0.0,0.0,0.0,31447.711715276986
t1583,0.0,0.0,0.0,31447.711715276986
t1584,0.0,0.0,0.0,31447.711715276986
t1585,0.0,0.0,0.0,31447.711715276986
t1586,0.0,0.0,0.0,31447.711715276986
t1587,0.0,0.0,0.0,31447.711715276986
t1588,0.0,0.0,0.0,25095.51712881027
t1589,0.0,0.0,0.0,29993.845311217654
t1590,0.0,0.0,0.0,31447.711715276986
t1591,0.0,0.0,0.0,24041.64178979796
t1592,0.0,0.0,0.0,12537.459297669358
t1593,0.0,0.0,0.0,6592.160104727316
t1594,0.0,0.0,0.0,12735.331926063527
t1595,0.0,0.0,0.0,24586.107969328503
t1596,0.0,0.0,0.0,31447.711715276986
t1597,0.0,0.0,0.0,31447.711715276986
t1598,0.0,0.0,0.0,30551.52894495719
t1599,0.0,0.0,0.0,31447.711715276986
t1600,0.0,0.0,0.0,31447.711715276986
t1601,0.0,0.0,0.0,29418.32876693726
t1602,0.0,0.0,0.0,24572.23279222116
t1603,0.0,0.0,0.0,18571.989055316168
t1604,0.0,0.0,0.0,12601.899330388796
t1605,0.0,0.0,0.0,6694.390814408038
t1606,0.0,0.0,0.0,2058.3447850573934
t1607,0.0,0.0,0.0,0.0
t1608,0.0,0.0,0.0,0.0
t1609,0.0,0.0,0.0,160.0103641493824
t1610,0.0,0.0,0.0,160.0103641493824
t1611,0.0,0.0,0.0,160.0103641493824
t1612,0.0,0.0,0.0,-0.0
t1613,0.0,0.0,0.0,1691.893780636046
t1614,0.0,0.0,0.0,4818.707598413906
t1615,0.0,0.0,0.0,5490.687073469491
t1616,0.0,0.0,0.0,4511.015789026388
t1617,0.0,0.0,0.0,5891.9055074128255
t1618,0.0,0.0,0.0,14465.990064731819
t1619,0.0,0.0,0.0,18950.35043361046
t1620,0.0,0.0,0.0,23485.056514528707
t1621,0.0,0.0,0.0,27369.624577183113
t1622,0.0,0.0,0.0,30969.561311752586
t1623,0.0,0.0,0.0,31447.711715276986
t1624,0.0,0.0,0.0,31447.711715276986
t1625,0.0,0.0,0.0,31447.711715276986
t1626,0.0,0.0,0.0,31447.711715276986
t1627,0.0,0.0,0.0,24641.7088056478
t1628,0.0,0.0,0.0,18427.495026453395
t1629,0.0,0.0,0.0,12898.03342117203
t1630,0.0,0.0,0.0,8316.341381108054
t1631,0.0,0.0,0.0,5082.613471478861
t1632,0.0,0.0,0.0,5071.132136594218
t1633,0.0,0.0,0.0,5248.117046434738
t1634,0.0,0.0,0.0,5248.117046434738
t1635,0.0,0.0,0.0,8714.264767908007
t1636,0.0,0.0,0.0,10018.064263588785
t1637,0.0,0.0,0.0,10018.064263588785
t1638,0.0,0.0,0.0,9922.398816285287
t1639,0.0,0.0,0.0,8980.337773963925
t1640,0.0,0.0,0.0,7038.000826662291
t1641,0.0,0.0,0.0,6817.54173501237
t1642,0.0,0.0,0.0,6817.54173501237
t1643,0.0,0.0,0.0,6817.54173501237
t1644,0.0,0.0,0.0,9226.94979465751
t1645,0.0,0.0,0.0,14602.830367716282
t1646,0.0,0.0,0.0,16269.110270883973
t1647,0.0,0.0,0.0,16269.110270883973
t1648,0.0,0.0,0.0,16269.110270883973
t1649,0.0,0.0,0.0,11194.630281185247
t1650,0.0,0.0,0.0,6364.031950290101
t1651,0.0,0.0,0.0,2381.9325996694542
t1652,0.0,0.0,0.0,234.51875780914972
t1653,0.0,0.0,0.0,-0.0
t1654,0.0,0.0,0.0,0.0
t1655,0.0,0.0,0.0,498.75025682152784
t1656,0.0,0.0,0.0,6504.250430401567
t1657,0.0,0.0,0.0,17830.61217577636
t1658,0.0,0.0,0.0,27919.139652543898
t1659,0.0,0.0,0.0,31447.711715276986
t1660,0.0,0.0,0.0,21932.918408816153
t1661,0.0,0.0,0.0,31447.711715276986
t1662,0.0,0.0,0.0,31447.711715276986
t1663,0.0,0.0,0.0,29608.24023831513
t1664,0.0,0.0,0.0,31447.711715276986
t1665,0.0,0.0,0.0,29409.851496032876
t1666,0.0,0.0,0.0,31447.711715276986
t1667,0.0,0.0,0.0,30929.004935719004
t1668,0.0,0.0,0.0,31447.711715276986
t1669,0.0,0.0,0.0,31447.711715276986
t1670,0.0,0.0,0.0,31447.711715276986
t1671,0.0,0.0,0.0,31447.711715276986
t1672,0.0,0.0,0.0,31338.506909834825
t1673,0.0,0.0,0.0,24243.841599839896
t1674,0.0,0.0,0.0,17295.196324398225
t1675,0.0,0.0,0.0,8544.000136533676
t1676,0.0,0.0,0.0,1783.0591759744436
t1677,0.0,0.0,0.0,-0.0
t1678,0.0,0.0,0.0,4619.250093366992
t1679,0.0,0.0,0.0,10595.689749144523
t1680,0.0,0.0,0.0,19817.193437021047
t1681,0.0,0.0,0.0,31447.711715276986
t1682,0.0,0.0,0.0,31447.711715276986
t1683,0.0,0.0,0.0,18821.077613474725
t1684,0.0,0.0,0.0,20056.06843306725
t1685,0.0,0.0,0.0,22933.4012900607
t1686,0.0,0.0,0.0,26001.197898505958
t1687,0.0,0.0,0.0,27390.681678192122
t1688,0.0,0.0,0.0,28759.21079644929
t1689,0.0,0.0,0.0,27675.523186480084
t1690,0.0,0.0,0.0,31447.711715276986
t1691,0.0,0.0,0.0,31447.711715276986
t1692,0.0,0.0,0.0,31447.711715276986
t1693,0.0,0.0,0.0,29165.780919075707
t1694,0.0,0.0,0.0,26969.517719144595
t1695,0.0,0.0,0.0,24596.148908896204
t1696,0.0,0.0,0.0,18192.871297152786
t1697,0.0,0.0,0.0,11928.91798282067
t1698,0.0,0.0,0.0,8226.638084319913
t1699,0.0,0.0,0.0,6561.781107174919
t1700,0.0,0.0,0.0,3380.7353438544537
t1701,0.0,0.0,0.0,-0.0
t1702,0.0,0.0,0.0,1720.3586375851426
t1703,0.0,0.0,0.0,7835.191815118769
t1704,0.0,0.0,0.0,11572.798928989056
t1705,0.0,0.0,0.0,17512.558415507192
t1706,0.0,0.0,0.0,24781.83937613757
t1707,0.0,0.0,0.0,31447.711715276986
t1708,0.0,0.0,0.0,31447.711715276986
t1709,0.0,0.0,0.0,31447.711715276986
t1710,0.0,0.0,0.0,31447.711715276986
t1711,0.0,0.0,0.0,31447.711715276986
t1712,0.0,0.0,0.0,25139.903133052674
t1713,0.0,0.0,0.0,26768.54553986557
t1714,0.0,0.0,0.0,31447.711715276986
t1715,0.0,0.0,0.0,29569.30370964984
t1716,0.0,0.0,0.0,30484.794215848753
t1717,0.0,0.0,0.0,31447.711715276986
t1718,0.0,0.0,0.0,31447.711715276986
t1719,0.0,0.0,0.0,31447.711715276986
t1720,0.0,0.0,0.0,31447.711715276986
t1721,0.0,0.0,0.0,25152.475647381492
t1722,0.0,0.0,0.0,16117.439277178939
t1723,0.0,0.0,0.0,9520.145899259816
t1724,0.0,0.0,0.0,370.43253082928373
t1725,0.0,0.0,0.0,0.0
t1726,0.0,0.0,0.0,0.0
t1727,0.0,0.0,0.0,2973.7373587760167
t1728,0.0,0.0,0.0,9067.673156302802
t1729,0.0,0.0,0.0,20370.086085129627
t1730,0.0,0.0,0.0,31447.711715276986
t1731,0.0,0.0,0.0,31447.711715276986
t1732,0.0,0.0,0.0,31447.711715276986
t1733,0.0,0.0,0.0,31447.711715276986
t1734,0.0,0.0,0.0,31447.711715276986
t1735,0.0,0.0,0.0,31447.711715276986
t1736,0.0,0.0,0.0,31447.711715276986
t1737,0.0,0.0,0.0,31447.711715276986
t1738,0.0,0.0,0.0,31447.711715276986
t1739,0.0,0.0,0.0,31447.711715276986
t1740,0.0,0.0,0.0,31447.711715276986
t1741,0.0,0.0,0.0,31447.711715276986
t1742,0.0,0.0,0.0,31447.711715276986
t1743,0.0,0.0,0.0,31447.711715276986
t1744,0.0,0.0,0.0,31447.711715276986
t1745,0.0,0.0,0.0,31447.711715276986
t1746,0.0,0.0,0.0,31447.711715276986
t1747,0.0,0.0,0.0,29619.752594881218
t1748,0.0,0.0,0.0,25083.994371593406
t1749,0.0,0.0,0.0,31447.711715276986
t1750,0.0,0.0,0.0,23449.211088230422
t1751,0.0,0.0,0.0,31447.711715276986
t1752,0.0,0.0,0.0,17668.02123694136
t1753,0.0,0.0,0.0,18668.714204346266
t1754,0.0,0.0,0.0,26380.653693257776
t1755,0.0,0.0,0.0,29171.26320424766
t1756,0.0,0.0,0.0,31447.711715276986
t1757,0.0,0.0,0.0,31348.51757578928
t1758,0.0,0.0,0.0,31447.711715276986
t1759,0.0,0.0,0.0,27032.485999491022
t1760,0.0,0.0,0.0,23517.21673435493
t1761,0.0,0.0,0.0,16950.394592001743
t1762,0.0,0.0,0.0,15509.490089378929
t1763,0.0,0.0,0.0,17369.143308073668
t1764,0.0,0.0,0.0,20256.20853549405
t1765,0.0,0.0,0.0,23059.143511096037
t1766,0.0,0.0,0.0,24105.66702330094
t1767,0.0,0.0,0.0,22696.31190912535
t1768,0.0,0.0,0.0,22033.974608095916
t1769,0.0,0.0,0.0,11572.864585520258
t1770,0.0,0.0,0.0,5449.578731180509
t1771,0.0,0.0,0.0,1108.0186214770933
t1772,0.0,0.0,0.0,6737.45351392212
t1773,0.0,0.0,0.0,5854.844809493873
t1774,0.0,0.0,0.0,-0.0
t1775,0.0,0.0,0.0,-0.0
t1776,0.0,0.0,0.0,3016.545437229743
t1777,0.0,0.0,0.0,6596.729907017315
t1778,0.0,0.0,0.0,12719.137387648161
t1779,0.0,0.0,0.0,20311.930550592562
t1780,0.0,0.0,0.0,31373.328588921344
t1781,0.0,0.0,0.0,31447.711715276986
t1782,0.0,0.0,0.0,31447.711715276986
t1783,0.0,0.0,0.0,31447.711715276986
t1784,0.0,0.0,0.0,31447.711715276986
t1785,0.0,0.0,0.0,31447.711715276986
t1786,0.0,0.0,0.0,31447.711715276986
t1787,0.0,0.0,0.0,31447.711715276986
t1788,0.0,0.0,0.0,31447.711715276986
t1789,0.0,0.0,0.0,31447.711715276986
t1790,0.0,0.0,0.0,31447.711715276986
t1791,0.0,0.0,0.0,31447.711715276986
t1792,0.0,0.0,0.0,31447.711715276986
t1793,0.0,0.0,0.0,31447.711715276986
t1794,0.0,0.0,0.0,31447.711715276986
t1795,0.0,0.0,0.0,31447.711715276986
t1796,0.0,0.0,0.0,31447.711715276986
t1797,0.0,0.0,0.0,31447.711715276986
t1798,0.0,0.0,0.0,25666.36342372794
t1799,0.0,0.0,0.0,19873.825980888854
t1800,0.0,0.0,0.0,20285.130273879742
t1801,0.0,0.0,0.0,19566.01170156902
t1802,0.0,0.0,0.0,18220.975880236347
t1803,0.0,0.0,0.0,15246.805212339641
t1804,0.0,0.0,0.0,16026.998846330556
t1805,0.0,0.0,0.0,20046.664460297416
t1806,0.0,0.0,0.0,31447.711715276986
t1807,0.0,0.0,0.0,23962.175971075932
t1808,0.0,0.0,0.0,14098.440822279439
t1809,0.0,0.0,0.0,12243.297060498886
t1810,0.0,0.0,0.0,19764.14550932044
t1811,0.0,0.0,0.0,31447.711715276986
t1812,0.0,0.0,0.0,31447.711715276986
t1813,0.0,0.0,0.0,31447.711715276986
t1814,0.0,0.0,0.0,31447.711715276986
t1815,0.0,0.0,0.0,31447.711715276986
t1816,0.0,0.0,0.0,31447.711715276986
t1817,0.0,0.0,0.0,31447.711715276986
t1818,0.0,0.0,0.0,31447.711715276986
t1819,0.0,0.0,0.0,31447.711715276986
t1820,0.0,0.0,0.0,31447.711715276986
t1821,0.0,0.0,0.0,31447.711715276986
t1822,0.0,0.0,0.0,31447.711715276986
t1823,0.0,0.0,0.0,31447.711715276986
t1824,0.0,0.0,0.0,31447.711715276986
t1825,0.0,0.0,0.0,31447.711715276986
t1826,0.0,0.0,0.0,31447.711715276986
t1827,0.0,0.0,0.0,31447.711715276986
t1828,0.0,0.0,0.0,31447.711715276986
t1829,0.0,0.0,0.0,19565.32361033653
t1830,0.0,0.0,0.0,31447.711715276986
t1831,0.0,0.0,0.0,31447.711715276986
t1832,0.0,0.0,0.0,24589.32270955147
t1833,0.0,0.0,0.0,31447.711715276986
t1834,0.0,0.0,0.0,31447.711715276986
t1835,0.0,0.0,0.0,31447.711715276986
t1836,0.0,0.0,0.0,31447.711715276986
t1837,0.0,0.0,0.0,27282.265178185808
t1838,0.0,0.0,0.0,31447.711715276986
t1839,0.0,0.0,0.0,31447.711715276986
t1840,0.0,0.0,0.0,31447.711715276986
t1841,0.0,0.0,0.0,28001.479783786916
t1842,0.0,0.0,0.0,23065.910522266644
t1843,0.0,0.0,0.0,25450.447794328466
t1844,0.0,0.0,0.0,26010.623357256976
t1845,0.0,0.0,0.0,30362.424457757665
t1846,0.0,0.0,0.0,31447.711715276986
t1847,0.0,0.0,0.0,15929.039722464591
t1848,0.0,0.0,0.0,28155.227452426076
