Resource,natural_gas_combined_cycle,solar_pv,onshore_wind,battery,Total
Zone,1,1,1,1,0
AnnualSum,1.271990849502073e6,0.0,0.0,0.0,1.271990849502073e6
t1,111.62,0.0,0.0,0.0,0.11162000000000001
t2,105.55999999999999,0.0,0.0,0.0,0.10555999999999999
t3,101.05,0.0,0.0,0.0,0.10105
t4,98.78,0.0,0.0,0.0,0.09878
t5,98.43,0.0,0.0,0.0,0.09843
t6,100.17,0.0,0.0,0.0,0.10017
t7,103.9,0.0,0.0,0.0,0.1039
t8,107.27000000000001,0.0,0.0,0.0,0.10727
t9,284.64408364941727,0.0,0.0,0.0,0.2846440836494173
t10,118.59,0.0,0.0,0.0,0.11859
t11,121.96,0.0,0.0,0.0,0.12196
t12,123.21,0.0,0.0,0.0,0.12321
t13,123.81,0.0,0.0,0.0,0.12381
t14,122.7,0.0,0.0,0.0,0.1227
t15,121.49,0.0,0.0,0.0,0.12149
t16,122.19,0.0,0.0,0.0,0.12219
t17,134.1,0.0,0.0,0.0,0.1341
t18,145.39,0.0,0.0,0.0,0.14539
t19,144.54,0.0,0.0,0.0,0.14454
t20,140.12,0.0,0.0,0.0,0.14012
t21,134.94,0.0,0.0,0.0,0.13494
t22,127.72,0.0,0.0,0.0,0.12772
t23,118.77000000000001,0.0,0.0,0.0,0.11877000000000001
t24,108.74000000000001,0.0,0.0,0.0,0.10874
t25,100.25,0.0,0.0,0.0,0.10025
t26,95.11,0.0,0.0,0.0,0.09511
t27,92.64,0.0,0.0,0.0,0.09264
t28,92.08000000000001,0.0,0.0,0.0,0.09208000000000001
t29,94.10000000000001,0.0,0.0,0.0,0.0941
t30,99.24,0.0,0.0,0.0,0.09924
t31,160.70416098164074,0.0,0.0,0.0,0.16070416098164075
t32,113.29,0.0,0.0,0.0,0.11329
t33,121.05000000000001,0.0,0.0,0.0,0.12105
t34,128.98999999999998,0.0,0.0,0.0,0.12899
t35,134.82,0.0,0.0,0.0,0.13482
t36,137.21,0.0,0.0,0.0,0.13721
t37,136.99,0.0,0.0,0.0,0.13699
t38,136.11,0.0,0.0,0.0,0.13611
t39,135.68,0.0,0.0,0.0,0.13568
t40,137.74,0.0,0.0,0.0,0.13774
t41,150.66000000000003,0.0,0.0,0.0,0.15066000000000002
t42,163.74,0.0,0.0,0.0,0.16374
t43,185.83205007391345,0.0,0.0,0.0,0.18583205007391346
t44,158.38,0.0,0.0,0.0,0.15838
t45,151.97,0.0,0.0,0.0,0.15197
t46,141.89000000000001,0.0,0.0,0.0,0.14189000000000002
t47,129.39999999999998,0.0,0.0,0.0,0.1294
t48,118.08,0.0,0.0,0.0,0.11808
t49,110.57000000000001,0.0,0.0,0.0,0.11057
t50,106.82000000000001,0.0,0.0,0.0,0.10682000000000001
t51,105.02,0.0,0.0,0.0,0.10502
t52,105.24,0.0,0.0,0.0,0.10524
t53,109.00999999999999,0.0,0.0,0.0,0.10901
t54,120.21000000000001,0.0,0.0,0.0,0.12021000000000001
t55,140.03000000000003,0.0,0.0,0.0,0.14003000000000002
t56,151.13,0.0,0.0,0.0,0.15113
t57,153.01000000000002,0.0,0.0,0.0,0.15301
t58,154.06,0.0,0.0,0.0,0.15406
t59,155.44,0.0,0.0,0.0,0.15544
t60,155.70000000000002,0.0,0.0,0.0,0.1557
t61,155.07000000000002,0.0,0.0,0.0,0.15507
t62,154.85,0.0,0.0,0.0,0.15485
t63,154.26000000000002,0.0,0.0,0.0,0.15426
t64,156.39000000000001,0.0,0.0,0.0,0.15639
t65,168.6,0.0,0.0,0.0,0.1686
t66,181.95,0.0,0.0,0.0,0.18195
t67,182.3,0.0,0.0,0.0,0.18230000000000002
t68,179.24,0.0,0.0,0.0,0.17924
t69,175.43537360043848,0.0,0.0,0.0,0.17543537360043848
t70,163.18,0.0,0.0,0.0,0.16318000000000002
t71,149.52,0.0,0.0,0.0,0.14952000000000001
t72,137.56,0.0,0.0,0.0,0.13756000000000002
t73,130.12,0.0,0.0,0.0,0.13012
t74,126.21000000000002,0.0,0.0,0.0,0.12621000000000002
t75,124.22000000000001,0.0,0.0,0.0,0.12422000000000001
t76,124.44000000000001,0.0,0.0,0.0,0.12444000000000001
t77,127.84,0.0,0.0,0.0,0.12784
t78,138.4,0.0,0.0,0.0,0.1384
t79,157.61,0.0,0.0,0.0,0.15761
t80,168.07,0.0,0.0,0.0,0.16807
t81,168.27999999999997,0.0,0.0,0.0,0.16827999999999999
t82,167.83,0.0,0.0,0.0,0.16783
t83,167.45000000000002,0.0,0.0,0.0,0.16745000000000002
t84,165.80999999999997,0.0,0.0,0.0,0.16580999999999999
t85,163.44,0.0,0.0,0.0,0.16344
t86,162.04000000000002,0.0,0.0,0.0,0.16204000000000002
t87,160.76000000000002,0.0,0.0,0.0,0.16076000000000001
t88,162.42000000000002,0.0,0.0,0.0,0.16242
t89,173.78000000000003,0.0,0.0,0.0,0.17378000000000002
t90,183.01999999999998,0.0,0.0,0.0,0.18302
t91,181.60000000000002,0.0,0.0,0.0,0.1816
t92,177.37,0.0,0.0,0.0,0.17737
t93,170.58,0.0,0.0,0.0,0.17058
t94,700.3482494361233,0.0,0.0,0.0,0.7003482494361233
t95,145.06,0.0,0.0,0.0,0.14506
t96,131.82,0.0,0.0,0.0,0.13182
t97,123.36000000000001,0.0,0.0,0.0,0.12336000000000001
t98,118.85,0.0,0.0,0.0,0.11885
t99,116.56000000000002,0.0,0.0,0.0,0.11656000000000001
t100,116.15,0.0,0.0,0.0,0.11615
t101,119.13,0.0,0.0,0.0,0.11913
t102,128.9,0.0,0.0,0.0,0.12890000000000001
t103,327.12368834890896,0.0,0.0,0.0,0.327123688348909
t104,158.35000000000002,0.0,0.0,0.0,0.15835000000000002
t105,159.51000000000002,0.0,0.0,0.0,0.15951
t106,160.21,0.0,0.0,0.0,0.16021000000000002
t107,159.48999999999998,0.0,0.0,0.0,0.15949
t108,157.26000000000002,0.0,0.0,0.0,0.15726
t109,155.31,0.0,0.0,0.0,0.15531
t110,154.54999999999998,0.0,0.0,0.0,0.15455
t111,153.32999999999998,0.0,0.0,0.0,0.15333
t112,154.32000000000002,0.0,0.0,0.0,0.15432
t113,164.11999999999998,0.0,0.0,0.0,0.16412
t114,174.85,0.0,0.0,0.0,0.17485
t115,174.22000000000003,0.0,0.0,0.0,0.17422
t116,170.26,0.0,0.0,0.0,0.17026
t117,163.9,0.0,0.0,0.0,0.16390000000000002
t118,153.4,0.0,0.0,0.0,0.1534
t119,139.27,0.0,0.0,0.0,0.13927
t120,127.08,0.0,0.0,0.0,0.12708
t121,119.09000000000002,0.0,0.0,0.0,0.11909000000000002
t122,114.76000000000002,0.0,0.0,0.0,0.11476000000000001
t123,112.54,0.0,0.0,0.0,0.11254
t124,111.99000000000001,0.0,0.0,0.0,0.11199
t125,114.72,0.0,0.0,0.0,0.11472
t126,124.42,0.0,0.0,0.0,0.12442
t127,142.65,0.0,0.0,0.0,0.14265
t128,153.58,0.0,0.0,0.0,0.15358000000000002
t129,154.84,0.0,0.0,0.0,0.15484
t130,155.0,0.0,0.0,0.0,0.155
t131,154.32000000000002,0.0,0.0,0.0,0.15432
t132,152.03,0.0,0.0,0.0,0.15203
t133,149.52,0.0,0.0,0.0,0.14952000000000001
t134,148.2,0.0,0.0,0.0,0.1482
t135,320.55904998483607,0.0,0.0,0.0,0.3205590499848361
t136,146.85,0.0,0.0,0.0,0.14685
t137,155.41000000000003,0.0,0.0,0.0,0.15541000000000002
t138,163.61999999999998,0.0,0.0,0.0,0.16362
t139,161.0,0.0,0.0,0.0,0.161
t140,156.35,0.0,0.0,0.0,0.15635
t141,150.17,0.0,0.0,0.0,0.15017
t142,142.12,0.0,0.0,0.0,0.14212
t143,131.16,0.0,0.0,0.0,0.13116
t144,177.58189031618255,0.0,0.0,0.0,0.17758189031618254
t145,111.19,0.0,0.0,0.0,0.11119
t146,106.36,0.0,0.0,0.0,0.10636
t147,103.72999999999999,0.0,0.0,0.0,0.10372999999999999
t148,102.68,0.0,0.0,0.0,0.10268000000000001
t149,103.7,0.0,0.0,0.0,0.1037
t150,107.65,0.0,0.0,0.0,0.10765000000000001
t151,349.17944031785095,0.0,0.0,0.0,0.3491794403178509
t152,122.30000000000001,0.0,0.0,0.0,0.1223
t153,130.01,0.0,0.0,0.0,0.13001
t154,134.66,0.0,0.0,0.0,0.13466
t155,135.97,0.0,0.0,0.0,0.13597
t156,134.88,0.0,0.0,0.0,0.13488
t157,132.4,0.0,0.0,0.0,0.13240000000000002
t158,129.60000000000002,0.0,0.0,0.0,0.12960000000000002
t159,127.64,0.0,0.0,0.0,0.12764
t160,128.98999999999998,0.0,0.0,0.0,0.12899
t161,138.44,0.0,0.0,0.0,0.13844
t162,147.91000000000003,0.0,0.0,0.0,0.14791
t163,146.18,0.0,0.0,0.0,0.14618
t164,141.49,0.0,0.0,0.0,0.14149
t165,137.04000000000002,0.0,0.0,0.0,0.13704000000000002
t166,130.63,0.0,0.0,0.0,0.13063
t167,122.24,0.0,0.0,0.0,0.12224
t168,113.02,0.0,0.0,0.0,0.11302
t169,124.58000000000001,0.0,0.0,0.0,0.12458000000000001
t170,119.81,0.0,0.0,0.0,0.11981
t171,117.88,0.0,0.0,0.0,0.11788
t172,117.65,0.0,0.0,0.0,0.11765
t173,118.96000000000001,0.0,0.0,0.0,0.11896000000000001
t174,122.28,0.0,0.0,0.0,0.12228
t175,128.0,0.0,0.0,0.0,0.128
t176,134.17000000000002,0.0,0.0,0.0,0.13417
t177,142.89,0.0,0.0,0.0,0.14289
t178,149.44000000000003,0.0,0.0,0.0,0.14944000000000002
t179,153.01999999999998,0.0,0.0,0.0,0.15302
t180,154.22,0.0,0.0,0.0,0.15422
t181,154.10000000000002,0.0,0.0,0.0,0.15410000000000001
t182,152.54000000000002,0.0,0.0,0.0,0.15254
t183,151.60000000000002,0.0,0.0,0.0,0.1516
t184,152.81,0.0,0.0,0.0,0.15281
t185,162.71,0.0,0.0,0.0,0.16271000000000002
t186,175.65000000000003,0.0,0.0,0.0,0.17565000000000003
t187,175.85999999999999,0.0,0.0,0.0,0.17586
t188,170.98,0.0,0.0,0.0,0.17098
t189,166.08,0.0,0.0,0.0,0.16608
t190,157.81,0.0,0.0,0.0,0.15781
t191,147.92,0.0,0.0,0.0,0.14792
t192,138.02,0.0,0.0,0.0,0.13802
t193,131.08,0.0,0.0,0.0,0.13108
t194,127.44,0.0,0.0,0.0,0.12744
t195,125.98,0.0,0.0,0.0,0.12598
t196,126.03999999999999,0.0,0.0,0.0,0.12603999999999999
t197,128.95000000000002,0.0,0.0,0.0,0.12895
t198,136.56,0.0,0.0,0.0,0.13656000000000001
t199,149.13000000000002,0.0,0.0,0.0,0.14913
t200,158.39000000000001,0.0,0.0,0.0,0.15839
t201,164.76,0.0,0.0,0.0,0.16476
t202,168.32,0.0,0.0,0.0,0.16832
t203,169.68,0.0,0.0,0.0,0.16968
t204,168.32999999999998,0.0,0.0,0.0,0.16832999999999998
t205,165.62,0.0,0.0,0.0,0.16562000000000002
t206,163.74,0.0,0.0,0.0,0.16374
t207,161.67000000000002,0.0,0.0,0.0,0.16167
t208,161.99,0.0,0.0,0.0,0.16199000000000002
t209,170.23,0.0,0.0,0.0,0.17023
t210,181.22,0.0,0.0,0.0,0.18122
t211,179.22000000000003,0.0,0.0,0.0,0.17922000000000002
t212,173.79999999999998,0.0,0.0,0.0,0.17379999999999998
t213,165.9,0.0,0.0,0.0,0.1659
t214,955.0751529157759,0.0,0.0,0.0,0.9550751529157759
t215,140.92000000000002,0.0,0.0,0.0,0.14092000000000002
t216,128.38,0.0,0.0,0.0,0.12838
t217,119.75,0.0,0.0,0.0,0.11975
t218,114.89,0.0,0.0,0.0,0.11489
t219,112.69999999999999,0.0,0.0,0.0,0.1127
t220,112.12,0.0,0.0,0.0,0.11212
t221,114.95,0.0,0.0,0.0,0.11495
t222,124.71000000000001,0.0,0.0,0.0,0.12471
t223,142.44,0.0,0.0,0.0,0.14244
t224,152.82999999999998,0.0,0.0,0.0,0.15283
t225,154.37,0.0,0.0,0.0,0.15437
t226,154.42000000000002,0.0,0.0,0.0,0.15442
t227,154.32000000000002,0.0,0.0,0.0,0.15432
t228,153.72,0.0,0.0,0.0,0.15372
t229,152.91000000000003,0.0,0.0,0.0,0.15291000000000002
t230,152.73000000000002,0.0,0.0,0.0,0.15273
t231,152.21,0.0,0.0,0.0,0.15221
t232,153.68,0.0,0.0,0.0,0.15368
t233,162.20999999999998,0.0,0.0,0.0,0.16221
t234,170.49,0.0,0.0,0.0,0.17049
t235,172.99568513970698,0.0,0.0,0.0,0.17299568513970698
t236,163.05,0.0,0.0,0.0,0.16305
t237,155.51000000000002,0.0,0.0,0.0,0.15551
t238,144.25000000000003,0.0,0.0,0.0,0.14425000000000002
t239,130.21,0.0,0.0,0.0,0.13021000000000002
t240,117.59,0.0,0.0,0.0,0.11759
t241,109.10000000000001,0.0,0.0,0.0,0.1091
t242,104.76,0.0,0.0,0.0,0.10476
t243,102.52000000000001,0.0,0.0,0.0,0.10252000000000001
t244,102.26000000000002,0.0,0.0,0.0,0.10226000000000002
t245,105.61999999999999,0.0,0.0,0.0,0.10561999999999999
t246,116.52,0.0,0.0,0.0,0.11652
t247,136.52,0.0,0.0,0.0,0.13652
t248,146.98,0.0,0.0,0.0,0.14698
t249,148.07,0.0,0.0,0.0,0.14807
t250,148.97000000000003,0.0,0.0,0.0,0.14897000000000002
t251,150.12,0.0,0.0,0.0,0.15012
t252,150.2,0.0,0.0,0.0,0.1502
t253,149.51,0.0,0.0,0.0,0.14951
t254,149.34,0.0,0.0,0.0,0.14934
t255,148.62,0.0,0.0,0.0,0.14862
t256,149.87,0.0,0.0,0.0,0.14987
t257,158.79,0.0,0.0,0.0,0.15879
t258,173.79000000000002,0.0,0.0,0.0,0.17379000000000003
t259,175.06,0.0,0.0,0.0,0.17506
t260,172.01,0.0,0.0,0.0,0.17201
t261,166.09,0.0,0.0,0.0,0.16609000000000002
t262,156.06,0.0,0.0,0.0,0.15606
t263,143.27,0.0,0.0,0.0,0.14327
t264,131.51,0.0,0.0,0.0,0.13151
t265,124.19000000000001,0.0,0.0,0.0,0.12419000000000001
t266,120.69000000000001,0.0,0.0,0.0,0.12069
t267,119.24,0.0,0.0,0.0,0.11924
t268,119.51,0.0,0.0,0.0,0.11951
t269,123.30000000000001,0.0,0.0,0.0,0.1233
t270,134.32,0.0,0.0,0.0,0.13432
t271,154.41000000000003,0.0,0.0,0.0,0.15441000000000002
t272,164.95000000000002,0.0,0.0,0.0,0.16495
t273,165.41,0.0,0.0,0.0,0.16541
t274,164.57999999999998,0.0,0.0,0.0,0.16457999999999998
t275,163.67999999999998,0.0,0.0,0.0,0.16368
t276,161.64000000000001,0.0,0.0,0.0,0.16164
t277,159.11,0.0,0.0,0.0,0.15911
t278,157.52,0.0,0.0,0.0,0.15752000000000002
t279,155.65,0.0,0.0,0.0,0.15565
t280,156.72,0.0,0.0,0.0,0.15672
t281,164.61999999999998,0.0,0.0,0.0,0.16462
t282,175.64,0.0,0.0,0.0,0.17564
t283,751.1205162197203,0.0,0.0,0.0,0.7511205162197203
t284,172.3,0.0,0.0,0.0,0.1723
t285,165.38,0.0,0.0,0.0,0.16538
t286,154.48999999999998,0.0,0.0,0.0,0.15449
t287,140.77,0.0,0.0,0.0,0.14077
t288,128.34,0.0,0.0,0.0,0.12834
t289,119.93,0.0,0.0,0.0,0.11993000000000001
t290,115.19,0.0,0.0,0.0,0.11519
t291,112.99,0.0,0.0,0.0,0.11299
t292,112.52000000000001,0.0,0.0,0.0,0.11252000000000001
t293,115.92000000000002,0.0,0.0,0.0,0.11592000000000001
t294,126.07,0.0,0.0,0.0,0.12607
t295,144.87,0.0,0.0,0.0,0.14487
t296,154.85999999999999,0.0,0.0,0.0,0.15486
t297,155.98000000000002,0.0,0.0,0.0,0.15598
t298,156.44,0.0,0.0,0.0,0.15644
t299,156.88000000000002,0.0,0.0,0.0,0.15688000000000002
t300,156.24,0.0,0.0,0.0,0.15624000000000002
t301,154.48999999999998,0.0,0.0,0.0,0.15449
t302,153.37,0.0,0.0,0.0,0.15337
t303,151.51999999999998,0.0,0.0,0.0,0.15152
t304,151.78,0.0,0.0,0.0,0.15178
t305,194.5920966206844,0.0,0.0,0.0,0.1945920966206844
t306,171.0,0.0,0.0,0.0,0.171
t307,170.34,0.0,0.0,0.0,0.17034
t308,166.16,0.0,0.0,0.0,0.16616
t309,160.75,0.0,0.0,0.0,0.16075
t310,153.01000000000002,0.0,0.0,0.0,0.15301
t311,142.46,0.0,0.0,0.0,0.14246
t312,131.42000000000002,0.0,0.0,0.0,0.13142
t313,123.57,0.0,0.0,0.0,0.12357
t314,119.14999999999999,0.0,0.0,0.0,0.11914999999999999
t315,116.45,0.0,0.0,0.0,0.11645
t316,115.39999999999999,0.0,0.0,0.0,0.11539999999999999
t317,116.38999999999999,0.0,0.0,0.0,0.11639
t318,120.16,0.0,0.0,0.0,0.12016
t319,127.59,0.0,0.0,0.0,0.12759
t320,136.44,0.0,0.0,0.0,0.13644
t321,146.32,0.0,0.0,0.0,0.14632
t322,154.91,0.0,0.0,0.0,0.15491
t323,160.21,0.0,0.0,0.0,0.16021000000000002
t324,162.47,0.0,0.0,0.0,0.16247
t325,162.45999999999998,0.0,0.0,0.0,0.16246
t326,160.39000000000001,0.0,0.0,0.0,0.16039
t327,157.78,0.0,0.0,0.0,0.15778
t328,156.66,0.0,0.0,0.0,0.15666
t329,162.65,0.0,0.0,0.0,0.16265000000000002
t330,172.92000000000002,0.0,0.0,0.0,0.17292000000000002
t331,171.14000000000001,0.0,0.0,0.0,0.17114000000000001
t332,165.21000000000004,0.0,0.0,0.0,0.16521000000000002
t333,159.1,0.0,0.0,0.0,0.1591
t334,151.2,0.0,0.0,0.0,0.1512
t335,141.50000000000003,0.0,0.0,0.0,0.14150000000000001
t336,132.0,0.0,0.0,0.0,0.132
t337,99.78999999999999,0.0,0.0,0.0,0.09978999999999999
t338,95.7,0.0,0.0,0.0,0.09570000000000001
t339,94.16000000000001,0.0,0.0,0.0,0.09416000000000001
t340,94.36999999999999,0.0,0.0,0.0,0.09437
t341,97.18,0.0,0.0,0.0,0.09718
t342,107.28,0.0,0.0,0.0,0.10728
t343,126.33,0.0,0.0,0.0,0.12633
t344,137.36,0.0,0.0,0.0,0.13736
t345,138.85,0.0,0.0,0.0,0.13885
t346,138.31,0.0,0.0,0.0,0.13831
t347,138.78,0.0,0.0,0.0,0.13878000000000001
t348,138.47,0.0,0.0,0.0,0.13847
t349,137.04000000000002,0.0,0.0,0.0,0.13704000000000002
t350,136.15,0.0,0.0,0.0,0.13615
t351,134.06,0.0,0.0,0.0,0.13406
t352,132.13,0.0,0.0,0.0,0.13213
t353,495.90237161019337,0.0,0.0,0.0,0.49590237161019335
t354,133.33,0.0,0.0,0.0,0.13333
t355,137.8,0.0,0.0,0.0,0.1378
t356,145.04,0.0,0.0,0.0,0.14504
t357,140.70000000000002,0.0,0.0,0.0,0.14070000000000002
t358,130.52,0.0,0.0,0.0,0.13052
t359,117.41,0.0,0.0,0.0,0.11741
t360,105.28000000000002,0.0,0.0,0.0,0.10528000000000001
t361,97.02,0.0,0.0,0.0,0.09702
t362,92.28999999999999,0.0,0.0,0.0,0.09229
t363,90.03999999999999,0.0,0.0,0.0,0.09004
t364,89.51,0.0,0.0,0.0,0.08951
t365,91.88000000000001,0.0,0.0,0.0,0.09188
t366,100.87,0.0,0.0,0.0,0.10087
t367,119.29,0.0,0.0,0.0,0.11929000000000001
t368,131.66,0.0,0.0,0.0,0.13166
t369,135.04,0.0,0.0,0.0,0.13504
t370,136.32,0.0,0.0,0.0,0.13632
t371,137.24,0.0,0.0,0.0,0.13724
t372,137.42000000000002,0.0,0.0,0.0,0.13742000000000001
t373,136.65,0.0,0.0,0.0,0.13665
t374,136.41,0.0,0.0,0.0,0.13641
t375,135.01,0.0,0.0,0.0,0.13501
t376,133.66,0.0,0.0,0.0,0.13366
t377,133.76,0.0,0.0,0.0,0.13376
t378,135.24,0.0,0.0,0.0,0.13524
t379,137.36,0.0,0.0,0.0,0.13736
t380,144.01,0.0,0.0,0.0,0.14401
t381,140.06000000000003,0.0,0.0,0.0,0.14006000000000002
t382,130.06,0.0,0.0,0.0,0.13006
t383,116.58,0.0,0.0,0.0,0.11658
t384,104.16,0.0,0.0,0.0,0.10416
t385,95.83999999999999,0.0,0.0,0.0,0.09584
t386,91.35,0.0,0.0,0.0,0.09135
t387,89.06000000000002,0.0,0.0,0.0,0.08906000000000001
t388,88.97000000000001,0.0,0.0,0.0,0.08897000000000001
t389,91.07,0.0,0.0,0.0,0.09107
t390,100.28,0.0,0.0,0.0,0.10028000000000001
t391,118.88,0.0,0.0,0.0,0.11888
t392,130.34,0.0,0.0,0.0,0.13034
t393,133.0,0.0,0.0,0.0,0.133
t394,134.55999999999997,0.0,0.0,0.0,0.13455999999999999
t395,135.79000000000002,0.0,0.0,0.0,0.13579000000000002
t396,136.02,0.0,0.0,0.0,0.13602
t397,134.79,0.0,0.0,0.0,0.13479
t398,134.51000000000002,0.0,0.0,0.0,0.13451000000000002
t399,133.07,0.0,0.0,0.0,0.13307
t400,132.04000000000002,0.0,0.0,0.0,0.13204000000000002
t401,133.04,0.0,0.0,0.0,0.13304
t402,136.18,0.0,0.0,0.0,0.13618
t403,139.48000000000002,0.0,0.0,0.0,0.13948000000000002
t404,144.59,0.0,0.0,0.0,0.14459
t405,140.89000000000001,0.0,0.0,0.0,0.14089000000000002
t406,131.54,0.0,0.0,0.0,0.13154
t407,118.46000000000001,0.0,0.0,0.0,0.11846000000000001
t408,106.46000000000001,0.0,0.0,0.0,0.10646000000000001
t409,98.76,0.0,0.0,0.0,0.09876
t410,94.5,0.0,0.0,0.0,0.0945
t411,92.42000000000002,0.0,0.0,0.0,0.09242000000000002
t412,92.26,0.0,0.0,0.0,0.09226000000000001
t413,94.84,0.0,0.0,0.0,0.09484000000000001
t414,104.52,0.0,0.0,0.0,0.10452
t415,123.66000000000001,0.0,0.0,0.0,0.12366
t416,135.77999999999997,0.0,0.0,0.0,0.13577999999999998
t417,138.57,0.0,0.0,0.0,0.13857
t418,139.84,0.0,0.0,0.0,0.13984
t419,140.96,0.0,0.0,0.0,0.14096
t420,140.34000000000003,0.0,0.0,0.0,0.14034000000000002
t421,138.59,0.0,0.0,0.0,0.13859
t422,137.4,0.0,0.0,0.0,0.1374
t423,134.86,0.0,0.0,0.0,0.13486
t424,133.52,0.0,0.0,0.0,0.13352
t425,134.45000000000002,0.0,0.0,0.0,0.13445000000000001
t426,137.85,0.0,0.0,0.0,0.13785
t427,142.39000000000001,0.0,0.0,0.0,0.14239000000000002
t428,148.28,0.0,0.0,0.0,0.14828
t429,144.49,0.0,0.0,0.0,0.14449
t430,135.82000000000002,0.0,0.0,0.0,0.13582000000000002
t431,122.89,0.0,0.0,0.0,0.12289
t432,110.74000000000001,0.0,0.0,0.0,0.11074
t433,102.57999999999998,0.0,0.0,0.0,0.10257999999999999
t434,98.0,0.0,0.0,0.0,0.098
t435,96.05000000000001,0.0,0.0,0.0,0.09605000000000001
t436,95.54,0.0,0.0,0.0,0.09554
t437,97.97,0.0,0.0,0.0,0.09797
t438,107.24000000000001,0.0,0.0,0.0,0.10724
t439,125.42999999999999,0.0,0.0,0.0,0.12542999999999999
t440,136.70000000000002,0.0,0.0,0.0,0.13670000000000002
t441,140.17,0.0,0.0,0.0,0.14017
t442,141.96,0.0,0.0,0.0,0.14196
t443,143.57,0.0,0.0,0.0,0.14357
t444,143.81,0.0,0.0,0.0,0.14381
t445,142.78000000000003,0.0,0.0,0.0,0.14278000000000002
t446,142.20000000000002,0.0,0.0,0.0,0.14220000000000002
t447,140.46,0.0,0.0,0.0,0.14046
t448,139.06000000000003,0.0,0.0,0.0,0.13906000000000002
t449,138.69,0.0,0.0,0.0,0.13869
t450,139.14000000000001,0.0,0.0,0.0,0.13914
t451,140.39,0.0,0.0,0.0,0.14039
t452,143.84,0.0,0.0,0.0,0.14384
t453,139.95,0.0,0.0,0.0,0.13995
t454,132.69,0.0,0.0,0.0,0.13269
t455,122.33000000000001,0.0,0.0,0.0,0.12233000000000001
t456,111.15,0.0,0.0,0.0,0.11115
t457,102.52000000000001,0.0,0.0,0.0,0.10252000000000001
t458,97.24000000000001,0.0,0.0,0.0,0.09724000000000001
t459,94.5,0.0,0.0,0.0,0.0945
t460,93.21000000000001,0.0,0.0,0.0,0.09321
t461,93.82000000000001,0.0,0.0,0.0,0.09382
t462,97.12,0.0,0.0,0.0,0.09712
t463,820.571801284612,0.0,0.0,0.0,0.8205718012846119
t464,111.40000000000002,0.0,0.0,0.0,0.11140000000000001
t465,120.82000000000001,0.0,0.0,0.0,0.12082000000000001
t466,127.17,0.0,0.0,0.0,0.12717
t467,130.1,0.0,0.0,0.0,0.1301
t468,129.72,0.0,0.0,0.0,0.12972
t469,127.40000000000002,0.0,0.0,0.0,0.1274
t470,124.41000000000001,0.0,0.0,0.0,0.12441
t471,121.34,0.0,0.0,0.0,0.12134
t472,118.78,0.0,0.0,0.0,0.11878
t473,118.23,0.0,0.0,0.0,0.11823
t474,445.56330583445276,0.0,0.0,0.0,0.44556330583445275
t475,120.97,0.0,0.0,0.0,0.12097
t476,128.83,0.0,0.0,0.0,0.12883
t477,127.84,0.0,0.0,0.0,0.12784
t478,122.41000000000001,0.0,0.0,0.0,0.12241
t479,114.51,0.0,0.0,0.0,0.11451
t480,105.64999999999999,0.0,0.0,0.0,0.10565
t481,98.47,0.0,0.0,0.0,0.09847
t482,94.07000000000001,0.0,0.0,0.0,0.09407
t483,91.79,0.0,0.0,0.0,0.09179000000000001
t484,90.61999999999999,0.0,0.0,0.0,0.09061999999999999
t485,90.92,0.0,0.0,0.0,0.09092
t486,93.21000000000001,0.0,0.0,0.0,0.09321
t487,97.79,0.0,0.0,0.0,0.09779
t488,103.06,0.0,0.0,0.0,0.10306
t489,111.04,0.0,0.0,0.0,0.11104
t490,117.55000000000001,0.0,0.0,0.0,0.11755000000000002
t491,120.3,0.0,0.0,0.0,0.12029999999999999
t492,120.81,0.0,0.0,0.0,0.12081
t493,119.54,0.0,0.0,0.0,0.11954000000000001
t494,117.26000000000002,0.0,0.0,0.0,0.11726000000000002
t495,115.31000000000002,0.0,0.0,0.0,0.11531000000000001
t496,114.22,0.0,0.0,0.0,0.11422
t497,115.71999999999998,0.0,0.0,0.0,0.11571999999999999
t498,118.64000000000001,0.0,0.0,0.0,0.11864000000000001
t499,122.47999999999999,0.0,0.0,0.0,0.12247999999999999
t500,132.51,0.0,0.0,0.0,0.13251
t501,130.70999999999998,0.0,0.0,0.0,0.13071
t502,121.69000000000001,0.0,0.0,0.0,0.12169
t503,110.16000000000001,0.0,0.0,0.0,0.11016000000000001
t504,99.66,0.0,0.0,0.0,0.09966
t505,93.55000000000001,0.0,0.0,0.0,0.09355000000000001
t506,90.42,0.0,0.0,0.0,0.09042
t507,89.26,0.0,0.0,0.0,0.08926
t508,89.32000000000001,0.0,0.0,0.0,0.08932000000000001
t509,92.58,0.0,0.0,0.0,0.09258
t510,102.92,0.0,0.0,0.0,0.10292
t511,119.81,0.0,0.0,0.0,0.11981
t512,131.17000000000002,0.0,0.0,0.0,0.13117
t513,135.2,0.0,0.0,0.0,0.1352
t514,136.89000000000001,0.0,0.0,0.0,0.13689
t515,138.43,0.0,0.0,0.0,0.13843
t516,138.44,0.0,0.0,0.0,0.13844
t517,137.32,0.0,0.0,0.0,0.13732
t518,136.29,0.0,0.0,0.0,0.13629
t519,134.08,0.0,0.0,0.0,0.13408
t520,132.55,0.0,0.0,0.0,0.13255
t521,132.57,0.0,0.0,0.0,0.13257
t522,134.12,0.0,0.0,0.0,0.13412000000000002
t523,135.44,0.0,0.0,0.0,0.13544
t524,141.16,0.0,0.0,0.0,0.14116
t525,141.4,0.0,0.0,0.0,0.1414
t526,131.6,0.0,0.0,0.0,0.1316
t527,118.19000000000001,0.0,0.0,0.0,0.11819000000000002
t528,105.73,0.0,0.0,0.0,0.10573
t529,98.24,0.0,0.0,0.0,0.09824
t530,94.47,0.0,0.0,0.0,0.09447
t531,92.75,0.0,0.0,0.0,0.09275
t532,92.61,0.0,0.0,0.0,0.09261
t533,95.8,0.0,0.0,0.0,0.0958
t534,105.75,0.0,0.0,0.0,0.10575
t535,208.15195052592375,0.0,0.0,0.0,0.20815195052592375
t536,132.46,0.0,0.0,0.0,0.13246
t537,134.52,0.0,0.0,0.0,0.13452
t538,135.38,0.0,0.0,0.0,0.13538
t539,136.27,0.0,0.0,0.0,0.13627
t540,135.94,0.0,0.0,0.0,0.13594
t541,135.13,0.0,0.0,0.0,0.13513
t542,134.79,0.0,0.0,0.0,0.13479
t543,132.97,0.0,0.0,0.0,0.13297
t544,131.41,0.0,0.0,0.0,0.13141
t545,131.63,0.0,0.0,0.0,0.13163
t546,132.68,0.0,0.0,0.0,0.13268000000000002
t547,133.59,0.0,0.0,0.0,0.13359000000000001
t548,139.51,0.0,0.0,0.0,0.13951
t549,140.04,0.0,0.0,0.0,0.14004
t550,130.45999999999998,0.0,0.0,0.0,0.13046
t551,117.02,0.0,0.0,0.0,0.11702
t552,104.89000000000001,0.0,0.0,0.0,0.10489000000000001
t553,97.41,0.0,0.0,0.0,0.09741
t554,93.53999999999999,0.0,0.0,0.0,0.09354
t555,91.82,0.0,0.0,0.0,0.09182
t556,91.82,0.0,0.0,0.0,0.09182
t557,94.88,0.0,0.0,0.0,0.09487999999999999
t558,104.83000000000001,0.0,0.0,0.0,0.10483
t559,461.3815293826817,0.0,0.0,0.0,0.46138152938268173
t560,132.57,0.0,0.0,0.0,0.13257
t561,135.36,0.0,0.0,0.0,0.13536
t562,135.83,0.0,0.0,0.0,0.13583
t563,136.47,0.0,0.0,0.0,0.13647
t564,204.7693124342498,0.0,0.0,0.0,0.20476931243424978
t565,148.48454598444505,0.0,0.0,0.0,0.14848454598444505
t566,134.13,0.0,0.0,0.0,0.13413
t567,132.55,0.0,0.0,0.0,0.13255
t568,131.17000000000002,0.0,0.0,0.0,0.13117
t569,131.5,0.0,0.0,0.0,0.1315
t570,132.91,0.0,0.0,0.0,0.13291
t571,703.7103258313668,0.0,0.0,0.0,0.7037103258313668
t572,140.26,0.0,0.0,0.0,0.14026
t573,140.25,0.0,0.0,0.0,0.14025
t574,130.92999999999998,0.0,0.0,0.0,0.13093
t575,117.84000000000002,0.0,0.0,0.0,0.11784000000000001
t576,105.87,0.0,0.0,0.0,0.10587
t577,98.08,0.0,0.0,0.0,0.09808
t578,93.99,0.0,0.0,0.0,0.09398999999999999
t579,92.11999999999999,0.0,0.0,0.0,0.09212
t580,92.07000000000001,0.0,0.0,0.0,0.09207000000000001
t581,94.93,0.0,0.0,0.0,0.09493
t582,104.99000000000001,0.0,0.0,0.0,0.10499000000000001
t583,121.36,0.0,0.0,0.0,0.12136
t584,131.92000000000002,0.0,0.0,0.0,0.13192
t585,134.61,0.0,0.0,0.0,0.13461
t586,135.4,0.0,0.0,0.0,0.1354
t587,135.86,0.0,0.0,0.0,0.13586
t588,135.97,0.0,0.0,0.0,0.13597
t589,135.44,0.0,0.0,0.0,0.13544
t590,135.3,0.0,0.0,0.0,0.1353
t591,133.67000000000002,0.0,0.0,0.0,0.13367
t592,132.42000000000002,0.0,0.0,0.0,0.13242
t593,132.82,0.0,0.0,0.0,0.13282
t594,521.8351624813446,0.0,0.0,0.0,0.5218351624813445
t595,134.79,0.0,0.0,0.0,0.13479
t596,139.67000000000002,0.0,0.0,0.0,0.13967000000000002
t597,226.4163307385918,0.0,0.0,0.0,0.2264163307385918
t598,131.85,0.0,0.0,0.0,0.13185
t599,119.17,0.0,0.0,0.0,0.11917
t600,107.03,0.0,0.0,0.0,0.10703
t601,99.41000000000001,0.0,0.0,0.0,0.09941000000000001
t602,95.61,0.0,0.0,0.0,0.09561
t603,93.78,0.0,0.0,0.0,0.09378
t604,93.78999999999999,0.0,0.0,0.0,0.09379
t605,96.71,0.0,0.0,0.0,0.09670999999999999
t606,106.37,0.0,0.0,0.0,0.10637
t607,122.10000000000001,0.0,0.0,0.0,0.12210000000000001
t608,132.32,0.0,0.0,0.0,0.13232
t609,134.33,0.0,0.0,0.0,0.13433
t610,135.04,0.0,0.0,0.0,0.13504
t611,135.67000000000002,0.0,0.0,0.0,0.13567
t612,134.79,0.0,0.0,0.0,0.13479
t613,133.25,0.0,0.0,0.0,0.13325
t614,132.37,0.0,0.0,0.0,0.13237000000000002
t615,130.34,0.0,0.0,0.0,0.13034
t616,127.99,0.0,0.0,0.0,0.12799
t617,126.97,0.0,0.0,0.0,0.12697
t618,126.25999999999998,0.0,0.0,0.0,0.12625999999999998
t619,125.2,0.0,0.0,0.0,0.1252
t620,129.45999999999998,0.0,0.0,0.0,0.12946
t621,131.95000000000002,0.0,0.0,0.0,0.13195
t622,125.09,0.0,0.0,0.0,0.12509
t623,114.85,0.0,0.0,0.0,0.11485
t624,103.8,0.0,0.0,0.0,0.1038
t625,96.05000000000001,0.0,0.0,0.0,0.09605000000000001
t626,91.53,0.0,0.0,0.0,0.09153
t627,88.96000000000001,0.0,0.0,0.0,0.08896000000000001
t628,88.42000000000002,0.0,0.0,0.0,0.08842000000000001
t629,89.41,0.0,0.0,0.0,0.08941
t630,93.25,0.0,0.0,0.0,0.09325
t631,98.17,0.0,0.0,0.0,0.09817000000000001
t632,107.02000000000001,0.0,0.0,0.0,0.10702
t633,114.87,0.0,0.0,0.0,0.11487
t634,119.69,0.0,0.0,0.0,0.11968999999999999
t635,121.59,0.0,0.0,0.0,0.12159
t636,121.09,0.0,0.0,0.0,0.12109
t637,119.31,0.0,0.0,0.0,0.11931
t638,117.11,0.0,0.0,0.0,0.11711
t639,115.19,0.0,0.0,0.0,0.11519
t640,114.51,0.0,0.0,0.0,0.11451
t641,114.97,0.0,0.0,0.0,0.11497
t642,116.41,0.0,0.0,0.0,0.11641
t643,117.11,0.0,0.0,0.0,0.11711
t644,121.62,0.0,0.0,0.0,0.12162
t645,123.71,0.0,0.0,0.0,0.12371
t646,117.63,0.0,0.0,0.0,0.11763
t647,108.53999999999999,0.0,0.0,0.0,0.10854
t648,99.41000000000001,0.0,0.0,0.0,0.09941000000000001
t649,92.13,0.0,0.0,0.0,0.09212999999999999
t650,87.55,0.0,0.0,0.0,0.08755
t651,84.87,0.0,0.0,0.0,0.08487
t652,83.82,0.0,0.0,0.0,0.08381999999999999
t653,84.02,0.0,0.0,0.0,0.08402
t654,85.98000000000002,0.0,0.0,0.0,0.08598000000000001
t655,88.75999999999999,0.0,0.0,0.0,0.08875999999999999
t656,129.66653490169233,0.0,0.0,0.0,0.12966653490169233
t657,104.51,0.0,0.0,0.0,0.10451
t658,111.47999999999999,0.0,0.0,0.0,0.11148
t659,115.15,0.0,0.0,0.0,0.11515
t660,117.21000000000001,0.0,0.0,0.0,0.11721000000000001
t661,117.65,0.0,0.0,0.0,0.11765
t662,116.78000000000002,0.0,0.0,0.0,0.11678000000000001
t663,116.06,0.0,0.0,0.0,0.11606
t664,116.30000000000001,0.0,0.0,0.0,0.11630000000000001
t665,118.17999999999999,0.0,0.0,0.0,0.11818
t666,120.94,0.0,0.0,0.0,0.12093999999999999
t667,122.01,0.0,0.0,0.0,0.12201000000000001
t668,126.44,0.0,0.0,0.0,0.12644
t669,128.42999999999998,0.0,0.0,0.0,0.12843
t670,121.1,0.0,0.0,0.0,0.1211
t671,110.88,0.0,0.0,0.0,0.11087999999999999
t672,101.11,0.0,0.0,0.0,0.10111
t673,102.35,0.0,0.0,0.0,0.10235
t674,96.97,0.0,0.0,0.0,0.09697
t675,94.3,0.0,0.0,0.0,0.0943
t676,93.49000000000001,0.0,0.0,0.0,0.09349
t677,95.57000000000001,0.0,0.0,0.0,0.09557
t678,102.43,0.0,0.0,0.0,0.10243000000000001
t679,118.7,0.0,0.0,0.0,0.1187
t680,133.36,0.0,0.0,0.0,0.13336
t681,141.25000000000003,0.0,0.0,0.0,0.14125000000000001
t682,146.77,0.0,0.0,0.0,0.14677
t683,151.06,0.0,0.0,0.0,0.15106
t684,153.70000000000002,0.0,0.0,0.0,0.1537
t685,155.15,0.0,0.0,0.0,0.15515
t686,156.56,0.0,0.0,0.0,0.15656
t687,156.57999999999998,0.0,0.0,0.0,0.15658
t688,156.67000000000002,0.0,0.0,0.0,0.15667
t689,156.84,0.0,0.0,0.0,0.15684
t690,155.47,0.0,0.0,0.0,0.15547
t691,151.19,0.0,0.0,0.0,0.15119
t692,147.71,0.0,0.0,0.0,0.14771
t693,148.42,0.0,0.0,0.0,0.14842
t694,142.88,0.0,0.0,0.0,0.14288
t695,127.97,0.0,0.0,0.0,0.12797
t696,113.63,0.0,0.0,0.0,0.11363
t697,104.33999999999999,0.0,0.0,0.0,0.10433999999999999
t698,98.66,0.0,0.0,0.0,0.09866
t699,95.99000000000001,0.0,0.0,0.0,0.09599
t700,94.93,0.0,0.0,0.0,0.09493
t701,97.26000000000002,0.0,0.0,0.0,0.09726000000000001
t702,103.8,0.0,0.0,0.0,0.1038
t703,120.2,0.0,0.0,0.0,0.1202
t704,134.64000000000001,0.0,0.0,0.0,0.13464
t705,142.28,0.0,0.0,0.0,0.14228
t706,147.05,0.0,0.0,0.0,0.14705000000000001
t707,151.1,0.0,0.0,0.0,0.15109999999999998
t708,153.28,0.0,0.0,0.0,0.15328
t709,154.26999999999998,0.0,0.0,0.0,0.15427
t710,156.07999999999998,0.0,0.0,0.0,0.15608
t711,155.70000000000002,0.0,0.0,0.0,0.1557
t712,154.87,0.0,0.0,0.0,0.15487
t713,154.54000000000002,0.0,0.0,0.0,0.15454
t714,153.10000000000002,0.0,0.0,0.0,0.1531
t715,150.02,0.0,0.0,0.0,0.15002000000000001
t716,148.07,0.0,0.0,0.0,0.14807
t717,148.98,0.0,0.0,0.0,0.14898
t718,142.45,0.0,0.0,0.0,0.14245
t719,128.39000000000001,0.0,0.0,0.0,0.12839
t720,114.98,0.0,0.0,0.0,0.11498
t721,106.05000000000001,0.0,0.0,0.0,0.10605
t722,100.97,0.0,0.0,0.0,0.10097
t723,98.23000000000002,0.0,0.0,0.0,0.09823000000000001
t724,97.35,0.0,0.0,0.0,0.09734999999999999
t725,306.14843821073913,0.0,0.0,0.0,0.3061484382107391
t726,106.92,0.0,0.0,0.0,0.10692
t727,122.62,0.0,0.0,0.0,0.12262
t728,137.31,0.0,0.0,0.0,0.13731000000000002
t729,144.23,0.0,0.0,0.0,0.14423
t730,148.18,0.0,0.0,0.0,0.14818
t731,151.23,0.0,0.0,0.0,0.15123
t732,152.60000000000002,0.0,0.0,0.0,0.1526
t733,152.4,0.0,0.0,0.0,0.1524
t734,152.71,0.0,0.0,0.0,0.15271
t735,151.56,0.0,0.0,0.0,0.15156
t736,150.41000000000003,0.0,0.0,0.0,0.15041000000000002
t737,150.71,0.0,0.0,0.0,0.15071
t738,150.60000000000002,0.0,0.0,0.0,0.1506
t739,148.31,0.0,0.0,0.0,0.14831
t740,146.03,0.0,0.0,0.0,0.14603
t741,146.32,0.0,0.0,0.0,0.14632
t742,263.6664750090336,0.0,0.0,0.0,0.2636664750090336
t743,128.25,0.0,0.0,0.0,0.12825
t744,114.58,0.0,0.0,0.0,0.11458
t745,105.11,0.0,0.0,0.0,0.10511
t746,99.58,0.0,0.0,0.0,0.09958
t747,117.91128759052037,0.0,0.0,0.0,0.11791128759052037
t748,95.09,0.0,0.0,0.0,0.09509000000000001
t749,96.89,0.0,0.0,0.0,0.09689
t750,103.67000000000002,0.0,0.0,0.0,0.10367000000000001
t751,343.94512218432413,0.0,0.0,0.0,0.34394512218432416
t752,133.58,0.0,0.0,0.0,0.13358
t753,141.04,0.0,0.0,0.0,0.14104
t754,145.35,0.0,0.0,0.0,0.14535
t755,148.85000000000002,0.0,0.0,0.0,0.14885
t756,150.35999999999999,0.0,0.0,0.0,0.15036
t757,150.89,0.0,0.0,0.0,0.15089
t758,152.07000000000002,0.0,0.0,0.0,0.15207
t759,579.988128494418,0.0,0.0,0.0,0.5799881284944179
t760,152.60000000000002,0.0,0.0,0.0,0.1526
t761,152.82000000000002,0.0,0.0,0.0,0.15282
t762,151.67,0.0,0.0,0.0,0.15167
t763,148.12,0.0,0.0,0.0,0.14812
t764,144.75,0.0,0.0,0.0,0.14475
t765,145.12,0.0,0.0,0.0,0.14512
t766,142.08,0.0,0.0,0.0,0.14208
t767,128.23000000000002,0.0,0.0,0.0,0.12823
t768,114.06,0.0,0.0,0.0,0.11406000000000001
t769,156.81371740020023,0.0,0.0,0.0,0.15681371740020023
t770,97.82000000000001,0.0,0.0,0.0,0.09782
t771,94.51,0.0,0.0,0.0,0.09451000000000001
t772,93.30999999999999,0.0,0.0,0.0,0.09330999999999999
t773,94.87,0.0,0.0,0.0,0.09487000000000001
t774,100.3,0.0,0.0,0.0,0.1003
t775,115.39999999999999,0.0,0.0,0.0,0.11539999999999999
t776,130.01,0.0,0.0,0.0,0.13001
t777,138.89,0.0,0.0,0.0,0.13888999999999999
t778,144.70000000000002,0.0,0.0,0.0,0.14470000000000002
t779,149.07000000000002,0.0,0.0,0.0,0.14907
t780,151.16,0.0,0.0,0.0,0.15116
t781,151.79000000000002,0.0,0.0,0.0,0.15179
t782,153.03,0.0,0.0,0.0,0.15303
t783,153.03,0.0,0.0,0.0,0.15303
t784,152.66,0.0,0.0,0.0,0.15266
t785,152.3,0.0,0.0,0.0,0.15230000000000002
t786,150.09,0.0,0.0,0.0,0.15009
t787,145.43,0.0,0.0,0.0,0.14543
t788,141.02,0.0,0.0,0.0,0.14102
t789,140.25,0.0,0.0,0.0,0.14025
t790,137.65000000000003,0.0,0.0,0.0,0.13765000000000002
t791,125.91,0.0,0.0,0.0,0.12591
t792,112.94999999999999,0.0,0.0,0.0,0.11295
t793,102.81000000000002,0.0,0.0,0.0,0.10281000000000001
t794,96.71,0.0,0.0,0.0,0.09670999999999999
t795,93.28,0.0,0.0,0.0,0.09328
t796,91.38000000000001,0.0,0.0,0.0,0.09138
t797,90.92999999999999,0.0,0.0,0.0,0.09093
t798,91.03999999999999,0.0,0.0,0.0,0.09104
t799,97.33000000000001,0.0,0.0,0.0,0.09733000000000001
t800,108.25,0.0,0.0,0.0,0.10825
t801,119.94000000000001,0.0,0.0,0.0,0.11994
t802,250.5215512397565,0.0,0.0,0.0,0.2505215512397565
t803,132.16,0.0,0.0,0.0,0.13216
t804,133.7,0.0,0.0,0.0,0.13369999999999999
t805,133.68,0.0,0.0,0.0,0.13368
t806,132.47,0.0,0.0,0.0,0.13247
t807,131.37,0.0,0.0,0.0,0.13137000000000001
t808,131.09,0.0,0.0,0.0,0.13109
t809,131.5,0.0,0.0,0.0,0.1315
t810,131.82,0.0,0.0,0.0,0.13182
t811,130.20000000000002,0.0,0.0,0.0,0.1302
t812,127.76000000000002,0.0,0.0,0.0,0.12776
t813,128.7,0.0,0.0,0.0,0.12869999999999998
t814,127.3,0.0,0.0,0.0,0.1273
t815,118.25,0.0,0.0,0.0,0.11825
t816,107.22,0.0,0.0,0.0,0.10722
t817,98.57,0.0,0.0,0.0,0.09856999999999999
t818,93.14,0.0,0.0,0.0,0.09314
t819,89.9,0.0,0.0,0.0,0.08990000000000001
t820,87.99,0.0,0.0,0.0,0.08799
t821,87.6,0.0,0.0,0.0,0.0876
t822,86.89999999999999,0.0,0.0,0.0,0.08689999999999999
t823,90.23999999999998,0.0,0.0,0.0,0.09023999999999999
t824,98.36,0.0,0.0,0.0,0.09836
t825,108.69,0.0,0.0,0.0,0.10869
t826,116.59000000000002,0.0,0.0,0.0,0.11659000000000001
t827,121.42,0.0,0.0,0.0,0.12142
t828,146.77274181807132,0.0,0.0,0.0,0.14677274181807132
t829,125.36,0.0,0.0,0.0,0.12536
t830,124.72,0.0,0.0,0.0,0.12472
t831,124.33,0.0,0.0,0.0,0.12433
t832,124.72,0.0,0.0,0.0,0.12472
t833,126.19,0.0,0.0,0.0,0.12619
t834,127.72,0.0,0.0,0.0,0.12772
t835,127.40000000000002,0.0,0.0,0.0,0.1274
t836,126.39,0.0,0.0,0.0,0.12639
t837,128.94,0.0,0.0,0.0,0.12894
t838,127.34,0.0,0.0,0.0,0.12734
t839,116.34,0.0,0.0,0.0,0.11634
t840,104.55,0.0,0.0,0.0,0.10455
t841,660.1864899199628,0.0,0.0,0.0,0.6601864899199628
t842,120.55000000000001,0.0,0.0,0.0,0.12055
t843,115.0,0.0,0.0,0.0,0.115
t844,111.89,0.0,0.0,0.0,0.11189
t845,112.2,0.0,0.0,0.0,0.11220000000000001
t846,116.25,0.0,0.0,0.0,0.11625
t847,129.41,0.0,0.0,0.0,0.12941
t848,145.28000000000003,0.0,0.0,0.0,0.14528000000000002
t849,156.31,0.0,0.0,0.0,0.15631
t850,165.09,0.0,0.0,0.0,0.16509000000000001
t851,172.07999999999998,0.0,0.0,0.0,0.17207999999999998
t852,176.77,0.0,0.0,0.0,0.17677
t853,180.14,0.0,0.0,0.0,0.18014
t854,183.76999999999998,0.0,0.0,0.0,0.18377
t855,507.05772899433833,0.0,0.0,0.0,0.5070577289943383
t856,187.24,0.0,0.0,0.0,0.18724000000000002
t857,188.44000000000003,0.0,0.0,0.0,0.18844000000000002
t858,187.74,0.0,0.0,0.0,0.18774000000000002
t859,182.57999999999998,0.0,0.0,0.0,0.18258
t860,175.58,0.0,0.0,0.0,0.17558
t861,171.79,0.0,0.0,0.0,0.17179
t862,165.67000000000002,0.0,0.0,0.0,0.16567
t863,149.44000000000003,0.0,0.0,0.0,0.14944000000000002
t864,132.91,0.0,0.0,0.0,0.13291
t865,120.88,0.0,0.0,0.0,0.12088
t866,113.32000000000001,0.0,0.0,0.0,0.11332
t867,108.5,0.0,0.0,0.0,0.1085
t868,106.27000000000001,0.0,0.0,0.0,0.10627
t869,106.92999999999999,0.0,0.0,0.0,0.10693
t870,110.95,0.0,0.0,0.0,0.11095000000000001
t871,124.17,0.0,0.0,0.0,0.12417
t872,139.94,0.0,0.0,0.0,0.13994
t873,151.12,0.0,0.0,0.0,0.15112
t874,159.8,0.0,0.0,0.0,0.1598
t875,167.35,0.0,0.0,0.0,0.16735
t876,172.38,0.0,0.0,0.0,0.17238
t877,211.40728289543543,0.0,0.0,0.0,0.21140728289543542
t878,180.27,0.0,0.0,0.0,0.18027
t879,183.61999999999998,0.0,0.0,0.0,0.18361999999999998
t880,186.07999999999998,0.0,0.0,0.0,0.18608
t881,187.69,0.0,0.0,0.0,0.18769
t882,186.82,0.0,0.0,0.0,0.18681999999999999
t883,182.23,0.0,0.0,0.0,0.18223
t884,175.55,0.0,0.0,0.0,0.17555
t885,172.7,0.0,0.0,0.0,0.1727
t886,167.91,0.0,0.0,0.0,0.16791
t887,152.16,0.0,0.0,0.0,0.15216
t888,136.14000000000001,0.0,0.0,0.0,0.13614
t889,124.33,0.0,0.0,0.0,0.12433
t890,116.85000000000001,0.0,0.0,0.0,0.11685000000000001
t891,112.31,0.0,0.0,0.0,0.11231000000000001
t892,110.22,0.0,0.0,0.0,0.11022
t893,111.1,0.0,0.0,0.0,0.11109999999999999
t894,115.77,0.0,0.0,0.0,0.11577
t895,129.08,0.0,0.0,0.0,0.12908
t896,145.32,0.0,0.0,0.0,0.14532
t897,157.62,0.0,0.0,0.0,0.15762
t898,167.31,0.0,0.0,0.0,0.16731000000000001
t899,175.9,0.0,0.0,0.0,0.1759
t900,182.83,0.0,0.0,0.0,0.18283000000000002
t901,187.53,0.0,0.0,0.0,0.18753
t902,191.39000000000001,0.0,0.0,0.0,0.19139
t903,193.4,0.0,0.0,0.0,0.19340000000000002
t904,194.81,0.0,0.0,0.0,0.19481
t905,196.49000000000004,0.0,0.0,0.0,0.19649000000000003
t906,196.05,0.0,0.0,0.0,0.19605
t907,191.23000000000002,0.0,0.0,0.0,0.19123
t908,183.97,0.0,0.0,0.0,0.18397
t909,180.42000000000002,0.0,0.0,0.0,0.18042000000000002
t910,175.32,0.0,0.0,0.0,0.17532
t911,159.23000000000002,0.0,0.0,0.0,0.15923
t912,142.31,0.0,0.0,0.0,0.14231
t913,129.98,0.0,0.0,0.0,0.12997999999999998
t914,121.94000000000001,0.0,0.0,0.0,0.12194
t915,116.56000000000002,0.0,0.0,0.0,0.11656000000000001
t916,113.76,0.0,0.0,0.0,0.11376
t917,114.35000000000001,0.0,0.0,0.0,0.11435000000000001
t918,119.03000000000002,0.0,0.0,0.0,0.11903000000000001
t919,133.13,0.0,0.0,0.0,0.13313
t920,149.84,0.0,0.0,0.0,0.14984
t921,162.83999999999997,0.0,0.0,0.0,0.16283999999999998
t922,173.71,0.0,0.0,0.0,0.17371
t923,184.41,0.0,0.0,0.0,0.18441
t924,192.79000000000002,0.0,0.0,0.0,0.19279000000000002
t925,197.26,0.0,0.0,0.0,0.19726
t926,202.13,0.0,0.0,0.0,0.20213
t927,205.45000000000002,0.0,0.0,0.0,0.20545000000000002
t928,207.56,0.0,0.0,0.0,0.20756
t929,209.06,0.0,0.0,0.0,0.20906
t930,207.35,0.0,0.0,0.0,0.20735
t931,201.52,0.0,0.0,0.0,0.20152
t932,192.67000000000002,0.0,0.0,0.0,0.19267
t933,188.45000000000002,0.0,0.0,0.0,0.18845
t934,181.82999999999998,0.0,0.0,0.0,0.18183
t935,164.89999999999998,0.0,0.0,0.0,0.1649
t936,147.49,0.0,0.0,0.0,0.14749
t937,134.04,0.0,0.0,0.0,0.13404
t938,125.42999999999999,0.0,0.0,0.0,0.12542999999999999
t939,120.16,0.0,0.0,0.0,0.12016
t940,117.26000000000002,0.0,0.0,0.0,0.11726000000000002
t941,117.84000000000002,0.0,0.0,0.0,0.11784000000000001
t942,122.6,0.0,0.0,0.0,0.1226
t943,938.0084603738848,0.0,0.0,0.0,0.9380084603738847
t944,153.18,0.0,0.0,0.0,0.15318
t945,167.24,0.0,0.0,0.0,0.16724
t946,179.48,0.0,0.0,0.0,0.17948
t947,190.39999999999998,0.0,0.0,0.0,0.19039999999999999
t948,199.02999999999997,0.0,0.0,0.0,0.19902999999999998
t949,205.33,0.0,0.0,0.0,0.20533
t950,210.43,0.0,0.0,0.0,0.21043
t951,212.24,0.0,0.0,0.0,0.21224
t952,211.92,0.0,0.0,0.0,0.21192
t953,210.53000000000003,0.0,0.0,0.0,0.21053000000000002
t954,205.82,0.0,0.0,0.0,0.20582
t955,197.38,0.0,0.0,0.0,0.19738
t956,189.19,0.0,0.0,0.0,0.18919
t957,186.09000000000003,0.0,0.0,0.0,0.18609000000000003
t958,180.2,0.0,0.0,0.0,0.1802
t959,165.21000000000004,0.0,0.0,0.0,0.16521000000000002
t960,149.43,0.0,0.0,0.0,0.14943
t961,137.1,0.0,0.0,0.0,0.1371
t962,129.29000000000002,0.0,0.0,0.0,0.12929000000000002
t963,124.14,0.0,0.0,0.0,0.12414
t964,121.09,0.0,0.0,0.0,0.12109
t965,120.21000000000001,0.0,0.0,0.0,0.12021000000000001
t966,121.66000000000001,0.0,0.0,0.0,0.12166
t967,162.3709316245572,0.0,0.0,0.0,0.16237093162455718
t968,136.62000000000003,0.0,0.0,0.0,0.13662000000000002
t969,150.04000000000002,0.0,0.0,0.0,0.15004
t970,162.06,0.0,0.0,0.0,0.16206
t971,171.01,0.0,0.0,0.0,0.17101
t972,178.31,0.0,0.0,0.0,0.17831
t973,183.93,0.0,0.0,0.0,0.18393
t974,188.56000000000003,0.0,0.0,0.0,0.18856000000000003
t975,193.04,0.0,0.0,0.0,0.19304
t976,196.58999999999997,0.0,0.0,0.0,0.19659
t977,198.96000000000004,0.0,0.0,0.0,0.19896000000000003
t978,199.20000000000002,0.0,0.0,0.0,0.19920000000000002
t979,195.39000000000001,0.0,0.0,0.0,0.19539
t980,1207.4704735081361,0.0,0.0,0.0,1.207470473508136
t981,185.3,0.0,0.0,0.0,0.18530000000000002
t982,180.79000000000002,0.0,0.0,0.0,0.18079
t983,167.21,0.0,0.0,0.0,0.16721
t984,152.02,0.0,0.0,0.0,0.15202000000000002
t985,139.4,0.0,0.0,0.0,0.1394
t986,130.49,0.0,0.0,0.0,0.13049
t987,124.39,0.0,0.0,0.0,0.12439
t988,120.38,0.0,0.0,0.0,0.12038
t989,118.12,0.0,0.0,0.0,0.11812
t990,116.37,0.0,0.0,0.0,0.11637
t991,119.68,0.0,0.0,0.0,0.11968000000000001
t992,130.83,0.0,0.0,0.0,0.13083
t993,146.23,0.0,0.0,0.0,0.14623
t994,161.25,0.0,0.0,0.0,0.16125
t995,174.54,0.0,0.0,0.0,0.17454
t996,185.26000000000002,0.0,0.0,0.0,0.18526
t997,191.39000000000001,0.0,0.0,0.0,0.19139
t998,192.57000000000002,0.0,0.0,0.0,0.19257000000000002
t999,192.68,0.0,0.0,0.0,0.19268000000000002
t1000,192.95999999999998,0.0,0.0,0.0,0.19296
t1001,193.32000000000002,0.0,0.0,0.0,0.19332000000000002
t1002,193.22,0.0,0.0,0.0,0.19322
t1003,190.09,0.0,0.0,0.0,0.19009
t1004,187.35999999999999,0.0,0.0,0.0,0.18736
t1005,187.98999999999998,0.0,0.0,0.0,0.18799
t1006,181.19,0.0,0.0,0.0,0.18119
t1007,167.02000000000004,0.0,0.0,0.0,0.16702000000000003
t1008,152.31,0.0,0.0,0.0,0.15231
t1009,141.7,0.0,0.0,0.0,0.1417
t1010,134.91,0.0,0.0,0.0,0.13491
t1011,130.55999999999997,0.0,0.0,0.0,0.13055999999999998
t1012,128.26999999999998,0.0,0.0,0.0,0.12827
t1013,129.14999999999998,0.0,0.0,0.0,0.12915
t1014,135.04,0.0,0.0,0.0,0.13504
t1015,149.17,0.0,0.0,0.0,0.14917
t1016,167.9,0.0,0.0,0.0,0.1679
t1017,182.45,0.0,0.0,0.0,0.18245
t1018,194.14000000000001,0.0,0.0,0.0,0.19414
t1019,204.42000000000002,0.0,0.0,0.0,0.20442000000000002
t1020,212.7,0.0,0.0,0.0,0.2127
t1021,219.07000000000002,0.0,0.0,0.0,0.21907000000000001
t1022,224.57000000000002,0.0,0.0,0.0,0.22457000000000002
t1023,225.74000000000004,0.0,0.0,0.0,0.22574000000000002
t1024,226.19,0.0,0.0,0.0,0.22619
t1025,392.9929858199198,0.0,0.0,0.0,0.3929929858199198
t1026,224.08999999999997,0.0,0.0,0.0,0.22408999999999998
t1027,218.87,0.0,0.0,0.0,0.21887
t1028,212.0,0.0,0.0,0.0,0.212
t1029,209.31000000000003,0.0,0.0,0.0,0.20931000000000002
t1030,200.99,0.0,0.0,0.0,0.20099
t1031,181.79,0.0,0.0,0.0,0.18178999999999998
t1032,162.80000000000004,0.0,0.0,0.0,0.16280000000000003
t1033,149.35000000000002,0.0,0.0,0.0,0.14935
t1034,140.62,0.0,0.0,0.0,0.14062
t1035,134.98,0.0,0.0,0.0,0.13498
t1036,131.46,0.0,0.0,0.0,0.13146000000000002
t1037,131.78,0.0,0.0,0.0,0.13178
t1038,137.12,0.0,0.0,0.0,0.13712
t1039,151.92,0.0,0.0,0.0,0.15192
t1040,171.14000000000001,0.0,0.0,0.0,0.17114000000000001
t1041,186.56,0.0,0.0,0.0,0.18656
t1042,200.2,0.0,0.0,0.0,0.2002
t1043,212.01,0.0,0.0,0.0,0.21201
t1044,220.09,0.0,0.0,0.0,0.22009
t1045,225.67000000000002,0.0,0.0,0.0,0.22567
t1046,230.70000000000002,0.0,0.0,0.0,0.23070000000000002
t1047,233.88000000000002,0.0,0.0,0.0,0.23388000000000003
t1048,236.29000000000002,0.0,0.0,0.0,0.23629000000000003
t1049,237.7,0.0,0.0,0.0,0.2377
t1050,235.75,0.0,0.0,0.0,0.23575
t1051,230.33999999999997,0.0,0.0,0.0,0.23034
t1052,223.25,0.0,0.0,0.0,0.22325
t1053,219.20999999999998,0.0,0.0,0.0,0.21921
t1054,211.22,0.0,0.0,0.0,0.21122
t1055,193.11,0.0,0.0,0.0,0.19311
t1056,175.14,0.0,0.0,0.0,0.17514
t1057,162.5,0.0,0.0,0.0,0.1625
t1058,154.65,0.0,0.0,0.0,0.15465
t1059,311.1454623399849,0.0,0.0,0.0,0.31114546233998486
t1060,146.69000000000003,0.0,0.0,0.0,0.14669000000000001
t1061,146.53000000000003,0.0,0.0,0.0,0.14653000000000002
t1062,151.66000000000003,0.0,0.0,0.0,0.15166000000000002
t1063,165.09,0.0,0.0,0.0,0.16509000000000001
t1064,184.82,0.0,0.0,0.0,0.18481999999999998
t1065,198.67000000000002,0.0,0.0,0.0,0.19867
t1066,209.82,0.0,0.0,0.0,0.20982
t1067,221.31,0.0,0.0,0.0,0.22131
t1068,230.07000000000002,0.0,0.0,0.0,0.23007000000000002
t1069,235.58,0.0,0.0,0.0,0.23558
t1070,235.75,0.0,0.0,0.0,0.23575
t1071,230.21999999999997,0.0,0.0,0.0,0.23021999999999998
t1072,219.47,0.0,0.0,0.0,0.21947
t1073,211.32000000000002,0.0,0.0,0.0,0.21132
t1074,207.83,0.0,0.0,0.0,0.20783000000000001
t1075,202.54000000000002,0.0,0.0,0.0,0.20254000000000003
t1076,197.48000000000002,0.0,0.0,0.0,0.19748000000000002
t1077,195.98,0.0,0.0,0.0,0.19598
t1078,189.60000000000002,0.0,0.0,0.0,0.18960000000000002
t1079,173.51,0.0,0.0,0.0,0.17351
t1080,156.70000000000002,0.0,0.0,0.0,0.1567
t1081,143.79,0.0,0.0,0.0,0.14379
t1082,134.52,0.0,0.0,0.0,0.13452
t1083,128.61,0.0,0.0,0.0,0.12861
t1084,406.62192199227485,0.0,0.0,0.0,0.40662192199227487
t1085,124.78999999999999,0.0,0.0,0.0,0.12479
t1086,129.20000000000002,0.0,0.0,0.0,0.1292
t1087,139.92000000000002,0.0,0.0,0.0,0.13992000000000002
t1088,152.95999999999998,0.0,0.0,0.0,0.15295999999999998
t1089,160.55,0.0,0.0,0.0,0.16055
t1090,165.82000000000002,0.0,0.0,0.0,0.16582000000000002
t1091,170.96,0.0,0.0,0.0,0.17096
t1092,174.52,0.0,0.0,0.0,0.17452
t1093,176.68,0.0,0.0,0.0,0.17668
t1094,179.79,0.0,0.0,0.0,0.17979
t1095,180.9,0.0,0.0,0.0,0.1809
t1096,182.29000000000002,0.0,0.0,0.0,0.18229
t1097,183.73000000000002,0.0,0.0,0.0,0.18373
t1098,183.22,0.0,0.0,0.0,0.18322
t1099,177.95000000000002,0.0,0.0,0.0,0.17795000000000002
t1100,171.59,0.0,0.0,0.0,0.17159
t1101,170.55,0.0,0.0,0.0,0.17055
t1102,164.63000000000002,0.0,0.0,0.0,0.16463000000000003
t1103,150.28,0.0,0.0,0.0,0.15028
t1104,135.17,0.0,0.0,0.0,0.13516999999999998
t1105,123.84,0.0,0.0,0.0,0.12384
t1106,117.25,0.0,0.0,0.0,0.11725
t1107,113.07000000000001,0.0,0.0,0.0,0.11307
t1108,111.18,0.0,0.0,0.0,0.11118
t1109,112.31,0.0,0.0,0.0,0.11231000000000001
t1110,117.98,0.0,0.0,0.0,0.11798
t1111,129.33,0.0,0.0,0.0,0.12933
t1112,142.73,0.0,0.0,0.0,0.14273
t1113,151.54999999999998,0.0,0.0,0.0,0.15155
t1114,156.14000000000001,0.0,0.0,0.0,0.15614
t1115,159.17000000000002,0.0,0.0,0.0,0.15917
t1116,159.69,0.0,0.0,0.0,0.15969
t1117,158.92000000000002,0.0,0.0,0.0,0.15892
t1118,158.75,0.0,0.0,0.0,0.15875
t1119,157.19,0.0,0.0,0.0,0.15719
t1120,154.91,0.0,0.0,0.0,0.15491
t1121,153.68,0.0,0.0,0.0,0.15368
t1122,152.06,0.0,0.0,0.0,0.15206
t1123,148.37,0.0,0.0,0.0,0.14837
t1124,145.31000000000003,0.0,0.0,0.0,0.14531000000000002
t1125,146.54999999999998,0.0,0.0,0.0,0.14654999999999999
t1126,142.9,0.0,0.0,0.0,0.1429
t1127,131.82,0.0,0.0,0.0,0.13182
t1128,119.38000000000001,0.0,0.0,0.0,0.11938000000000001
t1129,109.61999999999999,0.0,0.0,0.0,0.10962
t1130,103.27,0.0,0.0,0.0,0.10327
t1131,99.39,0.0,0.0,0.0,0.09939
t1132,97.25,0.0,0.0,0.0,0.09725
t1133,96.93,0.0,0.0,0.0,0.09693
t1134,97.66,0.0,0.0,0.0,0.09766
t1135,102.61,0.0,0.0,0.0,0.10260999999999999
t1136,112.89,0.0,0.0,0.0,0.11289
t1137,125.18,0.0,0.0,0.0,0.12518
t1138,134.53,0.0,0.0,0.0,0.13453
t1139,140.46,0.0,0.0,0.0,0.14046
t1140,143.91,0.0,0.0,0.0,0.14391
t1141,145.66000000000003,0.0,0.0,0.0,0.14566
t1142,146.53000000000003,0.0,0.0,0.0,0.14653000000000002
t1143,147.34,0.0,0.0,0.0,0.14734
t1144,148.56,0.0,0.0,0.0,0.14856
t1145,150.47000000000003,0.0,0.0,0.0,0.15047000000000002
t1146,151.39,0.0,0.0,0.0,0.15139
t1147,149.49,0.0,0.0,0.0,0.14949
t1148,144.86,0.0,0.0,0.0,0.14486000000000002
t1149,144.36,0.0,0.0,0.0,0.14436000000000002
t1150,141.21,0.0,0.0,0.0,0.14121
t1151,131.0,0.0,0.0,0.0,0.131
t1152,119.70000000000002,0.0,0.0,0.0,0.11970000000000001
t1153,110.08,0.0,0.0,0.0,0.11008
t1154,879.7618057637653,0.0,0.0,0.0,0.8797618057637653
t1155,100.0,0.0,0.0,0.0,0.1
t1156,97.58,0.0,0.0,0.0,0.09758
t1157,96.62,0.0,0.0,0.0,0.09662000000000001
t1158,95.67,0.0,0.0,0.0,0.09567
t1159,98.59,0.0,0.0,0.0,0.09859
t1160,107.42000000000002,0.0,0.0,0.0,0.10742000000000002
t1161,119.49,0.0,0.0,0.0,0.11949
t1162,130.44,0.0,0.0,0.0,0.13044
t1163,139.44,0.0,0.0,0.0,0.13944
t1164,146.73,0.0,0.0,0.0,0.14673
t1165,288.72352733974435,0.0,0.0,0.0,0.2887235273397444
t1166,154.88,0.0,0.0,0.0,0.15488
t1167,157.63,0.0,0.0,0.0,0.15763
t1168,160.42000000000002,0.0,0.0,0.0,0.16042
t1169,164.11999999999998,0.0,0.0,0.0,0.16412
t1170,166.43000000000004,0.0,0.0,0.0,0.16643000000000002
t1171,164.64999999999998,0.0,0.0,0.0,0.16465
t1172,160.24,0.0,0.0,0.0,0.16024000000000002
t1173,403.9183850578247,0.0,0.0,0.0,0.40391838505782474
t1174,156.32,0.0,0.0,0.0,0.15632
t1175,144.13,0.0,0.0,0.0,0.14413
t1176,1199.62763644145,0.0,0.0,0.0,1.19962763644145
t1177,91.18,0.0,0.0,0.0,0.09118000000000001
t1178,87.57999999999998,0.0,0.0,0.0,0.08757999999999999
t1179,86.13,0.0,0.0,0.0,0.08613
t1180,86.22,0.0,0.0,0.0,0.08622
t1181,89.06000000000002,0.0,0.0,0.0,0.08906000000000001
t1182,99.09000000000002,0.0,0.0,0.0,0.09909000000000001
t1183,118.52,0.0,0.0,0.0,0.11852
t1184,129.12,0.0,0.0,0.0,0.12912
t1185,131.75,0.0,0.0,0.0,0.13175
t1186,134.26000000000002,0.0,0.0,0.0,0.13426000000000002
t1187,136.44,0.0,0.0,0.0,0.13644
t1188,137.24,0.0,0.0,0.0,0.13724
t1189,136.62000000000003,0.0,0.0,0.0,0.13662000000000002
t1190,136.44,0.0,0.0,0.0,0.13644
t1191,135.07,0.0,0.0,0.0,0.13507
t1192,134.02,0.0,0.0,0.0,0.13402
t1193,356.5731135808451,0.0,0.0,0.0,0.3565731135808451
t1194,139.15,0.0,0.0,0.0,0.13915
t1195,183.36734118265818,0.0,0.0,0.0,0.18336734118265818
t1196,146.98,0.0,0.0,0.0,0.14698
t1197,139.67000000000002,0.0,0.0,0.0,0.13967000000000002
t1198,128.84,0.0,0.0,0.0,0.12884
t1199,115.95000000000002,0.0,0.0,0.0,0.11595000000000001
t1200,104.14999999999999,0.0,0.0,0.0,0.10414999999999999
t1201,95.48,0.0,0.0,0.0,0.09548000000000001
t1202,90.96,0.0,0.0,0.0,0.09096
t1203,88.71000000000001,0.0,0.0,0.0,0.08871000000000001
t1204,88.47,0.0,0.0,0.0,0.08847
t1205,90.77000000000001,0.0,0.0,0.0,0.09077
t1206,100.9,0.0,0.0,0.0,0.1009
t1207,230.4121126764676,0.0,0.0,0.0,0.23041211267646758
t1208,130.64999999999998,0.0,0.0,0.0,0.13065
t1209,132.7,0.0,0.0,0.0,0.13269999999999998
t1210,134.06,0.0,0.0,0.0,0.13406
t1211,135.58,0.0,0.0,0.0,0.13558
t1212,187.78728791683275,0.0,0.0,0.0,0.18778728791683275
t1213,135.80999999999997,0.0,0.0,0.0,0.13581
t1214,135.99,0.0,0.0,0.0,0.13599
t1215,134.70000000000002,0.0,0.0,0.0,0.13470000000000001
t1216,133.82,0.0,0.0,0.0,0.13382
t1217,135.09,0.0,0.0,0.0,0.13509000000000002
t1218,140.49,0.0,0.0,0.0,0.14049
t1219,149.38000000000002,0.0,0.0,0.0,0.14938
t1220,146.88000000000002,0.0,0.0,0.0,0.14688
t1221,140.01,0.0,0.0,0.0,0.14001
t1222,129.52,0.0,0.0,0.0,0.12952
t1223,115.85000000000001,0.0,0.0,0.0,0.11585000000000001
t1224,103.94,0.0,0.0,0.0,0.10394
t1225,96.22,0.0,0.0,0.0,0.09622
t1226,92.01,0.0,0.0,0.0,0.09201000000000001
t1227,89.83000000000001,0.0,0.0,0.0,0.08983000000000001
t1228,89.30000000000001,0.0,0.0,0.0,0.0893
t1229,91.85,0.0,0.0,0.0,0.09185
t1230,101.45,0.0,0.0,0.0,0.10145
t1231,121.19999999999999,0.0,0.0,0.0,0.12119999999999999
t1232,1808.6941472701208,0.0,0.0,0.0,1.8086941472701208
t1233,134.63,0.0,0.0,0.0,0.13463
t1234,136.17000000000002,0.0,0.0,0.0,0.13617
t1235,137.26000000000002,0.0,0.0,0.0,0.13726000000000002
t1236,304.1328551291089,0.0,0.0,0.0,0.3041328551291089
t1237,136.88,0.0,0.0,0.0,0.13688
t1238,136.61,0.0,0.0,0.0,0.13661
t1239,135.13,0.0,0.0,0.0,0.13513
t1240,134.11,0.0,0.0,0.0,0.13411
t1241,135.62,0.0,0.0,0.0,0.13562
t1242,141.39,0.0,0.0,0.0,0.14139
t1243,149.18,0.0,0.0,0.0,0.14918
t1244,146.89,0.0,0.0,0.0,0.14689
t1245,140.47,0.0,0.0,0.0,0.14047
t1246,130.44,0.0,0.0,0.0,0.13044
t1247,116.52,0.0,0.0,0.0,0.11652
t1248,104.76,0.0,0.0,0.0,0.10476
t1249,96.77,0.0,0.0,0.0,0.09677
t1250,92.58,0.0,0.0,0.0,0.09258
t1251,90.57000000000001,0.0,0.0,0.0,0.09057000000000001
t1252,90.32,0.0,0.0,0.0,0.09032
t1253,92.82,0.0,0.0,0.0,0.09282
t1254,102.73,0.0,0.0,0.0,0.10273
t1255,122.28,0.0,0.0,0.0,0.12228
t1256,132.65,0.0,0.0,0.0,0.13265000000000002
t1257,134.11,0.0,0.0,0.0,0.13411
t1258,135.5,0.0,0.0,0.0,0.1355
t1259,136.75,0.0,0.0,0.0,0.13675
t1260,136.88,0.0,0.0,0.0,0.13688
t1261,135.99,0.0,0.0,0.0,0.13599
t1262,135.66,0.0,0.0,0.0,0.13566
t1263,134.09,0.0,0.0,0.0,0.13409000000000001
t1264,132.95000000000002,0.0,0.0,0.0,0.13295
t1265,133.82,0.0,0.0,0.0,0.13382
t1266,138.66,0.0,0.0,0.0,0.13866
t1267,147.66000000000003,0.0,0.0,0.0,0.14766
t1268,146.12,0.0,0.0,0.0,0.14612
t1269,140.3,0.0,0.0,0.0,0.1403
t1270,130.52,0.0,0.0,0.0,0.13052
t1271,117.28,0.0,0.0,0.0,0.11728
t1272,105.24,0.0,0.0,0.0,0.10524
t1273,97.19,0.0,0.0,0.0,0.09719
t1274,92.61,0.0,0.0,0.0,0.09261
t1275,90.45,0.0,0.0,0.0,0.09045
t1276,90.12,0.0,0.0,0.0,0.09012
t1277,92.46,0.0,0.0,0.0,0.09246
t1278,101.92000000000002,0.0,0.0,0.0,0.10192000000000001
t1279,120.58999999999999,0.0,0.0,0.0,0.12058999999999999
t1280,131.4,0.0,0.0,0.0,0.13140000000000002
t1281,133.86,0.0,0.0,0.0,0.13386
t1282,136.02,0.0,0.0,0.0,0.13602
t1283,137.58,0.0,0.0,0.0,0.13758
t1284,137.7,0.0,0.0,0.0,0.1377
t1285,136.61,0.0,0.0,0.0,0.13661
t1286,135.83,0.0,0.0,0.0,0.13583
t1287,134.28,0.0,0.0,0.0,0.13428
t1288,132.87,0.0,0.0,0.0,0.13287000000000002
t1289,132.71000000000004,0.0,0.0,0.0,0.13271000000000002
t1290,136.01000000000002,0.0,0.0,0.0,0.13601000000000002
t1291,142.62,0.0,0.0,0.0,0.14262
t1292,139.51,0.0,0.0,0.0,0.13951
t1293,134.0,0.0,0.0,0.0,0.134
t1294,126.03999999999999,0.0,0.0,0.0,0.12603999999999999
t1295,115.33,0.0,0.0,0.0,0.11533
t1296,104.31,0.0,0.0,0.0,0.10431
t1297,96.1,0.0,0.0,0.0,0.09609999999999999
t1298,91.25,0.0,0.0,0.0,0.09125
t1299,88.57,0.0,0.0,0.0,0.08857
t1300,87.28999999999999,0.0,0.0,0.0,0.08728999999999999
t1301,114.78409621877984,0.0,0.0,0.0,0.11478409621877983
t1302,91.46000000000001,0.0,0.0,0.0,0.09146000000000001
t1303,99.0,0.0,0.0,0.0,0.099
t1304,107.07000000000001,0.0,0.0,0.0,0.10707000000000001
t1305,116.07,0.0,0.0,0.0,0.11606999999999999
t1306,122.19,0.0,0.0,0.0,0.12219
t1307,124.94,0.0,0.0,0.0,0.12494
t1308,124.97999999999999,0.0,0.0,0.0,0.12498
t1309,124.12,0.0,0.0,0.0,0.12412000000000001
t1310,122.4,0.0,0.0,0.0,0.12240000000000001
t1311,120.51,0.0,0.0,0.0,0.12051
t1312,119.63,0.0,0.0,0.0,0.11963
t1313,120.89000000000001,0.0,0.0,0.0,0.12089000000000001
t1314,126.8,0.0,0.0,0.0,0.1268
t1315,134.78,0.0,0.0,0.0,0.13478
t1316,131.83,0.0,0.0,0.0,0.13183
t1317,126.91000000000003,0.0,0.0,0.0,0.12691000000000002
t1318,120.08,0.0,0.0,0.0,0.12007999999999999
t1319,111.46000000000001,0.0,0.0,0.0,0.11146
t1320,102.16,0.0,0.0,0.0,0.10216
t1321,94.76,0.0,0.0,0.0,0.09476000000000001
t1322,89.88,0.0,0.0,0.0,0.08988
t1323,86.92999999999999,0.0,0.0,0.0,0.08693
t1324,85.53000000000002,0.0,0.0,0.0,0.08553000000000001
t1325,85.5,0.0,0.0,0.0,0.0855
t1326,87.69,0.0,0.0,0.0,0.08769
t1327,92.86,0.0,0.0,0.0,0.09286
t1328,100.03,0.0,0.0,0.0,0.10003000000000001
t1329,109.45,0.0,0.0,0.0,0.10945
t1330,117.82000000000001,0.0,0.0,0.0,0.11782000000000001
t1331,122.66000000000001,0.0,0.0,0.0,0.12266
t1332,125.57000000000002,0.0,0.0,0.0,0.12557000000000001
t1333,127.34,0.0,0.0,0.0,0.12734
t1334,127.08,0.0,0.0,0.0,0.12708
t1335,126.64,0.0,0.0,0.0,0.12664
t1336,126.86,0.0,0.0,0.0,0.12686
t1337,130.3,0.0,0.0,0.0,0.1303
t1338,137.78,0.0,0.0,0.0,0.13778
t1339,144.03000000000003,0.0,0.0,0.0,0.14403000000000002
t1340,140.81,0.0,0.0,0.0,0.14081
t1341,134.16,0.0,0.0,0.0,0.13416
t1342,125.03,0.0,0.0,0.0,0.12503
t1343,114.55,0.0,0.0,0.0,0.11455
t1344,104.41,0.0,0.0,0.0,0.10441
t1345,107.94000000000001,0.0,0.0,0.0,0.10794000000000001
t1346,104.19,0.0,0.0,0.0,0.10419
t1347,102.63,0.0,0.0,0.0,0.10263
t1348,102.7,0.0,0.0,0.0,0.1027
t1349,106.48999999999998,0.0,0.0,0.0,0.10648999999999999
t1350,117.31,0.0,0.0,0.0,0.11731
t1351,136.37000000000003,0.0,0.0,0.0,0.13637000000000002
t1352,146.0,0.0,0.0,0.0,0.146
t1353,146.82999999999998,0.0,0.0,0.0,0.14683
t1354,147.08,0.0,0.0,0.0,0.14708000000000002
t1355,146.88000000000002,0.0,0.0,0.0,0.14688
t1356,146.03,0.0,0.0,0.0,0.14603
t1357,144.85,0.0,0.0,0.0,0.14485
t1358,143.79,0.0,0.0,0.0,0.14379
t1359,142.32,0.0,0.0,0.0,0.14232
t1360,143.85,0.0,0.0,0.0,0.14385
t1361,155.70000000000002,0.0,0.0,0.0,0.1557
t1362,167.41,0.0,0.0,0.0,0.16741
t1363,211.50115707933082,0.0,0.0,0.0,0.21150115707933081
t1364,163.63,0.0,0.0,0.0,0.16363
t1365,157.19,0.0,0.0,0.0,0.15719
t1366,146.57,0.0,0.0,0.0,0.14657
t1367,132.62,0.0,0.0,0.0,0.13262000000000002
t1368,120.08,0.0,0.0,0.0,0.12007999999999999
t1369,112.32,0.0,0.0,0.0,0.11231999999999999
t1370,108.25,0.0,0.0,0.0,0.10825
t1371,106.32,0.0,0.0,0.0,0.10632
t1372,106.22,0.0,0.0,0.0,0.10622
t1373,109.48,0.0,0.0,0.0,0.10948000000000001
t1374,119.84,0.0,0.0,0.0,0.11984
t1375,138.79,0.0,0.0,0.0,0.13879
t1376,148.9,0.0,0.0,0.0,0.1489
t1377,151.34,0.0,0.0,0.0,0.15134
t1378,152.41,0.0,0.0,0.0,0.15241
t1379,153.6,0.0,0.0,0.0,0.1536
t1380,154.07000000000002,0.0,0.0,0.0,0.15407
t1381,153.85000000000002,0.0,0.0,0.0,0.15385000000000001
t1382,153.72,0.0,0.0,0.0,0.15372
t1383,152.85000000000002,0.0,0.0,0.0,0.15285
t1384,154.82,0.0,0.0,0.0,0.15481999999999999
t1385,165.44,0.0,0.0,0.0,0.16544
t1386,172.47,0.0,0.0,0.0,0.17247
t1387,171.14000000000001,0.0,0.0,0.0,0.17114000000000001
t1388,166.57,0.0,0.0,0.0,0.16657
t1389,159.36,0.0,0.0,0.0,0.15936
t1390,147.82999999999998,0.0,0.0,0.0,0.14783
t1391,133.42000000000002,0.0,0.0,0.0,0.13342
t1392,120.52,0.0,0.0,0.0,0.12052
t1393,112.12,0.0,0.0,0.0,0.11212
t1394,107.65,0.0,0.0,0.0,0.10765000000000001
t1395,105.82000000000001,0.0,0.0,0.0,0.10582000000000001
t1396,105.80000000000001,0.0,0.0,0.0,0.1058
t1397,109.13000000000001,0.0,0.0,0.0,0.10913
t1398,119.67000000000002,0.0,0.0,0.0,0.11967000000000001
t1399,138.92,0.0,0.0,0.0,0.13892
t1400,149.09,0.0,0.0,0.0,0.14909
t1401,150.21,0.0,0.0,0.0,0.15021
t1402,150.47000000000003,0.0,0.0,0.0,0.15047000000000002
t1403,150.9,0.0,0.0,0.0,0.1509
t1404,149.72,0.0,0.0,0.0,0.14972
t1405,147.89,0.0,0.0,0.0,0.14789
t1406,147.45,0.0,0.0,0.0,0.14745
t1407,147.07,0.0,0.0,0.0,0.14707
t1408,149.23,0.0,0.0,0.0,0.14923
t1409,160.9,0.0,0.0,0.0,0.16090000000000002
t1410,170.24,0.0,0.0,0.0,0.17024
t1411,169.29,0.0,0.0,0.0,0.16929
t1412,165.55,0.0,0.0,0.0,0.16555
t1413,159.60000000000002,0.0,0.0,0.0,0.15960000000000002
t1414,149.43,0.0,0.0,0.0,0.14943
t1415,135.55,0.0,0.0,0.0,0.13555
t1416,122.86,0.0,0.0,0.0,0.12286
t1417,114.67,0.0,0.0,0.0,0.11467000000000001
t1418,110.58,0.0,0.0,0.0,0.11058
t1419,108.87,0.0,0.0,0.0,0.10887000000000001
t1420,108.87,0.0,0.0,0.0,0.10887000000000001
t1421,111.99000000000001,0.0,0.0,0.0,0.11199
t1422,122.82,0.0,0.0,0.0,0.12282
t1423,142.19,0.0,0.0,0.0,0.14219
t1424,151.27,0.0,0.0,0.0,0.15127000000000002
t1425,151.25,0.0,0.0,0.0,0.15125
t1426,397.69764031004496,0.0,0.0,0.0,0.39769764031004495
t1427,149.64,0.0,0.0,0.0,0.14964
t1428,148.52,0.0,0.0,0.0,0.14852
t1429,146.29,0.0,0.0,0.0,0.14629
t1430,145.54,0.0,0.0,0.0,0.14554
t1431,144.25000000000003,0.0,0.0,0.0,0.14425000000000002
t1432,145.95,0.0,0.0,0.0,0.14595
t1433,157.19,0.0,0.0,0.0,0.15719
t1434,167.34,0.0,0.0,0.0,0.16734000000000002
t1435,167.99,0.0,0.0,0.0,0.16799
t1436,164.69,0.0,0.0,0.0,0.16469
t1437,158.25,0.0,0.0,0.0,0.15825
t1438,147.81,0.0,0.0,0.0,0.14781
t1439,133.7,0.0,0.0,0.0,0.13369999999999999
t1440,120.72,0.0,0.0,0.0,0.12072
t1441,112.35,0.0,0.0,0.0,0.11234999999999999
t1442,108.10000000000001,0.0,0.0,0.0,0.1081
t1443,106.02000000000001,0.0,0.0,0.0,0.10602
t1444,106.16000000000001,0.0,0.0,0.0,0.10616
t1445,109.57000000000002,0.0,0.0,0.0,0.10957000000000001
t1446,120.45,0.0,0.0,0.0,0.12045
t1447,139.44,0.0,0.0,0.0,0.13944
t1448,149.10999999999999,0.0,0.0,0.0,0.14911
t1449,151.5,0.0,0.0,0.0,0.1515
t1450,152.17,0.0,0.0,0.0,0.15217
t1451,151.64,0.0,0.0,0.0,0.15164
t1452,150.46,0.0,0.0,0.0,0.15046
t1453,149.0,0.0,0.0,0.0,0.149
t1454,148.58,0.0,0.0,0.0,0.14858000000000002
t1455,148.10000000000002,0.0,0.0,0.0,0.1481
t1456,150.38000000000002,0.0,0.0,0.0,0.15038
t1457,161.97,0.0,0.0,0.0,0.16197
t1458,168.09,0.0,0.0,0.0,0.16809000000000002
t1459,397.91958012290615,0.0,0.0,0.0,0.3979195801229062
t1460,161.23000000000002,0.0,0.0,0.0,0.16123
t1461,155.89000000000001,0.0,0.0,0.0,0.15589
t1462,147.76999999999998,0.0,0.0,0.0,0.14776999999999998
t1463,136.34,0.0,0.0,0.0,0.13634000000000002
t1464,124.47,0.0,0.0,0.0,0.12447
t1465,115.48,0.0,0.0,0.0,0.11548
t1466,110.24,0.0,0.0,0.0,0.11023999999999999
t1467,107.74,0.0,0.0,0.0,0.10773999999999999
t1468,106.89999999999999,0.0,0.0,0.0,0.1069
t1469,107.89,0.0,0.0,0.0,0.10789
t1470,111.93,0.0,0.0,0.0,0.11193
t1471,120.12,0.0,0.0,0.0,0.12012
t1472,129.26000000000002,0.0,0.0,0.0,0.12926
t1473,139.27,0.0,0.0,0.0,0.13927
t1474,145.85,0.0,0.0,0.0,0.14585
t1475,148.9,0.0,0.0,0.0,0.1489
t1476,149.24,0.0,0.0,0.0,0.14924
t1477,148.59,0.0,0.0,0.0,0.14859
t1478,147.16,0.0,0.0,0.0,0.14715999999999999
t1479,146.18,0.0,0.0,0.0,0.14618
t1480,147.99,0.0,0.0,0.0,0.14799
t1481,157.89000000000001,0.0,0.0,0.0,0.15789
t1482,162.17999999999998,0.0,0.0,0.0,0.16218
t1483,377.5788370584661,0.0,0.0,0.0,0.37757883705846607
t1484,154.32000000000002,0.0,0.0,0.0,0.15432
t1485,149.01,0.0,0.0,0.0,0.14901
t1486,141.69,0.0,0.0,0.0,0.14169
t1487,131.58,0.0,0.0,0.0,0.13158
t1488,120.47000000000001,0.0,0.0,0.0,0.12047000000000001
t1489,111.83999999999999,0.0,0.0,0.0,0.11184
t1490,106.43,0.0,0.0,0.0,0.10643000000000001
t1491,103.21,0.0,0.0,0.0,0.10321
t1492,101.74,0.0,0.0,0.0,0.10174
t1493,101.87,0.0,0.0,0.0,0.10187
t1494,104.33000000000001,0.0,0.0,0.0,0.10433
t1495,109.58999999999999,0.0,0.0,0.0,0.10958999999999999
t1496,116.35,0.0,0.0,0.0,0.11635
t1497,125.49,0.0,0.0,0.0,0.12549
t1498,132.17999999999998,0.0,0.0,0.0,0.13218
t1499,135.2,0.0,0.0,0.0,0.1352
t1500,136.18,0.0,0.0,0.0,0.13618
t1501,136.27,0.0,0.0,0.0,0.13627
t1502,134.77,0.0,0.0,0.0,0.13477
t1503,133.43,0.0,0.0,0.0,0.13343
t1504,135.36,0.0,0.0,0.0,0.13536
t1505,148.64000000000001,0.0,0.0,0.0,0.14864000000000002
t1506,156.79000000000002,0.0,0.0,0.0,0.15679
t1507,155.0,0.0,0.0,0.0,0.155
t1508,150.63000000000002,0.0,0.0,0.0,0.15063000000000001
t1509,144.1,0.0,0.0,0.0,0.1441
t1510,133.63,0.0,0.0,0.0,0.13363
t1511,120.71,0.0,0.0,0.0,0.12071
t1512,108.80000000000001,0.0,0.0,0.0,0.10880000000000001
t1513,113.32000000000001,0.0,0.0,0.0,0.11332
t1514,107.72999999999999,0.0,0.0,0.0,0.10772999999999999
t1515,105.64999999999999,0.0,0.0,0.0,0.10565
t1516,105.39,0.0,0.0,0.0,0.10539
t1517,108.89,0.0,0.0,0.0,0.10889
t1518,119.13,0.0,0.0,0.0,0.11913
t1519,137.75,0.0,0.0,0.0,0.13775
t1520,150.63000000000002,0.0,0.0,0.0,0.15063000000000001
t1521,154.54000000000002,0.0,0.0,0.0,0.15454
t1522,156.06,0.0,0.0,0.0,0.15606
t1523,157.61,0.0,0.0,0.0,0.15761
t1524,157.85000000000002,0.0,0.0,0.0,0.15785000000000002
t1525,156.86,0.0,0.0,0.0,0.15686
t1526,156.24,0.0,0.0,0.0,0.15624000000000002
t1527,155.14,0.0,0.0,0.0,0.15514
t1528,157.23000000000002,0.0,0.0,0.0,0.15723
t1529,168.99999999999997,0.0,0.0,0.0,0.16899999999999998
t1530,175.73,0.0,0.0,0.0,0.17573
t1531,173.99,0.0,0.0,0.0,0.17399
t1532,169.60999999999999,0.0,0.0,0.0,0.16960999999999998
t1533,162.92000000000002,0.0,0.0,0.0,0.16292
t1534,151.59,0.0,0.0,0.0,0.15159
t1535,136.23,0.0,0.0,0.0,0.13623
t1536,121.59,0.0,0.0,0.0,0.12159
t1537,111.57000000000001,0.0,0.0,0.0,0.11157
t1538,106.63,0.0,0.0,0.0,0.10663
t1539,103.9,0.0,0.0,0.0,0.1039
t1540,103.37,0.0,0.0,0.0,0.10337
t1541,106.02000000000001,0.0,0.0,0.0,0.10602
t1542,115.98000000000002,0.0,0.0,0.0,0.11598000000000001
t1543,134.54000000000002,0.0,0.0,0.0,0.13454000000000002
t1544,146.44000000000003,0.0,0.0,0.0,0.14644000000000001
t1545,148.37,0.0,0.0,0.0,0.14837
t1546,149.04999999999998,0.0,0.0,0.0,0.14905
t1547,149.94,0.0,0.0,0.0,0.14994
t1548,149.67,0.0,0.0,0.0,0.14967
t1549,148.09,0.0,0.0,0.0,0.14809
t1550,147.4,0.0,0.0,0.0,0.1474
t1551,146.28,0.0,0.0,0.0,0.14628
t1552,148.07,0.0,0.0,0.0,0.14807
t1553,159.55,0.0,0.0,0.0,0.15955
t1554,168.0,0.0,0.0,0.0,0.168
t1555,166.91,0.0,0.0,0.0,0.16691
t1556,257.98888437270426,0.0,0.0,0.0,0.2579888843727043
t1557,156.92999999999998,0.0,0.0,0.0,0.15693
t1558,538.8123414277617,0.0,0.0,0.0,0.5388123414277617
t1559,132.08999999999997,0.0,0.0,0.0,0.13208999999999999
t1560,117.84000000000002,0.0,0.0,0.0,0.11784000000000001
t1561,107.65,0.0,0.0,0.0,0.10765000000000001
t1562,102.57999999999998,0.0,0.0,0.0,0.10257999999999999
t1563,100.47,0.0,0.0,0.0,0.10047
t1564,100.45,0.0,0.0,0.0,0.10045
t1565,103.87,0.0,0.0,0.0,0.10387
t1566,114.32000000000001,0.0,0.0,0.0,0.11432
t1567,133.6,0.0,0.0,0.0,0.1336
t1568,144.87,0.0,0.0,0.0,0.14487
t1569,146.48,0.0,0.0,0.0,0.14648
t1570,146.74,0.0,0.0,0.0,0.14674
t1571,146.81,0.0,0.0,0.0,0.14681
t1572,146.07,0.0,0.0,0.0,0.14607
t1573,144.74,0.0,0.0,0.0,0.14474
t1574,144.9,0.0,0.0,0.0,0.1449
t1575,144.77,0.0,0.0,0.0,0.14477
t1576,146.76,0.0,0.0,0.0,0.14676
t1577,159.42000000000002,0.0,0.0,0.0,0.15942
t1578,169.56,0.0,0.0,0.0,0.16956
t1579,341.0970518390801,0.0,0.0,0.0,0.3410970518390801
t1580,165.54,0.0,0.0,0.0,0.16554
t1581,160.12,0.0,0.0,0.0,0.16012
t1582,150.32999999999998,0.0,0.0,0.0,0.15033
t1583,135.85,0.0,0.0,0.0,0.13585
t1584,121.25,0.0,0.0,0.0,0.12125
t1585,111.61,0.0,0.0,0.0,0.11161
t1586,106.30000000000001,0.0,0.0,0.0,0.1063
t1587,104.06000000000002,0.0,0.0,0.0,0.10406000000000001
t1588,104.07,0.0,0.0,0.0,0.10407
t1589,107.56,0.0,0.0,0.0,0.10756
t1590,118.52,0.0,0.0,0.0,0.11852
t1591,138.11,0.0,0.0,0.0,0.13811
t1592,148.21,0.0,0.0,0.0,0.14821
t1593,149.63,0.0,0.0,0.0,0.14962999999999999
t1594,149.10999999999999,0.0,0.0,0.0,0.14911
t1595,148.23,0.0,0.0,0.0,0.14823
t1596,146.69000000000003,0.0,0.0,0.0,0.14669000000000001
t1597,144.52,0.0,0.0,0.0,0.14452
t1598,144.23,0.0,0.0,0.0,0.14423
t1599,144.73,0.0,0.0,0.0,0.14473
t1600,147.94000000000003,0.0,0.0,0.0,0.14794000000000002
t1601,160.27999999999997,0.0,0.0,0.0,0.16027999999999998
t1602,169.06,0.0,0.0,0.0,0.16906
t1603,168.06,0.0,0.0,0.0,0.16806000000000001
t1604,164.85,0.0,0.0,0.0,0.16485
t1605,160.19,0.0,0.0,0.0,0.16019
t1606,150.60000000000002,0.0,0.0,0.0,0.1506
t1607,136.17000000000002,0.0,0.0,0.0,0.13617
t1608,122.08000000000001,0.0,0.0,0.0,0.12208000000000001
t1609,112.11,0.0,0.0,0.0,0.11211
t1610,106.45,0.0,0.0,0.0,0.10645
t1611,103.72000000000001,0.0,0.0,0.0,0.10372
t1612,103.69,0.0,0.0,0.0,0.10369
t1613,106.25999999999999,0.0,0.0,0.0,0.10626
t1614,115.69000000000001,0.0,0.0,0.0,0.11569000000000002
t1615,133.24,0.0,0.0,0.0,0.13324
t1616,146.03,0.0,0.0,0.0,0.14603
t1617,150.29999999999998,0.0,0.0,0.0,0.1503
t1618,152.4,0.0,0.0,0.0,0.1524
t1619,153.2,0.0,0.0,0.0,0.1532
t1620,152.60000000000002,0.0,0.0,0.0,0.1526
t1621,149.81,0.0,0.0,0.0,0.14981
t1622,147.67,0.0,0.0,0.0,0.14767
t1623,144.75,0.0,0.0,0.0,0.14475
t1624,144.00000000000003,0.0,0.0,0.0,0.14400000000000002
t1625,154.41000000000003,0.0,0.0,0.0,0.15441000000000002
t1626,162.04000000000002,0.0,0.0,0.0,0.16204000000000002
t1627,159.48999999999998,0.0,0.0,0.0,0.15949
t1628,155.03,0.0,0.0,0.0,0.15503
t1629,569.7760007972214,0.0,0.0,0.0,0.5697760007972213
t1630,142.25,0.0,0.0,0.0,0.14225
t1631,131.29,0.0,0.0,0.0,0.13129
t1632,118.64000000000001,0.0,0.0,0.0,0.11864000000000001
t1633,109.33,0.0,0.0,0.0,0.10933
t1634,103.75999999999999,0.0,0.0,0.0,0.10375999999999999
t1635,100.69000000000001,0.0,0.0,0.0,0.10069000000000002
t1636,99.83,0.0,0.0,0.0,0.09983
t1637,100.79,0.0,0.0,0.0,0.10079
t1638,104.32000000000001,0.0,0.0,0.0,0.10432000000000001
t1639,112.08999999999999,0.0,0.0,0.0,0.11209
t1640,120.94,0.0,0.0,0.0,0.12093999999999999
t1641,287.03271953898303,0.0,0.0,0.0,0.287032719538983
t1642,137.60999999999999,0.0,0.0,0.0,0.13760999999999998
t1643,139.77,0.0,0.0,0.0,0.13977
t1644,140.28000000000003,0.0,0.0,0.0,0.14028000000000002
t1645,139.32,0.0,0.0,0.0,0.13932
t1646,138.23000000000002,0.0,0.0,0.0,0.13823000000000002
t1647,138.05,0.0,0.0,0.0,0.13805
t1648,140.41,0.0,0.0,0.0,0.14041
t1649,152.72,0.0,0.0,0.0,0.15272
t1650,162.5,0.0,0.0,0.0,0.1625
t1651,162.02000000000004,0.0,0.0,0.0,0.16202000000000003
t1652,158.6,0.0,0.0,0.0,0.1586
t1653,154.48999999999998,0.0,0.0,0.0,0.15449
t1654,148.49,0.0,0.0,0.0,0.14849
t1655,138.65,0.0,0.0,0.0,0.13865
t1656,126.97,0.0,0.0,0.0,0.12697
t1657,117.35,0.0,0.0,0.0,0.11735
t1658,111.22,0.0,0.0,0.0,0.11122
t1659,107.97000000000001,0.0,0.0,0.0,0.10797000000000001
t1660,106.45,0.0,0.0,0.0,0.10645
t1661,106.72000000000001,0.0,0.0,0.0,0.10672000000000001
t1662,109.61999999999999,0.0,0.0,0.0,0.10962
t1663,115.51,0.0,0.0,0.0,0.11551
t1664,121.88,0.0,0.0,0.0,0.12188
t1665,130.20000000000002,0.0,0.0,0.0,0.1302
t1666,135.65,0.0,0.0,0.0,0.13565
t1667,137.48,0.0,0.0,0.0,0.13748
t1668,138.67000000000002,0.0,0.0,0.0,0.13867000000000002
t1669,139.11,0.0,0.0,0.0,0.13911
t1670,138.18,0.0,0.0,0.0,0.13818
t1671,137.1,0.0,0.0,0.0,0.1371
t1672,137.96,0.0,0.0,0.0,0.13796
t1673,150.38000000000002,0.0,0.0,0.0,0.15038
t1674,160.88000000000002,0.0,0.0,0.0,0.16088000000000002
t1675,160.76000000000002,0.0,0.0,0.0,0.16076000000000001
t1676,157.82000000000002,0.0,0.0,0.0,0.15782000000000002
t1677,153.92,0.0,0.0,0.0,0.15392
t1678,146.63000000000002,0.0,0.0,0.0,0.14663
t1679,136.2,0.0,0.0,0.0,0.1362
t1680,123.88000000000001,0.0,0.0,0.0,0.12388
t1681,114.03,0.0,0.0,0.0,0.11403
t1682,108.33999999999999,0.0,0.0,0.0,0.10833999999999999
t1683,105.39999999999999,0.0,0.0,0.0,0.1054
t1684,104.86000000000001,0.0,0.0,0.0,0.10486000000000001
t1685,107.19,0.0,0.0,0.0,0.10719
t1686,113.46000000000001,0.0,0.0,0.0,0.11346
t1687,598.7574967908782,0.0,0.0,0.0,0.5987574967908782
t1688,131.91,0.0,0.0,0.0,0.13191
t1689,139.59,0.0,0.0,0.0,0.13959
t1690,143.87,0.0,0.0,0.0,0.14387
t1691,145.32,0.0,0.0,0.0,0.14532
t1692,144.63,0.0,0.0,0.0,0.14463
t1693,142.29,0.0,0.0,0.0,0.14229
t1694,140.42,0.0,0.0,0.0,0.14042
t1695,140.06000000000003,0.0,0.0,0.0,0.14006000000000002
t1696,141.45,0.0,0.0,0.0,0.14145
t1697,152.47,0.0,0.0,0.0,0.15247
t1698,158.48000000000002,0.0,0.0,0.0,0.15848
t1699,152.25,0.0,0.0,0.0,0.15225
t1700,146.04,0.0,0.0,0.0,0.14604
t1701,142.05,0.0,0.0,0.0,0.14205
t1702,138.27999999999997,0.0,0.0,0.0,0.13828
t1703,132.08,0.0,0.0,0.0,0.13208
t1704,123.25,0.0,0.0,0.0,0.12325
t1705,114.16999999999999,0.0,0.0,0.0,0.11417
t1706,107.62,0.0,0.0,0.0,0.10762000000000001
t1707,103.87,0.0,0.0,0.0,0.10387
t1708,102.81000000000002,0.0,0.0,0.0,0.10281000000000001
t1709,103.53999999999999,0.0,0.0,0.0,0.10354
t1710,243.6757746736502,0.0,0.0,0.0,0.2436757746736502
t1711,113.16000000000001,0.0,0.0,0.0,0.11316000000000001
t1712,121.25,0.0,0.0,0.0,0.12125
t1713,130.49,0.0,0.0,0.0,0.13049
t1714,137.04000000000002,0.0,0.0,0.0,0.13704000000000002
t1715,139.62,0.0,0.0,0.0,0.13962
t1716,140.68,0.0,0.0,0.0,0.14068
t1717,139.53,0.0,0.0,0.0,0.13953
t1718,136.02,0.0,0.0,0.0,0.13602
t1719,131.94,0.0,0.0,0.0,0.13194
t1720,130.63,0.0,0.0,0.0,0.13063
t1721,138.08,0.0,0.0,0.0,0.13808
t1722,144.31,0.0,0.0,0.0,0.14431
t1723,144.19000000000003,0.0,0.0,0.0,0.14419
t1724,143.5,0.0,0.0,0.0,0.1435
t1725,142.13,0.0,0.0,0.0,0.14213
t1726,137.68,0.0,0.0,0.0,0.13768
t1727,129.09,0.0,0.0,0.0,0.12909
t1728,119.42,0.0,0.0,0.0,0.11942
t1729,112.25,0.0,0.0,0.0,0.11225
t1730,108.36999999999999,0.0,0.0,0.0,0.10837
t1731,106.63,0.0,0.0,0.0,0.10663
t1732,107.14999999999999,0.0,0.0,0.0,0.10715
t1733,110.24,0.0,0.0,0.0,0.11023999999999999
t1734,118.2,0.0,0.0,0.0,0.1182
t1735,131.16,0.0,0.0,0.0,0.13116
t1736,141.11,0.0,0.0,0.0,0.14111
t1737,147.78,0.0,0.0,0.0,0.14778
t1738,151.97,0.0,0.0,0.0,0.15197
t1739,154.12,0.0,0.0,0.0,0.15412
t1740,154.82999999999998,0.0,0.0,0.0,0.15483
t1741,154.20000000000002,0.0,0.0,0.0,0.1542
t1742,153.82000000000002,0.0,0.0,0.0,0.15382
t1743,153.4,0.0,0.0,0.0,0.1534
t1744,155.70000000000002,0.0,0.0,0.0,0.1557
t1745,167.02999999999997,0.0,0.0,0.0,0.16702999999999998
t1746,173.84,0.0,0.0,0.0,0.17384
t1747,172.04999999999998,0.0,0.0,0.0,0.17204999999999998
t1748,167.44,0.0,0.0,0.0,0.16744
t1749,161.26000000000002,0.0,0.0,0.0,0.16126000000000001
t1750,440.3249771741924,0.0,0.0,0.0,0.4403249771741924
t1751,138.7,0.0,0.0,0.0,0.1387
t1752,125.89,0.0,0.0,0.0,0.12589
t1753,116.59000000000002,0.0,0.0,0.0,0.11659000000000001
t1754,111.47,0.0,0.0,0.0,0.11147
t1755,108.80000000000001,0.0,0.0,0.0,0.10880000000000001
t1756,107.14999999999999,0.0,0.0,0.0,0.10715
t1757,109.88,0.0,0.0,0.0,0.10987999999999999
t1758,117.02,0.0,0.0,0.0,0.11702
t1759,128.04000000000002,0.0,0.0,0.0,0.12804000000000001
t1760,138.45000000000002,0.0,0.0,0.0,0.13845000000000002
t1761,145.14,0.0,0.0,0.0,0.14514
t1762,151.22,0.0,0.0,0.0,0.15122
t1763,155.09,0.0,0.0,0.0,0.15509
t1764,156.81,0.0,0.0,0.0,0.15681
t1765,156.22,0.0,0.0,0.0,0.15622
t1766,155.23999999999998,0.0,0.0,0.0,0.15524
t1767,153.75,0.0,0.0,0.0,0.15375
t1768,154.82999999999998,0.0,0.0,0.0,0.15483
t1769,164.41,0.0,0.0,0.0,0.16441
t1770,172.54999999999998,0.0,0.0,0.0,0.17254999999999998
t1771,170.3,0.0,0.0,0.0,0.1703
t1772,165.27999999999997,0.0,0.0,0.0,0.16527999999999998
t1773,158.76,0.0,0.0,0.0,0.15875999999999998
t1774,149.01999999999998,0.0,0.0,0.0,0.14901999999999999
t1775,136.31,0.0,0.0,0.0,0.13631000000000001
t1776,124.19000000000001,0.0,0.0,0.0,0.12419000000000001
t1777,115.56,0.0,0.0,0.0,0.11556
t1778,111.06,0.0,0.0,0.0,0.11106
t1779,108.86,0.0,0.0,0.0,0.10886
t1780,108.63000000000001,0.0,0.0,0.0,0.10863
t1781,111.32000000000001,0.0,0.0,0.0,0.11132
t1782,119.08,0.0,0.0,0.0,0.11907999999999999
t1783,131.5,0.0,0.0,0.0,0.1315
t1784,140.81,0.0,0.0,0.0,0.14081
t1785,147.13,0.0,0.0,0.0,0.14712999999999998
t1786,150.71,0.0,0.0,0.0,0.15071
t1787,151.85999999999999,0.0,0.0,0.0,0.15186
t1788,150.91,0.0,0.0,0.0,0.15091
t1789,148.72,0.0,0.0,0.0,0.14872
t1790,146.87,0.0,0.0,0.0,0.14687
t1791,145.31000000000003,0.0,0.0,0.0,0.14531000000000002
t1792,145.72,0.0,0.0,0.0,0.14572
t1793,156.79000000000002,0.0,0.0,0.0,0.15679
t1794,167.74,0.0,0.0,0.0,0.16774
t1795,166.08,0.0,0.0,0.0,0.16608
t1796,161.55999999999997,0.0,0.0,0.0,0.16155999999999998
t1797,156.26000000000002,0.0,0.0,0.0,0.15626
t1798,148.14,0.0,0.0,0.0,0.14814
t1799,137.42000000000002,0.0,0.0,0.0,0.13742000000000001
t1800,125.76,0.0,0.0,0.0,0.12576
t1801,117.18,0.0,0.0,0.0,0.11718
t1802,112.05,0.0,0.0,0.0,0.11205
t1803,109.53,0.0,0.0,0.0,0.10953
t1804,108.28,0.0,0.0,0.0,0.10828
t1805,108.93,0.0,0.0,0.0,0.10893000000000001
t1806,112.58,0.0,0.0,0.0,0.11258
t1807,602.6090902559487,0.0,0.0,0.0,0.6026090902559487
t1808,126.35,0.0,0.0,0.0,0.12635
t1809,135.24,0.0,0.0,0.0,0.13524
t1810,142.26000000000002,0.0,0.0,0.0,0.14226000000000003
t1811,145.83,0.0,0.0,0.0,0.14583000000000002
t1812,146.44000000000003,0.0,0.0,0.0,0.14644000000000001
t1813,146.48,0.0,0.0,0.0,0.14648
t1814,146.13000000000002,0.0,0.0,0.0,0.14613
t1815,146.31,0.0,0.0,0.0,0.14631
t1816,149.15,0.0,0.0,0.0,0.14915
t1817,160.07000000000002,0.0,0.0,0.0,0.16007000000000002
t1818,198.15936342543506,0.0,0.0,0.0,0.19815936342543505
t1819,249.37977038290438,0.0,0.0,0.0,0.24937977038290438
t1820,160.84,0.0,0.0,0.0,0.16084
t1821,154.59,0.0,0.0,0.0,0.15459
t1822,146.50000000000003,0.0,0.0,0.0,0.14650000000000002
t1823,135.91,0.0,0.0,0.0,0.13591
t1824,124.94,0.0,0.0,0.0,0.12494
t1825,116.30000000000001,0.0,0.0,0.0,0.11630000000000001
t1826,110.74000000000001,0.0,0.0,0.0,0.11074
t1827,108.08999999999999,0.0,0.0,0.0,0.10808999999999999
t1828,106.92999999999999,0.0,0.0,0.0,0.10693
t1829,107.6,0.0,0.0,0.0,0.1076
t1830,110.67,0.0,0.0,0.0,0.11067
t1831,115.81,0.0,0.0,0.0,0.11581
t1832,121.08000000000001,0.0,0.0,0.0,0.12108000000000001
t1833,129.01999999999998,0.0,0.0,0.0,0.12902
t1834,135.86,0.0,0.0,0.0,0.13586
t1835,140.44,0.0,0.0,0.0,0.14044
t1836,143.36,0.0,0.0,0.0,0.14336000000000002
t1837,144.48,0.0,0.0,0.0,0.14448
t1838,143.4,0.0,0.0,0.0,0.1434
t1839,142.21,0.0,0.0,0.0,0.14221
t1840,143.41,0.0,0.0,0.0,0.14341
t1841,156.35,0.0,0.0,0.0,0.15635
t1842,168.03,0.0,0.0,0.0,0.16803
t1843,167.45000000000002,0.0,0.0,0.0,0.16745000000000002
t1844,163.32999999999998,0.0,0.0,0.0,0.16332999999999998
t1845,158.72,0.0,0.0,0.0,0.15872
t1846,150.76,0.0,0.0,0.0,0.15076
t1847,140.28000000000003,0.0,0.0,0.0,0.14028000000000002
t1848,129.25,0.0,0.0,0.0,0.12925
