Constraint,CapRes_1
t1,1.3674603724368788e-9
t2,1.3094813138200391e-9
t3,1.2706665425038197e-9
t4,1.2765014715494623e-9
t5,1.2934380981923922e-9
t6,1.3279383556130565e-9
t7,1.437449487636965e-9
t8,1.2917132437787451e-9
t9,1.0901797719488835e-9
t10,8.810419691770851e-10
t11,8.595002634177836e-10
t12,8.078962333650881e-10
t13,8.416731874751852e-10
t14,9.935934778397424e-10
t15,1.108116098819963e-9
t16,1.1923105379754202e-9
t17,1.7659323773661008e-9
t18,3.0077682430729692e-9
t19,3.0452884237310978e-9
t20,2.980491186437065e-9
t21,2.8973896450990975e-9
t22,2.7253441050075877e-9
t23,2.5723586812425906e-9
t24,2.1759082216150103e-9
t25,1.858877204282215e-9
t26,1.5840049550227948e-9
t27,1.4755681088890263e-9
t28,1.5283058097222017e-9
t29,1.484575636800463e-9
t30,1.6315988827861707e-9
t31,2.2581929246417792e-9
t32,2.9788391840631605e-9
t33,2.2292341366414023e-9
t34,1.5713715811446618e-9
t35,1.4026490019036836e-9
t36,1.3612861981986209e-9
t37,1.394163040018018e-9
t38,1.3864657196280361e-9
t39,1.3582699859309746e-9
t40,1.4174854164390688e-9
t41,1.761931705752864e-9
t42,1.8588246230079709e-9
t43,1.8657920991568245e-9
t44,1.8374992811952226e-9
t45,1.8035411979913814e-9
t46,1.660395109113083e-9
t47,1.3129184283254989e-9
t48,1.1666915399832387e-9
t49,1.1246310449921931e-9
t50,1.0772492738181892e-9
t51,1.0370674814975197e-9
t52,1.0485101577072158e-9
t53,1.0839165614359629e-9
t54,1.1446656990490937e-9
t55,1.2195907633873642e-9
t56,1.2377276847372653e-9
t57,1.1708254255830163e-9
t58,8.450354033042127e-10
t59,7.397069403101148e-10
t60,6.560455558574572e-10
t61,6.193925647834765e-10
t62,6.305555649676213e-10
t63,6.879290383098274e-10
t64,8.548273889550231e-10
t65,1.240410332482993e-9
t66,1.5379744201541218e-9
t67,1.602516912462887e-9
t68,1.5793192879858733e-9
t69,1.544685612106367e-9
t70,1.5090211184556081e-9
t71,1.4081352023671032e-9
t72,1.2668075514407138e-9
t73,1.1562713487778915e-9
t74,1.088486833214411e-9
t75,1.0598564700307907e-9
t76,1.054340502781188e-9
t77,1.0692205812346416e-9
t78,1.152819773201882e-9
t79,1.4530816996717375e-9
t80,1.4870010638473716e-9
t81,1.205311641141183e-9
t82,1.0362606635074046e-9
t83,9.178765755938203e-10
t84,8.680498226143974e-10
t85,8.975964864317174e-10
t86,8.814212556786916e-10
t87,7.989160491130841e-10
t88,1.0530333276444282e-9
t89,1.4979414722333323e-9
t90,3.2877530141505763e-9
t91,3.6107272770106883e-9
t92,3.4770011410829866e-9
t93,3.2934551553788057e-9
t94,2.9980351725947757e-9
t95,2.7559033808755774e-9
t96,2.262681632418189e-9
t97,1.923907666406464e-9
t98,1.7822876921773963e-9
t99,1.6792152918321586e-9
t100,1.6209954459601403e-9
t101,1.692720754645451e-9
t102,2.0430934255945188e-9
t103,2.8407453948464968e-9
t104,3.0063815748721706e-9
t105,2.1422591658490805e-9
t106,1.640684012101136e-9
t107,1.5638484248134102e-9
t108,1.5469816987840518e-9
t109,1.5271826838312219e-9
t110,1.48835145513545e-9
t111,1.6166785848073962e-9
t112,2.1409701491565747e-9
t113,3.997106280827148e-9
t114,4.1527608192941366e-9
t115,4.1954392328419215e-9
t116,4.077947514022784e-9
t117,3.972871111553316e-9
t118,3.6996077487053047e-9
t119,2.1081165859947003e-9
t120,1.3681364696726538e-9
t121,1.222867071853608e-9
t122,1.180997769092055e-9
t123,1.1387658126268346e-9
t124,1.144502132637445e-9
t125,1.1852255829745671e-9
t126,1.2431307460803108e-9
t127,1.4666984545335983e-9
t128,1.7209266262504567e-9
t129,1.7524166060593358e-9
t130,1.7463309771703058e-9
t131,1.4752030998463866e-9
t132,1.6828156321154875e-9
t133,1.4670800803141764e-9
t134,1.4919202300272839e-9
t135,1.4489467489866844e-9
t136,1.6868832928898893e-9
t137,1.725245472271896e-9
t138,1.79882824519117e-9
t139,1.8059094202533809e-9
t140,1.7875202191569363e-9
t141,1.5573335443499374e-9
t142,1.3022578730642472e-9
t143,1.1297209042569897e-9
t144,1.0505238441753302e-9
t145,1.0340512142148971e-9
t146,1.0226344360784086e-9
t147,1.0175376722568123e-9
t148,1.0138162325474345e-9
t149,1.0093452149865256e-9
t150,1.0123544989936683e-9
t151,1.1150781042872013e-9
t152,1.1277299721362509e-9
t153,1.130955719799763e-9
t154,1.1152362270662777e-9
t155,1.08219718064328e-9
t156,1.0173113322449628e-9
t157,7.618620791327794e-10
t158,7.209305408610055e-10
t159,7.595752259302743e-10
t160,9.546345986376648e-10
t161,1.207229881424151e-9
t162,1.8392263391098692e-9
t163,1.8511522375272972e-9
t164,1.8486400922802875e-9
t165,1.839501429798701e-9
t166,1.3988362658381425e-9
t167,1.2783291292837734e-9
t168,1.2255304495155575e-9
t169,2.181954009309043e-9
t170,2.165761581484618e-9
t171,2.119214108197533e-9
t172,2.1194636220505485e-9
t173,2.1084657250865456e-9
t174,2.1436647239691202e-9
t175,2.1681618061303905e-9
t176,2.0908302889897876e-9
t177,1.5578292818256086e-9
t178,1.3741188095777757e-9
t179,1.2599664925285931e-9
t180,1.3023173376395074e-9
t181,1.2902036054278288e-9
t182,1.3010799748412268e-9
t183,1.297312664222608e-9
t184,1.3814709154551055e-9
t185,1.8498833687474303e-9
t186,2.9286265173855574e-9
t187,4.455042381771748e-9
t188,4.3719854564972e-9
t189,4.282379554119197e-9
t190,3.807920682675377e-9
t191,3.3675191302779885e-9
t192,2.849437809973344e-9
t193,2.4513818845667793e-9
t194,2.322893989089026e-9
t195,2.2019023013103727e-9
t196,2.2048810380903403e-9
t197,2.214627025187803e-9
t198,2.2528222667516726e-9
t199,2.3249942899043516e-9
t200,2.3716073288588706e-9
t201,2.1496968536541894e-9
t202,1.4846078993357455e-9
t203,1.1922682549460342e-9
t204,1.1786201541108784e-9
t205,1.1239694516810296e-9
t206,1.123332544508185e-9
t207,1.1097757535260209e-9
t208,1.1603889063103715e-9
t209,1.469393673514901e-9
t210,2.4733434334246616e-9
t211,3.769114670513274e-9
t212,4.216054111206047e-9
t213,3.6903972630392413e-9
t214,3.095380890877508e-9
t215,2.8765793329362018e-9
t216,2.7560123515287247e-9
t217,2.6554612712791702e-9
t218,2.632684167364496e-9
t219,2.6325725968001425e-9
t220,2.63179712371369e-9
t221,2.7832679773768363e-9
t222,3.4581045524755e-9
t223,4.159615700732591e-9
t224,3.916893949304983e-9
t225,2.6701125343908855e-9
t226,2.1302905615669486e-9
t227,1.8861876041236014e-9
t228,1.7822877114203396e-9
t229,1.636078618751192e-9
t230,1.9178898559056165e-9
t231,2.2259813059856305e-9
t232,2.3256559570934327e-9
t233,2.657875877979986e-9
t234,3.2443172871923426e-9
t235,3.6266091037797094e-9
t236,3.5908646253014204e-9
t237,3.3191924692905024e-9
t238,3.1007428458361104e-9
t239,2.854873219625667e-9
t240,2.480891374341612e-9
t241,2.3444831987271237e-9
t242,2.2842020270474563e-9
t243,2.2952999944553146e-9
t244,2.296855501888322e-9
t245,2.3007515674928194e-9
t246,2.400632504689151e-9
t247,2.634236703440795e-9
t248,2.5397935545620837e-9
t249,1.97698060757327e-9
t250,1.4300911987749436e-9
t251,1.4085742442992997e-9
t252,1.4886914668412054e-9
t253,1.2552345916108064e-9
t254,1.1938067540585011e-9
t255,1.2001447500182414e-9
t256,1.3364191558997617e-9
t257,1.897847595791587e-9
t258,2.5937493493372243e-9
t259,3.272957000444356e-9
t260,3.146726699233311e-9
t261,3.0422188298078218e-9
t262,2.943195817190201e-9
t263,2.605300419176914e-9
t264,2.3709424111582926e-9
t265,2.2435034308772566e-9
t266,2.1673699800639333e-9
t267,2.110836938005748e-9
t268,2.116057493103098e-9
t269,2.1569906257895317e-9
t270,2.2292050657182796e-9
t271,2.311192097061998e-9
t272,2.313003531346148e-9
t273,2.2281519865591325e-9
t274,1.706782168028936e-9
t275,1.4363437981797862e-9
t276,1.3004199226480115e-9
t277,1.204710865949598e-9
t278,1.1687982150813194e-9
t279,1.1306720419426585e-9
t280,1.158856249854392e-9
t281,1.3721005299745941e-9
t282,2.292970347311577e-9
t283,3.0121320909877194e-9
t284,3.435815593355244e-9
t285,3.367420838671246e-9
t286,3.2384422464420345e-9
t287,2.9637564533741688e-9
t288,2.572901272367869e-9
t289,2.591316685356438e-9
t290,2.678194206665973e-9
t291,2.740618153261259e-9
t292,2.7620905690622115e-9
t293,2.707463706816409e-9
t294,2.735014347124501e-9
t295,3.1341205169444397e-9
t296,3.680145383573511e-9
t297,3.264958546117765e-9
t298,2.8695363732986215e-9
t299,2.5738166183442333e-9
t300,2.5707103101713013e-9
t301,2.4309172227473283e-9
t302,2.0429883113956223e-9
t303,2.1689281987566492e-9
t304,2.1751285470851794e-9
t305,2.8259268361441455e-9
t306,3.2283591589543186e-9
t307,3.2873769622129343e-9
t308,3.2020460027765534e-9
t309,3.115900335518848e-9
t310,2.8987070299138396e-9
t311,2.566742304850815e-9
t312,2.406646740754194e-9
t313,2.2104460882480026e-9
t314,2.022991237968531e-9
t315,2.003927220556871e-9
t316,2.001376332736592e-9
t317,2.0160998983169626e-9
t318,2.0344375185411106e-9
t319,2.0616978734218103e-9
t320,1.8003351402116921e-9
t321,1.2924919187195362e-9
t322,1.1887329525553536e-9
t323,1.1350905600575849e-9
t324,1.1414174184388664e-9
t325,1.1214743305140534e-9
t326,1.1127926486081268e-9
t327,1.1018939365299566e-9
t328,1.1599636819918346e-9
t329,1.3709343890739277e-9
t330,2.082063113780747e-9
t331,2.4864072834493404e-9
t332,2.5308904274000454e-9
t333,2.50416183779528e-9
t334,2.4345878415718163e-9
t335,2.3022529887592505e-9
t336,2.1810153793858454e-9
t337,1.0059072694376259e-9
t338,9.812909615197665e-10
t339,9.789928297820449e-10
t340,9.755757075072114e-10
t341,9.796267025814872e-10
t342,1.0709239419881005e-9
t343,1.1728703266350803e-9
t344,1.0126176073572856e-9
t345,7.276270125561734e-10
t346,6.466343628136213e-10
t347,6.220860542051698e-10
t348,6.457203970612701e-10
t349,6.586884379441981e-10
t350,6.411524956783048e-10
t351,6.447655962910747e-10
t352,6.635298861254864e-10
t353,7.690018139718696e-10
t354,1.2014670692241693e-9
t355,1.665396136526172e-9
t356,1.7533059396016916e-9
t357,1.7288622770085836e-9
t358,1.6463783336284936e-9
t359,1.439586582790951e-9
t360,1.2025191479475007e-9
t361,1.1479646864915631e-9
t362,1.1358931788791423e-9
t363,1.127932146837499e-9
t364,1.1115678252642892e-9
t365,1.1686134525146913e-9
t366,1.326404883940443e-9
t367,1.5006315827198332e-9
t368,1.1602800298132286e-9
t369,8.903535660113482e-10
t370,7.914817675361223e-10
t371,7.476350986095992e-10
t372,7.44641323322272e-10
t373,7.381785306874003e-10
t374,7.433101696324771e-10
t375,7.561801365677509e-10
t376,7.941602688104565e-10
t377,9.172043975077737e-10
t378,1.2594282626888657e-9
t379,1.9423101524191713e-9
t380,2.029746792852049e-9
t381,2.02233310703869e-9
t382,1.8280004246003589e-9
t383,1.6098218582783226e-9
t384,1.3339487555042682e-9
t385,1.1938825168690718e-9
t386,1.1192638177446629e-9
t387,1.1224366191530162e-9
t388,1.1356301511183242e-9
t389,1.133895572059399e-9
t390,1.1721720076548701e-9
t391,1.3359580101798192e-9
t392,1.1251953967277126e-9
t393,9.964249237419913e-10
t394,8.762128304409458e-10
t395,7.146064107807123e-10
t396,8.729447342563997e-10
t397,8.290182034404108e-10
t398,8.334150963384105e-10
t399,8.247692750073817e-10
t400,8.176200794730265e-10
t401,8.579340997956289e-10
t402,1.0785406377297935e-9
t403,1.4383376365093731e-9
t404,1.7543392916607455e-9
t405,1.7311791142970262e-9
t406,1.6573862459538018e-9
t407,1.480865045700728e-9
t408,1.1926983663502078e-9
t409,1.0661594342939315e-9
t410,1.0071770648487888e-9
t411,1.0213466314542928e-9
t412,9.89843105862315e-10
t413,9.581246786142065e-10
t414,1.0189361195287865e-9
t415,1.1122183316995661e-9
t416,9.98689197441532e-10
t417,8.10143855228032e-10
t418,6.809502396799187e-10
t419,6.063366932404872e-10
t420,6.117407121670512e-10
t421,6.029023482130081e-10
t422,6.167486868032595e-10
t423,6.161663747039878e-10
t424,6.453773105148499e-10
t425,7.010859923413358e-10
t426,9.210947539704122e-10
t427,1.239609539260517e-9
t428,1.2652161808800429e-9
t429,1.2573004468185611e-9
t430,1.213396446447972e-9
t431,1.1753699746535414e-9
t432,1.0465348374857566e-9
t433,9.895978221249486e-10
t434,9.699847078756932e-10
t435,9.632080115206525e-10
t436,9.63590690620179e-10
t437,9.656292303136433e-10
t438,1.0589800523935598e-9
t439,1.1232687163015939e-9
t440,1.118186407395492e-9
t441,8.129646230525172e-10
t442,7.347738427929417e-10
t443,7.580143852419575e-10
t444,8.024806880824013e-10
t445,7.172670856267758e-10
t446,7.317949761537383e-10
t447,7.157841748717007e-10
t448,7.946730878734285e-10
t449,9.622896410564952e-10
t450,1.1807224206111147e-9
t451,1.3905115432804807e-9
t452,1.4355498192273106e-9
t453,1.4195723412173373e-9
t454,1.387184103671989e-9
t455,1.2675875726196828e-9
t456,1.104664528293277e-9
t457,1.0479251998976145e-9
t458,9.53830837682325e-10
t459,9.507836919233622e-10
t460,9.440316693707834e-10
t461,9.453838120954705e-10
t462,9.480643387948645e-10
t463,1.0230087007122006e-9
t464,8.176784751192396e-10
t465,7.228445424938872e-10
t466,7.954339855607728e-10
t467,8.652004358950304e-10
t468,8.355985427033612e-10
t469,8.066990607140785e-10
t470,6.986166853459854e-10
t471,9.176202266277669e-10
t472,1.0517277586124074e-9
t473,1.1187671707946015e-9
t474,1.2766711319863892e-9
t475,1.555464546506139e-9
t476,1.5873548752742528e-9
t477,1.5749963482436895e-9
t478,1.5207389809296576e-9
t479,1.3764585181456563e-9
t480,1.2398250473916428e-9
t481,1.1205565815067332e-9
t482,1.1186442830609016e-9
t483,1.0474471671880518e-9
t484,1.0127099722138356e-9
t485,1.0150897283484234e-9
t486,1.0129834139457345e-9
t487,1.0738449378057772e-9
t488,1.141188107855218e-9
t489,1.0910419229150234e-9
t490,1.1402151686359868e-9
t491,1.1143340961538725e-9
t492,1.0848190102615102e-9
t493,9.712751196217088e-10
t494,9.639077860799223e-10
t495,1.0473791301789802e-9
t496,1.156558506694502e-9
t497,1.1851089626528069e-9
t498,1.2814397898112462e-9
t499,1.3815835749860256e-9
t500,1.5847647422588349e-9
t501,1.5757367289140968e-9
t502,1.332750321867547e-9
t503,1.1279605754454145e-9
t504,1.0944568025259833e-9
t505,4.212721395047803e-10
t506,4.1661796010693513e-10
t507,4.1090623974157537e-10
t508,4.0585629118303914e-10
t509,4.1425815383793343e-10
t510,4.135440591547354e-10
t511,4.30492622261924e-10
t512,3.4750460357095453e-10
t513,2.885640472364249e-10
t514,2.743741132432786e-10
t515,2.605212163269837e-10
t516,2.491872147816976e-10
t517,2.486899803913736e-10
t518,2.6769796834679095e-10
t519,2.8022194956869675e-10
t520,2.96789735344783e-10
t521,2.986846685715503e-10
t522,3.679165551020722e-10
t523,5.058247239165221e-10
t524,6.601525562836194e-10
t525,6.536392865541378e-10
t526,6.23434614102069e-10
t527,5.970944331078711e-10
t528,5.663575907363559e-10
t529,5.062487413015791e-10
t530,4.1473597273904005e-10
t531,4.1577681969259573e-10
t532,4.133579478254574e-10
t533,4.20679166724678e-10
t534,4.2385738521959945e-10
t535,4.546697238755073e-10
t536,3.7980163489653776e-10
t537,3.232167705386292e-10
t538,3.073508020988144e-10
t539,2.8727227223484e-10
t540,3.0062493753635047e-10
t541,3.386559305584328e-10
t542,3.506338412138659e-10
t543,3.7519149848481846e-10
t544,3.7054743626547123e-10
t545,3.742454485888932e-10
t546,4.680095126041294e-10
t547,5.408296464445113e-10
t548,6.201200932238739e-10
t549,6.212623550585454e-10
t550,6.019403899286959e-10
t551,5.578721848863811e-10
t552,5.306463315892029e-10
t553,5.178344574758411e-10
t554,5.140546412239439e-10
t555,5.121367186134086e-10
t556,5.102011945889057e-10
t557,5.161054252921218e-10
t558,5.279162885208941e-10
t559,4.691786352592623e-10
t560,4.838674772078591e-10
t561,4.392144136187682e-10
t562,4.18789928098315e-10
t563,3.81866431012402e-10
t564,3.3047097813538804e-10
t565,3.1686937231992693e-10
t566,3.4923110598452857e-10
t567,3.5891630917223983e-10
t568,3.462667798449819e-10
t569,3.3742695361354874e-10
t570,4.7561570802217e-10
t571,5.688489012830197e-10
t572,8.177759506733576e-10
t573,8.025841249772428e-10
t574,7.622504240181514e-10
t575,7.256996540099756e-10
t576,6.3569997408424e-10
t577,5.633334606492864e-10
t578,5.175106153005603e-10
t579,4.978319476246062e-10
t580,4.930370446153445e-10
t581,4.955709412932998e-10
t582,5.034179140019519e-10
t583,4.816129222210496e-10
t584,4.468358508213233e-10
t585,3.562230619996526e-10
t586,3.332462625076331e-10
t587,3.4276044553246105e-10
t588,3.3748598208242985e-10
t589,3.450225439550437e-10
t590,3.6727535759059845e-10
t591,3.313501876951093e-10
t592,3.0572129540240686e-10
t593,3.3352777802955737e-10
t594,4.493601373845925e-10
t595,5.567503732412984e-10
t596,9.098667982380514e-10
t597,9.62480812177179e-10
t598,8.673124698149884e-10
t599,7.563550536767223e-10
t600,6.479002036201913e-10
t601,5.507694710742259e-10
t602,5.067493339316481e-10
t603,4.823397467641581e-10
t604,4.821766774382627e-10
t605,4.877909563671645e-10
t606,5.068912299778973e-10
t607,4.498133942451704e-10
t608,3.69319022948092e-10
t609,3.233358667554385e-10
t610,3.1307063503878874e-10
t611,3.15048183136416e-10
t612,3.103526426717876e-10
t613,3.09374493063707e-10
t614,3.080349526184008e-10
t615,2.953901492139567e-10
t616,2.846425792727573e-10
t617,2.8240699814077197e-10
t618,3.2336398001328354e-10
t619,4.536683063607693e-10
t620,4.707527050641224e-10
t621,4.744675551372108e-10
t622,4.574433248456314e-10
t623,4.331525600296327e-10
t624,4.2272808607250144e-10
t625,4.157473595917456e-10
t626,4.0915645859862567e-10
t627,4.0499018002560025e-10
t628,4.036407828213078e-10
t629,4.033285252850978e-10
t630,3.999785452237911e-10
t631,3.549343651549934e-10
t632,2.779871370891041e-10
t633,2.534665144668033e-10
t634,2.684076957700192e-10
t635,2.7130291213481173e-10
t636,2.7239159037365876e-10
t637,2.579484656599451e-10
t638,2.779294314906313e-10
t639,3.0866470855397795e-10
t640,2.8552623462821346e-10
t641,2.7967729393648355e-10
t642,3.3110905915565245e-10
t643,4.346500945257117e-10
t644,4.3676350917931583e-10
t645,4.388369022033547e-10
t646,4.327224377062347e-10
t647,4.2417256639627084e-10
t648,4.166379508043402e-10
t649,4.111682536825088e-10
t650,4.047439449610784e-10
t651,4.0098435426769107e-10
t652,3.982179597954736e-10
t653,3.955599767812645e-10
t654,3.9014977983565735e-10
t655,3.8690361593052525e-10
t656,2.934674559190567e-10
t657,2.5529504009945985e-10
t658,2.4484724161958613e-10
t659,2.496461726864495e-10
t660,2.600250814225253e-10
t661,2.698190995041109e-10
t662,2.812992844730475e-10
t663,3.1443911212225896e-10
t664,3.58173729693568e-10
t665,4.069336916485435e-10
t666,4.5657165692600283e-10
t667,4.774723396703661e-10
t668,4.827533486156253e-10
t669,4.829051442605774e-10
t670,4.753417618986767e-10
t671,4.527332841676144e-10
t672,4.216149397098048e-10
t673,6.192522428876065e-10
t674,5.954183267135245e-10
t675,5.702401021660031e-10
t676,5.551735712244367e-10
t677,5.64416790421046e-10
t678,5.260906200646771e-10
t679,4.976539964604859e-10
t680,4.994792088882002e-10
t681,4.959953967688065e-10
t682,4.4582338088736124e-10
t683,4.148856676532491e-10
t684,4.1399944377511294e-10
t685,4.1381055326825017e-10
t686,4.4075164461623316e-10
t687,4.2665793564844007e-10
t688,4.353400204416999e-10
t689,4.687490122677325e-10
t690,5.314072579004558e-10
t691,6.429927267186704e-10
t692,1.0294010366840232e-9
t693,1.030940803314091e-9
t694,9.919243262621233e-10
t695,8.441976652040594e-10
t696,7.045290561330387e-10
t697,6.030228164226515e-10
t698,5.58829251882769e-10
t699,5.355140491305206e-10
t700,5.26074637022902e-10
t701,5.400606299886535e-10
t702,5.618550518905888e-10
t703,5.850880841828556e-10
t704,5.814041099794329e-10
t705,5.532627187810164e-10
t706,5.33178132000549e-10
t707,5.169883185699849e-10
t708,5.220751544860967e-10
t709,5.233629039930495e-10
t710,5.277286566942845e-10
t711,5.450876258518934e-10
t712,5.897133577034634e-10
t713,6.350815362636353e-10
t714,6.346527050717791e-10
t715,6.701833737363727e-10
t716,6.667475523759082e-10
t717,6.632067803356041e-10
t718,6.423611087904273e-10
t719,5.69845460167327e-10
t720,5.318431332316676e-10
t721,5.173776744885446e-10
t722,5.081404996038593e-10
t723,5.038914837149198e-10
t724,5.061763745624956e-10
t725,5.077675175349687e-10
t726,5.175791817047454e-10
t727,5.378602731939262e-10
t728,5.802650763634809e-10
t729,5.515012235082211e-10
t730,5.435685792980976e-10
t731,5.145634523166686e-10
t732,4.675135785174261e-10
t733,4.609942881988261e-10
t734,4.936982705645288e-10
t735,5.126530884715905e-10
t736,5.137713235796763e-10
t737,5.234882339169912e-10
t738,5.586454142203657e-10
t739,6.596687686819645e-10
t740,8.945668148840679e-10
t741,1.0328501286280907e-9
t742,9.46808127327941e-10
t743,8.348952225586001e-10
t744,7.26112239737824e-10
t745,6.328993166759428e-10
t746,5.791833336399506e-10
t747,5.341452282627028e-10
t748,5.23356085306423e-10
t749,5.173072775476858e-10
t750,4.776624265491611e-10
t751,4.2087495655005226e-10
t752,3.749046511931966e-10
t753,3.5977555300760327e-10
t754,3.53920908807047e-10
t755,3.7387373894348613e-10
t756,3.6330231974141127e-10
t757,3.370420036082436e-10
t758,3.510046745287253e-10
t759,3.891189096028383e-10
t760,3.7069772987217484e-10
t761,3.502696500085397e-10
t762,3.6746984307062444e-10
t763,4.976350254418422e-10
t764,6.597121722110991e-10
t765,9.548924125208658e-10
t766,8.871808803357784e-10
t767,7.786128905797119e-10
t768,6.28688448325221e-10
t769,5.594718068716088e-10
t770,5.403079160125859e-10
t771,5.43110519023814e-10
t772,5.383403004659065e-10
t773,5.219434253596169e-10
t774,4.4410837066016634e-10
t775,3.858951209199012e-10
t776,3.271583935013362e-10
t777,3.198621137300481e-10
t778,3.0511795484544163e-10
t779,2.9784243382972247e-10
t780,2.8677604406130177e-10
t781,2.8916168510190175e-10
t782,2.871800662580587e-10
t783,2.9271293687454984e-10
t784,3.1398269634742417e-10
t785,3.137011253989488e-10
t786,3.558046596942295e-10
t787,4.812795573127085e-10
t788,5.265975403623028e-10
t789,7.041380220073922e-10
t790,6.974839324976506e-10
t791,6.640391074170755e-10
t792,6.297747078411584e-10
t793,5.779259956335599e-10
t794,5.152490475685961e-10
t795,5.019282044156722e-10
t796,4.976376877946293e-10
t797,4.878857851051327e-10
t798,4.2053451125359545e-10
t799,3.379579998341614e-10
t800,3.0360364167776216e-10
t801,3.049916920779965e-10
t802,3.1353702271585025e-10
t803,3.0630396355645066e-10
t804,3.051408370431926e-10
t805,2.907265980508402e-10
t806,2.9285718166447326e-10
t807,3.0496509432687475e-10
t808,3.1634067868400227e-10
t809,2.97128444203175e-10
t810,3.079916527574541e-10
t811,4.085523569808963e-10
t812,5.886724208516287e-10
t813,6.365401818748536e-10
t814,6.343651504032199e-10
t815,6.065403932816136e-10
t816,5.870654675350997e-10
t817,5.49908043152927e-10
t818,5.337652262234885e-10
t819,5.273843997238615e-10
t820,5.134482043548513e-10
t821,4.971095014906594e-10
t822,4.4372605548398775e-10
t823,3.8262083951993083e-10
t824,3.2208279537764546e-10
t825,3.3122172855919093e-10
t826,3.1844152114161165e-10
t827,3.0588929998618975e-10
t828,3.07083072806536e-10
t829,3.0187222145349797e-10
t830,3.0549419589219305e-10
t831,3.1749896836820106e-10
t832,3.2223674794160816e-10
t833,3.3726668507840145e-10
t834,3.74871171282298e-10
t835,4.80985494910264e-10
t836,5.800829995447212e-10
t837,7.134425365954682e-10
t838,7.074948086965486e-10
t839,6.72370808019743e-10
t840,6.238375953825938e-10
t841,9.118877795942857e-9
t842,7.731483060542939e-9
t843,7.3512997920243224e-9
t844,7.41435925462883e-9
t845,6.949351766524476e-9
t846,7.923904310189698e-9
t847,5.426726109578744e-9
t848,5.386062520288779e-9
t849,5.8153267569566454e-9
t850,6.147541462297297e-9
t851,6.421415453499798e-9
t852,6.676482926221164e-9
t853,6.914464721436448e-9
t854,7.229747127540958e-9
t855,7.273452970916542e-9
t856,8.003906257839036e-9
t857,8.950999560229318e-9
t858,1.0632034288719725e-8
t859,2.6887349786724416e-8
t860,1.1136805366820786e-7
t861,9.645065437697483e-8
t862,5.3760895676772605e-8
t863,3.137869186546452e-8
t864,1.2602754986847588e-8
t865,1.0078563364557443e-8
t866,7.773768715503436e-9
t867,7.374797335924047e-9
t868,8.326225806264042e-9
t869,8.470883201693081e-9
t870,9.977871012871771e-9
t871,6.877060956850463e-9
t872,7.247843985856519e-9
t873,7.80037651547477e-9
t874,8.842161879885146e-9
t875,9.518558862022046e-9
t876,9.850074685385594e-9
t877,1.038318713956747e-8
t878,1.0440631454932747e-8
t879,9.939056451152863e-9
t880,1.0179146740013701e-8
t881,7.66003856576645e-9
t882,1.1449638317636909e-8
t883,3.447602336048348e-8
t884,986.0269536538873
t885,1.3391279375858149e-7
t886,8.091027072635631e-8
t887,1.9290663972202363e-8
t888,1.5299078549446535e-8
t889,1.1201739474180923e-8
t890,8.628425267257845e-9
t891,7.919323175874687e-9
t892,8.241002448574075e-9
t893,8.327497841973734e-9
t894,9.058327934487763e-9
t895,6.770416437242836e-9
t896,6.97940108591479e-9
t897,7.490044764580026e-9
t898,7.901415939728513e-9
t899,8.261330075911337e-9
t900,9.150569546678762e-9
t901,9.654285960251096e-9
t902,1.2050167251653046e-8
t903,2.3477682552854217e-8
t904,1.835396284777106e-8
t905,1.928868111307999e-8
t906,3.21992862965574e-8
t907,1075.0318116354981
t908,1068.4947443808762
t909,1684.803723776631
t910,1.9998480220492466e-7
t911,1.8465393786529403e-8
t912,9.553785735115028e-9
t913,8.94549218820717e-9
t914,8.039572954549235e-9
t915,7.78737845270815e-9
t916,7.619455394960157e-9
t917,7.342997333888464e-9
t918,7.622860933351008e-9
t919,7.873993889545595e-9
t920,6.046440775257194e-9
t921,6.121093330068341e-9
t922,5.916430602535674e-9
t923,5.646809995740539e-9
t924,5.685605426823534e-9
t925,5.7892286770661535e-9
t926,5.909379648328311e-9
t927,5.889360464111729e-9
t928,5.831715943745544e-9
t929,6.177654520466022e-9
t930,6.868866665339555e-9
t931,1.3390154592478383e-8
t932,2.031524793830224e-8
t933,2.0347812890638356e-8
t934,1.8151026952882618e-8
t935,1.5245076494226876e-8
t936,9.574203136111343e-9
t937,7.484039813966584e-9
t938,7.1915078801752835e-9
t939,7.153204134786358e-9
t940,7.086793538178434e-9
t941,6.9617212250300935e-9
t942,7.329228759731848e-9
t943,7.711015908210746e-9
t944,8.283704797740052e-9
t945,8.60401789287449e-9
t946,7.121367190207485e-9
t947,6.156019810062785e-9
t948,6.025433303748796e-9
t949,5.918590215436707e-9
t950,5.983470477630315e-9
t951,5.972240603657545e-9
t952,5.825302376875749e-9
t953,5.918279346363463e-9
t954,9.119967754536443e-9
t955,8.675395326640983e-9
t956,9.09158656730734e-9
t957,9.008712399891946e-9
t958,8.776596234064433e-9
t959,8.357945872457396e-9
t960,7.222462542083687e-9
t961,6.722124374301733e-9
t962,6.602322286003432e-9
t963,6.460640500304689e-9
t964,6.414433400980153e-9
t965,6.157821971765929e-9
t966,5.500943750346842e-9
t967,3.7635228490131974e-9
t968,3.0550434765119105e-9
t969,2.982177368057977e-9
t970,3.002001910520429e-9
t971,3.0932061962875075e-9
t972,3.1010865191329996e-9
t973,3.1753868355733154e-9
t974,3.198631904382165e-9
t975,3.346679348937097e-9
t976,3.493614403781849e-9
t977,3.823188025487299e-9
t978,4.344019320179808e-9
t979,5.600510588092986e-9
t980,9.249943325864646e-9
t981,9.33247600662717e-9
t982,9.12894401011371e-9
t983,8.632699377257948e-9
t984,7.456880605956721e-9
t985,6.761254684312766e-9
t986,6.5756764936407396e-9
t987,6.436349669961052e-9
t988,6.372550129221796e-9
t989,6.043285403874399e-9
t990,4.741262345483012e-9
t991,3.920426775360338e-9
t992,3.1001049697894723e-9
t993,3.0907314415000783e-9
t994,3.1886011271187763e-9
t995,3.401587287750156e-9
t996,3.606514672527345e-9
t997,3.8345193966741135e-9
t998,3.887878839556139e-9
t999,3.952652310219776e-9
t1000,4.2641273224433715e-9
t1001,4.671568781885061e-9
t1002,5.4444819216198166e-9
t1003,6.846777443541424e-9
t1004,1.4098950969357703e-8
t1005,1.382119411398254e-8
t1006,1.2828289491813159e-8
t1007,1.054759067522806e-8
t1008,8.735064031326381e-9
t1009,8.392537815904358e-10
t1010,7.70737430633749e-10
t1011,7.308002051518636e-10
t1012,7.162313819841313e-10
t1013,7.233304414506134e-10
t1014,7.719437196443444e-10
t1015,5.355142386713748e-10
t1016,4.756596578213565e-10
t1017,4.3638592117331264e-10
t1018,4.551306931032738e-10
t1019,5.187413334263371e-10
t1020,5.833704516848899e-10
t1021,6.079392882235322e-10
t1022,6.237596044210775e-10
t1023,6.751988656845055e-10
t1024,7.514840013542966e-10
t1025,8.974525311765253e-10
t1026,8.657222766074872e-10
t1027,2.1086370498732567e-9
t1028,2.0125177411776872e-8
t1029,372.9773593029367
t1030,6.8918150165279086e-9
t1031,2.895116690414175e-9
t1032,1.2493482898416318e-9
t1033,1.0167214929935778e-9
t1034,8.743794668550554e-10
t1035,7.99730208170991e-10
t1036,7.441293025820718e-10
t1037,7.286325960966255e-10
t1038,8.399776480730586e-10
t1039,6.618656824017416e-10
t1040,6.792022754996537e-10
t1041,8.275899693080167e-10
t1042,8.935808215070885e-10
t1043,9.508066549185747e-10
t1044,1.02521227116883e-9
t1045,1.0398149590397282e-9
t1046,1.0569854958392361e-9
t1047,1.0569263774067739e-9
t1048,1.0188097815433558e-9
t1049,1.6971491718588993e-9
t1050,2.3176775576809418e-9
t1051,7.287035512265604e-9
t1052,6.001721959662062e-9
t1053,7.870242924995302e-9
t1054,4.11179181869175e-9
t1055,2.6818993675395594e-9
t1056,1.2428148606166056e-9
t1057,1.0083048577970982e-9
t1058,9.369452318654683e-10
t1059,9.181041764073217e-10
t1060,9.027398349742136e-10
t1061,9.137921784102089e-10
t1062,9.726588305793213e-10
t1063,1.0816417256083888e-9
t1064,6.91685941286187e-10
t1065,5.90738505697375e-10
t1066,5.439288296173036e-10
t1067,5.213885709742295e-10
t1068,6.074428502950868e-10
t1069,6.820599083526428e-10
t1070,7.589700255606633e-10
t1071,1.2136879450452276e-9
t1072,2.1081897558562525e-9
t1073,9.585876307980284e-9
t1074,1681.5143297646948
t1075,1674.34783811143
t1076,1674.3478380805104
t1077,1674.347838004899
t1078,122.82704172703595
t1079,2.572389123117357e-9
t1080,1.2105627840461901e-9
t1081,9.017908339346543e-10
t1082,8.110115803248432e-10
t1083,7.707742954796683e-10
t1084,7.495341408594969e-10
t1085,7.477426970890173e-10
t1086,7.781050588208547e-10
t1087,6.247298192621277e-10
t1088,4.3944154616498597e-10
t1089,4.4402776339068815e-10
t1090,4.040391355561856e-10
t1091,4.179557918652948e-10
t1092,4.60786923024172e-10
t1093,4.882961317154359e-10
t1094,5.151498965031861e-10
t1095,5.297364745948396e-10
t1096,5.502901216394044e-10
t1097,5.643632593806396e-10
t1098,6.746326744670802e-10
t1099,9.997728706302154e-10
t1100,2.592825339517092e-9
t1101,2.1975968508326323e-9
t1102,1.910956004087837e-9
t1103,1.3526283542513878e-9
t1104,9.468207182034286e-10
t1105,7.225457127804095e-10
t1106,6.543614326665234e-10
t1107,5.549057627646714e-10
t1108,4.771366392908623e-10
t1109,5.107453862985276e-10
t1110,6.215064306281926e-10
t1111,4.3785799475492023e-10
t1112,3.5580397986574983e-10
t1113,3.762310116491569e-10
t1114,4.152386234782151e-10
t1115,4.3586575213700943e-10
t1116,4.72954696083585e-10
t1117,5.263692126398272e-10
t1118,5.782352001040905e-10
t1119,7.174720749447411e-10
t1120,7.626268227084466e-10
t1121,7.771367458307542e-10
t1122,1.5638136311422579e-9
t1123,1.9438471850594675e-9
t1124,1.8576122106001448e-9
t1125,1.9541716219563494e-9
t1126,1.583680345661627e-9
t1127,1.1817436636109342e-9
t1128,9.446176499400293e-10
t1129,8.148645574520194e-10
t1130,7.504505884244726e-10
t1131,7.093575665621608e-10
t1132,6.609355723309179e-10
t1133,6.491932702143327e-10
t1134,6.544615926614052e-10
t1135,6.398395332200618e-10
t1136,5.980912756952155e-10
t1137,4.946089313700912e-10
t1138,4.4744794522814333e-10
t1139,4.089998578574244e-10
t1140,3.876226560626007e-10
t1141,3.773721489668935e-10
t1142,3.5947936275610043e-10
t1143,3.4111450363609873e-10
t1144,3.4033637894746457e-10
t1145,3.588202559012318e-10
t1146,4.4320315763676427e-10
t1147,5.611373479396316e-10
t1148,8.549220498065804e-10
t1149,8.678064231962102e-10
t1150,8.114319840457184e-10
t1151,7.371246821584794e-10
t1152,6.902808328377793e-10
t1153,6.085280594975308e-10
t1154,5.414444249765226e-10
t1155,5.127678009850508e-10
t1156,5.061902264501638e-10
t1157,5.073811816082318e-10
t1158,5.156950366498196e-10
t1159,3.844606153319275e-10
t1160,3.1324124825392045e-10
t1161,2.962723133119217e-10
t1162,3.976178301997483e-10
t1163,4.1602246716166287e-10
t1164,4.227685218660112e-10
t1165,4.3493415945604224e-10
t1166,4.262766032693123e-10
t1167,4.029338373635491e-10
t1168,4.173227877340446e-10
t1169,4.5176861740362196e-10
t1170,5.827966028985779e-10
t1171,8.882364919828504e-10
t1172,9.414428656825756e-10
t1173,9.750064789878822e-10
t1174,9.016424509941718e-10
t1175,8.239237199315361e-10
t1176,7.265603397646009e-10
t1177,7.834155420208968e-9
t1178,7.632420469654605e-9
t1179,7.252397204611795e-9
t1180,7.029305196944765e-9
t1181,7.157035967432507e-9
t1182,7.847950970959222e-9
t1183,7.0383189815151874e-9
t1184,5.405035883723857e-9
t1185,4.8994597498013855e-9
t1186,5.33965270926474e-9
t1187,5.7850170720694325e-9
t1188,5.97604532651255e-9
t1189,5.985964656148828e-9
t1190,6.028129727944879e-9
t1191,6.161495003423993e-9
t1192,6.2705318796858306e-9
t1193,6.579724850049281e-9
t1194,7.742098262002741e-9
t1195,1.9217703443451697e-8
t1196,1.959136942101747e-8
t1197,1.988907030390194e-8
t1198,1.6869495464291706e-8
t1199,1.3107226235799186e-8
t1200,8.854852354389674e-9
t1201,7.55047979786628e-9
t1202,7.194551132623236e-9
t1203,7.002334054310009e-9
t1204,6.905577033189942e-9
t1205,6.947146006848417e-9
t1206,7.1041848608386754e-9
t1207,6.527140145265318e-9
t1208,5.1104223382611786e-9
t1209,4.692680795380808e-9
t1210,4.16871197964813e-9
t1211,4.249037372816187e-9
t1212,4.479251108419251e-9
t1213,4.727952911979616e-9
t1214,4.874379305788843e-9
t1215,5.208706108713782e-9
t1216,5.584068946528667e-9
t1217,5.923680160145479e-9
t1218,8.176300242899743e-9
t1219,1.298145700468172e-8
t1220,2.1229024869482062e-8
t1221,2.1516855423277094e-8
t1222,1.900860516530993e-8
t1223,1.3640643486972865e-8
t1224,9.312328539062049e-9
t1225,7.682482533441897e-9
t1226,7.293800141999728e-9
t1227,7.047728020649423e-9
t1228,6.907970854091756e-9
t1229,6.898954321579112e-9
t1230,7.057928940570802e-9
t1231,6.1196654649095356e-9
t1232,4.91078723837668e-9
t1233,4.24979546452778e-9
t1234,4.345715023058818e-9
t1235,4.656140513360816e-9
t1236,5.323147797467013e-9
t1237,5.49034206755943e-9
t1238,5.593308704446678e-9
t1239,5.738750413051676e-9
t1240,6.087869341369907e-9
t1241,7.3042861386130505e-9
t1242,8.096846900390461e-9
t1243,1.4719233763195392e-8
t1244,2.7711907641523786e-8
t1245,2.824316602339508e-8
t1246,2.21521105329427e-8
t1247,1.496945731772514e-8
t1248,9.878044320171792e-9
t1249,7.794483063001007e-9
t1250,7.434533603670516e-9
t1251,7.2220888760807585e-9
t1252,7.039307916630828e-9
t1253,7.046590758661441e-9
t1254,7.195666727947068e-9
t1255,5.56997197297676e-9
t1256,5.19491628084514e-9
t1257,5.133841797450441e-9
t1258,5.3705508274139886e-9
t1259,5.617202056555724e-9
t1260,5.947428466292868e-9
t1261,6.039880288186151e-9
t1262,6.155320498200114e-9
t1263,6.196814757548409e-9
t1264,6.461923396821518e-9
t1265,7.434320938292054e-9
t1266,9.637355412393741e-9
t1267,2.415611281803053e-8
t1268,1.044838544646838e-7
t1269,9.182959450369426e-8
t1270,4.602856621854429e-8
t1271,2.3430141231683963e-8
t1272,1.1596362725879325e-8
t1273,1.0198838504384776e-8
t1274,9.694739569846014e-9
t1275,9.175503158547008e-9
t1276,8.640403430491834e-9
t1277,8.853117072054614e-9
t1278,9.591677059482247e-9
t1279,6.710442054882104e-9
t1280,5.802295084766575e-9
t1281,5.304473953011179e-9
t1282,5.428423591247272e-9
t1283,6.5800827438182956e-9
t1284,7.094442003958538e-9
t1285,7.312430739097491e-9
t1286,7.687065427085505e-9
t1287,8.238860623020771e-9
t1288,8.598543270789597e-9
t1289,9.197155015799389e-9
t1290,1.662325431015175e-8
t1291,8.402075692149537e-8
t1292,6.857887112288655e-8
t1293,6.769907664158877e-8
t1294,4.3230754771099136e-8
t1295,2.479252404156131e-8
t1296,1.2474524049862723e-8
t1297,9.090302938810922e-9
t1298,8.156302727359033e-9
t1299,7.80489240952297e-9
t1300,7.612430310267289e-9
t1301,7.53930285419719e-9
t1302,7.554640399668744e-9
t1303,7.686718813893191e-9
t1304,5.983646573773336e-9
t1305,5.473306057751781e-9
t1306,5.308701891824103e-9
t1307,5.378035168476153e-9
t1308,5.068464158280379e-9
t1309,4.565393564805987e-9
t1310,4.448096217615846e-9
t1311,4.57095724151115e-9
t1312,5.249334041501173e-9
t1313,6.965590112315102e-9
t1314,1.0785374364152575e-8
t1315,1.215969714134921e-8
t1316,1.2116192147218534e-8
t1317,1.2242066428528516e-8
t1318,1.0988031142689612e-8
t1319,1.0061969072997608e-8
t1320,8.464923006375902e-9
t1321,7.54372457614687e-9
t1322,7.195244990761433e-9
t1323,6.980585229925401e-9
t1324,6.829893731129088e-9
t1325,6.744342560290144e-9
t1326,6.774282060798186e-9
t1327,4.823486333206468e-9
t1328,3.746031093257149e-9
t1329,3.2290686275361584e-9
t1330,3.233498828347195e-9
t1331,3.344944112839713e-9
t1332,3.490165308004929e-9
t1333,3.6341843490619107e-9
t1334,3.734350002917814e-9
t1335,3.967102719927282e-9
t1336,4.344247067978581e-9
t1337,5.214437298134312e-9
t1338,6.286552064070398e-9
t1339,1.1849762800688905e-8
t1340,1.7174272570765362e-8
t1341,1.625210544205773e-8
t1342,1.4325962705260543e-8
t1343,1.1352939160479206e-8
t1344,8.971237117074943e-9
t1345,1.4744204080170025e-9
t1346,1.457415187990132e-9
t1347,1.4475303468275239e-9
t1348,1.44619811229803e-9
t1349,1.4625642585419468e-9
t1350,1.5085350119485616e-9
t1351,1.5819881819615258e-9
t1352,1.6191212003237763e-9
t1353,1.15606856262917e-9
t1354,9.044938012860331e-10
t1355,7.864067961019324e-10
t1356,7.716383812733084e-10
t1357,7.756343132269908e-10
t1358,7.830636022989404e-10
t1359,8.948756907048696e-10
t1360,1.1403715020056776e-9
t1361,1.8644703944786972e-9
t1362,2.67991382242872e-9
t1363,2.6328337413229277e-9
t1364,2.5829335706971477e-9
t1365,2.3369426737583573e-9
t1366,1.9771794453635334e-9
t1367,1.545113792490874e-9
t1368,1.2051392641219215e-9
t1369,1.0870167116326813e-9
t1370,1.0583335404743863e-9
t1371,1.0502694503691667e-9
t1372,1.0407178719820516e-9
t1373,1.0519527819446967e-9
t1374,1.0973950304615618e-9
t1375,1.270784213132982e-9
t1376,1.3625094186660712e-9
t1377,1.1593704424067463e-9
t1378,1.090581561600158e-9
t1379,1.0179768172370798e-9
t1380,9.909389938991135e-10
t1381,8.892470432853631e-10
t1382,9.959898610111696e-10
t1383,1.09064090030722e-9
t1384,1.1814139183616965e-9
t1385,1.639938501640748e-9
t1386,1.9759697309583698e-9
t1387,1.9620687351328947e-9
t1388,1.924910525549155e-9
t1389,1.9029228940677274e-9
t1390,1.7924459149555474e-9
t1391,1.4744851478125062e-9
t1392,1.251097246414927e-9
t1393,1.205460208464709e-9
t1394,1.1800343558843137e-9
t1395,1.1587994402999507e-9
t1396,1.1506493871609715e-9
t1397,1.1713634212158357e-9
t1398,1.2386233056323992e-9
t1399,1.4282225718930081e-9
t1400,1.3134368636033731e-9
t1401,9.8841805087426e-10
t1402,7.552364772485595e-10
t1403,6.498381152045405e-10
t1404,6.213652251842301e-10
t1405,5.926119718202385e-10
t1406,8.11040856417685e-10
t1407,6.638349112680368e-10
t1408,1.1837939376962994e-9
t1409,2.1292869890177233e-9
t1410,4.306026326590773e-9
t1411,2.766606528292941e-9
t1412,2.6877587916323566e-9
t1413,3.2298516146312125e-9
t1414,3.03227554415087e-9
t1415,2.5671841730166354e-9
t1416,2.2231073898969473e-9
t1417,1.9337063392932587e-9
t1418,1.8713707529829495e-9
t1419,1.8331880305354601e-9
t1420,1.8367566776410588e-9
t1421,1.8935972340616037e-9
t1422,2.260055987549895e-9
t1423,2.7459692546095834e-9
t1424,2.416509828979602e-9
t1425,1.3868710502099307e-9
t1426,1.2605330359653431e-9
t1427,1.20236125971379e-9
t1428,1.2349818022904197e-9
t1429,8.118534555586415e-10
t1430,1.2115923004047048e-9
t1431,9.893338495178012e-10
t1432,1.3719359544445199e-9
t1433,2.0573718943348014e-9
t1434,2.2017010784416457e-9
t1435,2.1816674007469403e-9
t1436,2.175988229599567e-9
t1437,2.0594256027830964e-9
t1438,1.9529467828459878e-9
t1439,1.817861397898428e-9
t1440,1.5764647841166957e-9
t1441,1.406354417986417e-9
t1442,1.3228591168621502e-9
t1443,1.3084353543057587e-9
t1444,1.3249017331525672e-9
t1445,1.4942668429311683e-9
t1446,1.6794871232478409e-9
t1447,1.8090089310378301e-9
t1448,2.0775007626374753e-9
t1449,1.371564803842941e-9
t1450,1.1637644909040588e-9
t1451,1.0116742701307186e-9
t1452,1.0159983400877434e-9
t1453,1.079679996969915e-9
t1454,1.2128949565393957e-9
t1455,1.2768336034433795e-9
t1456,1.3749745769746913e-9
t1457,2.1009000539902983e-9
t1458,2.4423554459873845e-9
t1459,2.4092731772492506e-9
t1460,2.3703299412803657e-9
t1461,2.3184268737804066e-9
t1462,2.1645356020870403e-9
t1463,1.8391468329650158e-9
t1464,1.6463194670930723e-9
t1465,1.503093390997409e-9
t1466,1.2438459640819688e-9
t1467,1.2308434884308662e-9
t1468,1.3607126639053316e-9
t1469,1.4540272155866916e-9
t1470,1.3637025689345978e-9
t1471,1.4075541150154083e-9
t1472,1.2013832308867316e-9
t1473,8.609322288509502e-10
t1474,7.00936005602924e-10
t1475,6.282135351002172e-10
t1476,6.00622488279747e-10
t1477,5.973766693175396e-10
t1478,6.195481719167098e-10
t1479,7.218910770296806e-10
t1480,9.317718849560385e-10
t1481,1.496300938123621e-9
t1482,1.953108389888477e-9
t1483,1.933224078269819e-9
t1484,1.8988523713821976e-9
t1485,1.879590489697633e-9
t1486,1.8177000682357246e-9
t1487,1.7363811624606478e-9
t1488,1.6497423916339655e-9
t1489,1.5824487157270736e-9
t1490,1.5430340043131363e-9
t1491,1.5246490572961133e-9
t1492,1.5104255144622072e-9
t1493,1.5081761435261066e-9
t1494,1.5086636283972744e-9
t1495,1.5393077286724152e-9
t1496,1.359754520934659e-9
t1497,9.625615222245095e-10
t1498,7.052068161423081e-10
t1499,6.377839519092924e-10
t1500,6.078506133228648e-10
t1501,6.014102174788469e-10
t1502,6.139775778334033e-10
t1503,6.978757879376592e-10
t1504,9.324441789936793e-10
t1505,1.7782320609364611e-9
t1506,1.974814821987521e-9
t1507,2.0320767767432952e-9
t1508,1.9774701233931506e-9
t1509,1.908351574269973e-9
t1510,1.8024694029848005e-9
t1511,1.694128315083474e-9
t1512,1.6084011026846977e-9
t1513,8.57386255052336e-10
t1514,8.53172670180029e-10
t1515,8.470864834044887e-10
t1516,8.446855780111037e-10
t1517,8.534032082559475e-10
t1518,8.775600289126064e-10
t1519,9.402431892413627e-10
t1520,1.1476065603637697e-9
t1521,1.1966208521519894e-9
t1522,1.1399038728661895e-9
t1523,1.039196080277422e-9
t1524,1.0935812245407922e-9
t1525,1.052005899818403e-9
t1526,1.018510279330673e-9
t1527,1.0567638705929982e-9
t1528,1.4500709962692833e-9
t1529,1.5552564938871717e-9
t1530,1.6095956363730249e-9
t1531,1.5523899509276548e-9
t1532,1.4790693793338008e-9
t1533,1.491769199818102e-9
t1534,1.2866019791400982e-9
t1535,1.0134701506121944e-9
t1536,8.738718738385536e-10
t1537,8.559295596117242e-10
t1538,8.168564603215166e-10
t1539,8.093728127977442e-10
t1540,8.094142343083154e-10
t1541,8.463715283744843e-10
t1542,1.0160642693022137e-9
t1543,1.2296556543699378e-9
t1544,1.3386837826400735e-9
t1545,1.1442366633529115e-9
t1546,8.02590195692327e-10
t1547,5.63244824967938e-10
t1548,4.822154085516574e-10
t1549,4.865985891470035e-10
t1550,5.378243598155719e-10
t1551,7.003614691494635e-10
t1552,8.961443331053981e-10
t1553,1.7220821035582716e-9
t1554,2.313803770081303e-9
t1555,2.2107704935769673e-9
t1556,2.161458445249906e-9
t1557,1.954811002655779e-9
t1558,1.5768167206210747e-9
t1559,1.187208308244049e-9
t1560,9.428304810189209e-10
t1561,8.819701634240057e-10
t1562,8.705053009367143e-10
t1563,8.654145538799681e-10
t1564,8.670406442949557e-10
t1565,8.755893117425446e-10
t1566,1.1955592766272782e-9
t1567,1.3805959983906179e-9
t1568,1.527759866111676e-9
t1569,1.1356381344853062e-9
t1570,9.644049904947216e-10
t1571,8.79036588846991e-10
t1572,8.262822034916621e-10
t1573,8.233583301863562e-10
t1574,8.110215107080238e-10
t1575,8.552033148927229e-10
t1576,1.0182564571749639e-9
t1577,2.1194797671996965e-9
t1578,3.12897484010463e-9
t1579,3.1223392669448473e-9
t1580,2.854805397822168e-9
t1581,2.7024771490366174e-9
t1582,2.2740722331933994e-9
t1583,1.74859841907245e-9
t1584,1.4656785555886082e-9
t1585,1.2688954312723737e-9
t1586,1.179085685616229e-9
t1587,1.146971607561387e-9
t1588,1.0414277474953348e-9
t1589,9.760084594301881e-10
t1590,1.1191873119329535e-9
t1591,1.3745551369208143e-9
t1592,1.4154509105569186e-9
t1593,1.0429341794228677e-9
t1594,7.472217095554634e-10
t1595,5.756306305129348e-10
t1596,5.405131885042725e-10
t1597,5.425591757058227e-10
t1598,5.67244059402975e-10
t1599,6.556649112100154e-10
t1600,8.644755500598034e-10
t1601,2.046828114486973e-9
t1602,4.89505588668385e-9
t1603,4.948070296151274e-9
t1604,4.645801845700714e-9
t1605,4.315451196156987e-9
t1606,3.719794053793264e-9
t1607,2.5726373211495507e-9
t1608,1.7872485261630136e-9
t1609,1.5186349029145114e-9
t1610,1.3962977404225808e-9
t1611,1.2943330815749296e-9
t1612,1.3067550417376914e-9
t1613,1.325368624959736e-9
t1614,1.4355217261719736e-9
t1615,1.821277372589044e-9
t1616,1.7313226873508347e-9
t1617,1.026478360440532e-9
t1618,7.927438744026435e-10
t1619,6.393529356904177e-10
t1620,5.671411895158506e-10
t1621,4.970166675939662e-10
t1622,4.862983872084885e-10
t1623,5.735434191334287e-10
t1624,7.617285225208235e-10
t1625,1.2353366953596452e-9
t1626,1.5593397858347372e-9
t1627,1.5418865938034702e-9
t1628,1.5429199208065945e-9
t1629,1.4843217691283567e-9
t1630,1.3818847783021599e-9
t1631,1.3087162491720224e-9
t1632,1.2366873085609136e-9
t1633,1.0760176264570861e-9
t1634,1.010772637597759e-9
t1635,9.917530883028613e-10
t1636,9.83483231589204e-10
t1637,9.88848684596211e-10
t1638,1.0109291016754978e-9
t1639,1.0556528320716765e-9
t1640,1.0084707044306668e-9
t1641,7.407366374611894e-10
t1642,5.934489787397828e-10
t1643,5.449380965064007e-10
t1644,5.278014339076245e-10
t1645,4.951593131472887e-10
t1646,5.22805951118992e-10
t1647,5.888292331408281e-10
t1648,7.763703501724524e-10
t1649,1.6119166084572318e-9
t1650,2.365388616285827e-9
t1651,2.332057027097079e-9
t1652,2.3373452746606e-9
t1653,2.270669412937455e-9
t1654,2.1262448254384113e-9
t1655,1.7852280378721143e-9
t1656,1.4891613272580987e-9
t1657,1.2864449429974505e-9
t1658,1.1270032657325171e-9
t1659,1.0591038948647329e-9
t1660,1.025123848251681e-9
t1661,9.62905053587812e-10
t1662,9.859238658417295e-10
t1663,9.245062456459188e-10
t1664,9.835544127412364e-10
t1665,1.0778410931827172e-9
t1666,8.42363267800603e-10
t1667,8.134721717021077e-10
t1668,7.597305952022426e-10
t1669,8.126173788360183e-10
t1670,7.348919811115115e-10
t1671,1.0123994489671982e-9
t1672,1.4458507978036698e-9
t1673,1.6094457723378207e-9
t1674,1.6487975248377328e-9
t1675,1.6241718058651948e-9
t1676,1.5874852046919092e-9
t1677,1.5490990376732452e-9
t1678,1.3753421367288408e-9
t1679,1.0418473405465565e-9
t1680,9.085733098592375e-10
t1681,5.292434777634679e-9
t1682,5.058853590900612e-9
t1683,4.975401500845529e-9
t1684,4.964912555155749e-9
t1685,5.063330319689577e-9
t1686,5.381396201516992e-9
t1687,6.091264598410505e-9
t1688,6.7970911000889795e-9
t1689,7.501115421759402e-9
t1690,6.360888017882165e-9
t1691,3.982041113946572e-9
t1692,6.183616685735389e-9
t1693,6.151677670195532e-9
t1694,6.36994824158954e-9
t1695,6.665077863339048e-9
t1696,9.941897564191149e-9
t1697,1.1580863220075603e-8
t1698,1.1515076517703097e-8
t1699,1.1517680907587768e-8
t1700,1.0834232711674218e-8
t1701,9.864686932016896e-9
t1702,8.827006294475632e-9
t1703,7.415447617410891e-9
t1704,7.3142833506136385e-9
t1705,5.965647992661568e-9
t1706,5.03699220919353e-9
t1707,5.03031634003163e-9
t1708,4.958821039736149e-9
t1709,5.020405044693162e-9
t1710,5.1524594714097475e-9
t1711,5.693975333910873e-9
t1712,5.888200451410185e-9
t1713,6.6346622715483215e-9
t1714,5.973809406460981e-9
t1715,5.566637718348208e-9
t1716,4.3361399409566005e-9
t1717,4.082243234498456e-9
t1718,4.766452449023432e-9
t1719,5.100073745406996e-9
t1720,5.953963536953676e-9
t1721,1.2211150984882286e-8
t1722,1.3712783347496483e-8
t1723,1.3822697957385485e-8
t1724,1.3172286796251605e-8
t1725,1.1703036583245749e-8
t1726,9.436816313523726e-9
t1727,7.590525632040663e-9
t1728,6.794359888250697e-9
t1729,4.915498629243199e-9
t1730,4.3972112784688484e-9
t1731,4.270845920094513e-9
t1732,4.23561920608359e-9
t1733,4.298583808180749e-9
t1734,4.535287729467729e-9
t1735,4.994935859576257e-9
t1736,5.145705105647919e-9
t1737,4.617891272329945e-9
t1738,3.2461605712343443e-9
t1739,2.955312037886011e-9
t1740,2.7174448514112975e-9
t1741,2.6494256893296293e-9
t1742,2.7878592847762286e-9
t1743,3.010000787869074e-9
t1744,3.6592145837974794e-9
t1745,6.178742667565284e-9
t1746,7.613236639880797e-9
t1747,7.605994180462128e-9
t1748,7.169716193790517e-9
t1749,7.193626200547356e-9
t1750,6.857144731123163e-9
t1751,6.235627892491335e-9
t1752,5.428458317300578e-9
t1753,4.8823620581274415e-9
t1754,4.8211877422499795e-9
t1755,4.782371319927526e-9
t1756,4.781078482095106e-9
t1757,4.815816138776415e-9
t1758,5.6340962114719705e-9
t1759,6.145180180215956e-9
t1760,6.4796225282512516e-9
t1761,5.416043387595083e-9
t1762,4.199980415281188e-9
t1763,3.860639493496118e-9
t1764,3.544440165423672e-9
t1765,3.6669469211268785e-9
t1766,4.187345972885908e-9
t1767,5.313328592291674e-9
t1768,7.147202887067546e-9
t1769,1.7529983505235453e-8
t1770,2.0002532072756676e-8
t1771,1.879324342123648e-8
t1772,1.8348838413986753e-8
t1773,1.796001835167465e-8
t1774,1.4280497722647718e-8
t1775,9.092285110194167e-9
t1776,7.03765822267519e-9
t1777,6.1636032545036005e-9
t1778,4.799529390871045e-9
t1779,4.7157867990397696e-9
t1780,4.475313171695409e-9
t1781,4.503419897974255e-9
t1782,4.704694470708864e-9
t1783,5.14351476670799e-9
t1784,5.467297518664521e-9
t1785,5.6350498633582305e-9
t1786,5.581975011277355e-9
t1787,5.605986594534988e-9
t1788,5.7151221857650376e-9
t1789,5.763483207070792e-9
t1790,5.250246421690442e-9
t1791,3.951340825200537e-9
t1792,4.434993869910741e-9
t1793,5.961957467437445e-9
t1794,6.199646889066874e-9
t1795,6.069932263544678e-9
t1796,5.8926795024821314e-9
t1797,5.856970023832886e-9
t1798,5.6272084694795045e-9
t1799,5.452228838689025e-9
t1800,5.103340824237711e-9
t1801,4.875517218325863e-9
t1802,4.716786733909047e-9
t1803,4.821178015838486e-9
t1804,4.49314853138363e-9
t1805,4.508364421361343e-9
t1806,4.597117370532408e-9
t1807,4.798177504146821e-9
t1808,5.106352715255842e-9
t1809,4.717862000418338e-9
t1810,3.6490801153612155e-9
t1811,3.2606263347700786e-9
t1812,3.165707208599238e-9
t1813,2.888258487910454e-9
t1814,2.8638504293466976e-9
t1815,3.1930736366207675e-9
t1816,3.6822842429484862e-9
t1817,5.495191528530587e-9
t1818,5.595048196751757e-9
t1819,5.627190117053418e-9
t1820,5.571122876284318e-9
t1821,5.461665699244845e-9
t1822,5.486034042225291e-9
t1823,5.2990794202318e-9
t1824,4.886822282041007e-9
t1825,4.593477512283334e-9
t1826,4.431461817086285e-9
t1827,4.398348666107709e-9
t1828,4.441471054436432e-9
t1829,4.492431653481091e-9
t1830,4.57102461335404e-9
t1831,4.666757213726491e-9
t1832,4.71154531202221e-9
t1833,4.246311957940235e-9
t1834,3.9998250107504105e-9
t1835,3.3661031902339582e-9
t1836,3.500041009660139e-9
t1837,3.534997714560451e-9
t1838,3.847987909991029e-9
t1839,4.25744127149447e-9
t1840,4.736948596339311e-9
t1841,7.852632803778817e-9
t1842,1.2474333133801093e-8
t1843,1.0724066466274788e-8
t1844,1.0682097849856054e-8
t1845,1.0482450615296431e-8
t1846,8.851246423349936e-9
t1847,7.005897240878813e-9
t1848,6.0797717454187575e-9
