Zone,1,Total
AnnualSum,1.9134767870373208e7,1.9134767870373208e7
t1,249.1719117066737,249.1719117066737
t2,235.64403332517895,235.64403332517895
t3,225.57625584984208,225.57625584984208
t4,223.06382370241056,223.06382370241056
t5,222.92584117241054,222.92584117241054
t6,223.6118114644105,223.6118114644105
t7,235.88177213400004,235.88177213400004
t8,243.02410541146315,243.02410541146315
t9,942.6541800799777,942.6541800799777
t10,2410.9571472779635,2410.9571472779635
t11,1876.2027265861434,1876.2027265861434
t12,1554.8526898551934,1554.8526898551934
t13,1702.9149738566275,1702.9149738566275
t14,1762.8502225520338,1762.8502225520338
t15,1565.1052617877203,1565.1052617877203
t16,1772.6104722644109,1772.6104722644109
t17,2711.3491114633002,2711.3491114633002
t18,1432.6189197444965,1432.6189197444965
t19,322.65999030713687,322.65999030713687
t20,312.79312191667367,312.79312191667367
t21,301.22968792061056,301.22968792061056
t22,285.11231466741054,285.11231466741054
t23,265.13302233830535,265.13302233830535
t24,242.7428209907158,242.7428209907158
t25,223.79039731763163,223.79039731763163
t26,212.31625624817897,212.31625624817897
t27,209.48602558326314,209.48602558326314
t28,209.2652535352632,209.2652535352632
t29,210.06160985126314,210.06160985126314
t30,226.9698130259789,226.9698130259789
t31,246.93095101970536,246.93095101970536
t32,259.5920340242421,259.5920340242421
t33,278.42667283931587,278.42667283931587
t34,296.341616666242,296.341616666242
t35,307.1253465092,307.1253465092
t36,308.8237946636527,308.8237946636527
t37,306.21032962975795,306.21032962975795
t38,305.86340212575794,305.86340212575794
t39,305.693880731758,305.693880731758
t40,444.84710606142886,444.84710606142886
t41,399.4257383873263,399.4257383873263
t42,1008.3200470140407,1008.3200470140407
t43,841.3209775698147,841.3209775698147
t44,1277.0560718429756,1277.0560718429756
t45,531.0226651872042,531.0226651872042
t46,439.22256295163584,439.22256295163584
t47,434.29855780963584,434.29855780963584
t48,263.5927193542737,263.5927193542737
t49,246.8279723831473,246.8279723831473
t50,245.3495881331474,245.3495881331474
t51,244.63996369314737,244.63996369314737
t52,516.795666682483,516.795666682483
t53,418.9366555025205,418.9366555025205
t54,423.35209646252054,423.35209646252054
t55,1658.7950987668814,1658.7950987668814
t56,2212.4446656678992,2212.4446656678992
t57,1614.0828798156597,1614.0828798156597
t58,840.0995754640861,840.0995754640861
t59,840.6436208680859,840.6436208680859
t60,840.7461221760861,840.7461221760861
t61,346.16635323735795,346.16635323735795
t62,346.07962136135797,346.07962136135797
t63,345.84702223935795,345.84702223935795
t64,350.5085377102421,350.5085377102421
t65,389.27822618968423,389.27822618968423
t66,420.2849604459473,420.2849604459473
t67,407.3225367116842,407.3225367116842
t68,400.12160414176844,400.12160414176844
t69,387.1071600882842,387.1071600882842
t70,364.27049410764215,364.27049410764215
t71,333.77695967014745,333.77695967014745
t72,307.07837461360003,307.07837461360003
t73,290.4698902640422,290.4698902640422
t74,281.7415066878632,281.7415066878632
t75,280.95697744586323,280.95697744586323
t76,281.0437093218632,281.0437093218632
t77,287.10344660513687,287.10344660513687
t78,320.11766923031576,320.11766923031576
t79,1217.2437299225844,1217.2437299225844
t80,1108.9017586690418,1108.9017586690418
t81,1108.5457637416418,1108.5457637416418
t82,718.4706533983459,718.4706533983459
t83,718.320843794346,718.320843794346
t84,3538.6897086517947,3538.6897086517947
t85,2755.0638593746676,2755.0638593746676
t86,2949.4462700922754,2949.4462700922754
t87,3791.061452814411,3791.061452814411
t88,4616.389769552084,4616.389769552084
t89,5649.567242231064,5649.567242231064
t90,5633.903465425464,5633.903465425464
t91,5636.310669220264,5636.310669220264
t92,5128.3814709407225,5128.3814709407225
t93,3903.365272733644,3903.365272733644
t94,3638.3610901522193,3638.3610901522193
t95,2579.842515218654,2579.842515218654
t96,2355.4295323120973,2355.4295323120973
t97,2657.940525963274,2657.940525963274
t98,1969.525802266432,1969.525802266432
t99,2118.5811839414914,2118.5811839414914
t100,1968.461365606432,1968.461365606432
t101,1969.6361882904318,1969.6361882904318
t102,2626.1630298491395,2626.1630298491395
t103,3858.2779059016007,3858.2779059016007
t104,3839.833978234401,3839.833978234401
t105,3752.451305254504,3752.451305254504
t106,3100.7709860833797,3100.7709860833797
t107,2401.4968631474603,2401.4968631474603
t108,1783.3554191437584,1783.3554191437584
t109,1967.260714111359,1967.260714111359
t110,1499.7067410938137,1499.7067410938137
t111,1499.2257734178136,1499.2257734178136
t112,1499.6160668598136,1499.6160668598136
t113,1503.4795776998135,1503.4795776998135
t114,1507.7097278338135,1507.7097278338135
t115,2230.596332015122,2230.596332015122
t116,3954.019850450357,3954.019850450357
t117,3215.3480291084607,3215.3480291084607
t118,4100.230848620571,4100.230848620571
t119,2965.4876407703255,2965.4876407703255
t120,3873.2123507473025,3873.2123507473025
t121,2436.8933020785935,2436.8933020785935
t122,2502.342419083406,2502.342419083406
t123,3407.206549447087,3407.206549447087
t124,3547.218084931848,3547.218084931848
t125,3516.795365749842,3516.795365749842
t126,3489.830242658212,3489.830242658212
t127,3986.8168544319137,3986.8168544319137
t128,3968.288166067714,3968.288166067714
t129,2652.458701660854,2652.458701660854
t130,1931.300190142391,1931.300190142391
t131,1931.032109798391,1931.032109798391
t132,1930.129309816391,1930.129309816391
t133,1929.139777958391,1929.139777958391
t134,1928.619386702391,1928.619386702391
t135,2712.2939919147125,2712.2939919147125
t136,3747.1980917622627,3747.1980917622627
t137,3732.6870604358633,3732.6870604358633
t138,3674.275462182787,3674.275462182787
t139,3723.2108145112634,3723.2108145112634
t140,3731.0935593322633,3731.0935593322633
t141,3741.569981481463,3741.569981481463
t142,3467.153461071331,3467.153461071331
t143,2516.414367390714,2516.414367390714
t144,1998.5332572601512,1998.5332572601512
t145,1955.5877523731374,1955.5877523731374
t146,1675.7041896050443,1675.7041896050443
t147,1674.6673494510444,1674.6673494510444
t148,1674.253401861045,1674.253401861045
t149,1813.5559312149385,1813.5559312149385
t150,3308.478744822771,3308.478744822771
t151,3296.3918694305708,3296.3918694305708
t152,3283.643860601771,3283.643860601771
t153,3090.455207524102,3090.455207524102
t154,1487.7056612687204,1487.7056612687204
t155,774.485887102696,774.485887102696
t156,774.0561700806959,774.0561700806959
t157,773.078465296696,773.078465296696
t158,771.9746050566959,771.9746050566959
t159,771.2019028886959,771.2019028886959
t160,771.7341212186959,771.7341212186959
t161,1560.1856811874018,1560.1856811874018
t162,505.04057976667394,505.04057976667394
t163,326.32100029816854,326.32100029816854
t164,315.8514046530842,315.8514046530842
t165,305.9175665676632,305.9175665676632
t166,291.6083750783264,291.6083750783264
t167,272.87918372176847,272.87918372176847
t168,252.2971641380421,252.2971641380421
t169,278.1028199284842,278.1028199284842
t170,267.454638430179,267.454638430179
t171,265.1313890757052,265.1313890757052
t172,265.04071484170527,265.04071484170527
t173,265.5571637397052,265.5571637397052
t174,276.4784155957474,276.4784155957474
t175,291.7846093642105,291.7846093642105
t176,306.0337880307264,306.0337880307264
t177,328.19553287392637,328.19553287392637
t178,340.5231027642948,340.5231027642948
t179,345.374904432779,345.374904432779
t180,345.5375311784632,345.5375311784632
t181,344.00099976705275,344.00099976705275
t182,341.01485921786315,341.01485921786315
t183,340.6442775658632,340.6442775658632
t184,341.1213028838631,341.1213028838631
t185,373.68768643049475,373.68768643049475
t186,405.78786818900016,405.78786818900016
t187,392.7983660537052,392.7983660537052
t188,381.68261479669474,381.68261479669474
t189,370.7442312869053,370.7442312869053
t190,352.282918710179,352.282918710179
t191,330.2052426057263,330.2052426057263
t192,308.1052432696211,308.1052432696211
t193,292.61292050269475,292.61292050269475
t194,284.4872641811368,284.4872641811368
t195,283.9116799131369,283.9116799131369
t196,283.9353340611369,283.9353340611369
t197,289.45446005542107,289.45446005542107
t198,312.89142355360013,312.89142355360013
t199,383.4475732469587,383.4475732469587
t200,2301.9945537821613,2301.9945537821613
t201,2150.686362020446,2150.686362020446
t202,2565.55953670871,2565.55953670871
t203,2563.25404575031,2563.25404575031
t204,2565.54258456931,2565.54258456931
t205,2570.1366143467103,2570.1366143467103
t206,2530.842672868529,2530.842672868529
t207,1265.0599120993375,1265.0599120993375
t208,1265.1860675553376,1265.1860675553376
t209,1268.4345705473374,1268.4345705473374
t210,1272.7672219893375,1272.7672219893375
t211,1271.9787503893374,1271.9787503893374
t212,1269.8419923533374,1269.8419923533374
t213,3388.1332365860503,3388.1332365860503
t214,954.8572733765991,954.8572733765991
t215,462.07124955389577,462.07124955389577
t216,457.1275326218958,457.1275326218958
t217,453.72527766789585,453.72527766789585
t218,451.8092916798958,451.8092916798958
t219,255.718517297,255.718517297
t220,255.48986053299998,255.48986053299998
t221,256.605547847,256.605547847
t222,698.3898677386087,698.3898677386087
t223,2518.356487891408,2518.356487891408
t224,3349.4852187880074,3349.4852187880074
t225,3346.8745893204073,3346.8745893204073
t226,3346.789828623407,3346.789828623407
t227,2776.345508534897,2776.345508534897
t228,2333.074037928642,2333.074037928642
t229,2751.629654666365,2751.629654666365
t230,2508.093281429602,2508.093281429602
t231,1799.765280455644,1799.765280455644
t232,916.3769825570257,916.3769825570257
t233,1472.4272483400716,1472.4272483400716
t234,1539.595848901506,1539.595848901506
t235,1289.0395090106135,1289.0395090106135
t236,1552.2082406151062,1552.2082406151062
t237,1112.785072714886,1112.785072714886
t238,1206.8628676193691,1206.8628676193691
t239,290.6707993489158,290.6707993489158
t240,262.4988810032948,262.4988810032948
t241,243.5464573302106,243.5464573302106
t242,233.85817479296838,233.85817479296838
t243,232.97508660096847,232.97508660096847
t244,232.87258529296844,232.87258529296844
t245,236.68717376772634,236.68717376772634
t246,271.63388995330524,271.63388995330524
t247,325.90096904804216,325.90096904804216
t248,339.16528093564216,339.16528093564216
t249,331.6924505542,331.6924505542
t250,333.5006714029369,333.5006714029369
t251,336.3321456745685,336.3321456745685
t252,335.37951626463155,335.37951626463155
t253,333.7546364384948,333.7546364384948
t254,333.6876163524948,333.6876163524948
t255,333.4037665764948,333.4037665764948
t256,334.9388685674632,334.9388685674632
t257,363.90091330687363,363.90091330687363
t258,403.81360078582117,403.81360078582117
t259,392.13315067938953,392.13315067938953
t260,383.98190765691584,383.98190765691584
t261,370.76655451855794,370.76655451855794
t262,348.3763531709685,348.3763531709685
t263,319.82493988725264,319.82493988725264
t264,315.18872687925267,315.18872687925267
t265,312.3029208232527,312.3029208232527
t266,1073.9613553728523,1073.9613553728523
t267,3086.462204860685,3086.462204860685
t268,3165.6714093357614,3165.6714093357614
t269,3729.292805494186,3729.292805494186
t270,4642.172877314168,4642.172877314168
t271,4971.814967095636,4971.814967095636
t272,4953.947412168038,4953.947412168038
t273,4953.167613755637,4953.167613755637
t274,4272.426338546399,4272.426338546399
t275,3562.035660955164,3562.035660955164
t276,3214.1395167746477,3214.1395167746477
t277,2857.3498129402064,2857.3498129402064
t278,2515.0694043900494,2515.0694043900494
t279,2409.8170818244485,2409.8170818244485
t280,2410.238914130449,2410.238914130449
t281,2413.3533769504484,2413.3533769504484
t282,4423.880616372685,4423.880616372685
t283,4720.859791941867,4720.859791941867
t284,4725.979338040668,4725.979338040668
t285,2463.4684702366094,2463.4684702366094
t286,2179.612749236977,2179.612749236977
t287,2506.3261340230415,2506.3261340230415
t288,4094.557351097566,4094.557351097566
t289,3578.9088574489965,3578.9088574489965
t290,3715.5180344607124,3715.5180344607124
t291,3317.546047349841,3317.546047349841
t292,3843.389804469716,3843.389804469716
t293,3342.0782574369523,3342.0782574369523
t294,2035.244826047497,2035.244826047497
t295,343.8178075797474,343.8178075797474
t296,347.7562232217474,347.7562232217474
t297,348.1977673177474,348.1977673177474
t298,349.7109528158738,349.7109528158738
t299,350.67203079806325,350.67203079806325
t300,348.77817134071586,348.77817134071586
t301,344.87160580150527,344.87160580150527
t302,342.37140385641055,342.37140385641055
t303,341.6420676264106,341.6420676264106
t304,341.74456893441055,341.74456893441055
t305,359.31250236804215,359.31250236804215
t306,2528.4995252352546,2528.4995252352546
t307,1960.6664370177277,1960.6664370177277
t308,2065.41585099679,2065.41585099679
t309,2553.7892724916883,2553.7892724916883
t310,2140.417810733486,2140.417810733486
t311,1378.8688515142503,1378.8688515142503
t312,1374.5164882822503,1374.5164882822503
t313,2372.543014362873,2372.543014362873
t314,3988.6100225947484,3988.6100225947484
t315,3425.3383438980386,3425.3383438980386
t316,3928.9504231638516,3928.9504231638516
t317,4296.09062782771,4296.09062782771
t318,4482.460752391069,4482.460752391069
t319,4704.163207813876,4704.163207813876
t320,4689.1605644448755,4689.1605644448755
t321,4672.411850717676,4672.411850717676
t322,4657.849962973076,4657.849962973076
t323,4648.865329091076,4648.865329091076
t324,4610.353263064377,4610.353263064377
t325,4201.460724964911,4201.460724964911
t326,4007.699615447175,4007.699615447175
t327,3821.5912213995675,3821.5912213995675
t328,3280.9205036337976,3280.9205036337976
t329,4119.355800147845,4119.355800147845
t330,3389.1787187659534,3389.1787187659534
t331,3132.32565084725,3132.32565084725
t332,2845.7501825966215,2845.7501825966215
t333,3418.904925787811,3418.904925787811
t334,2311.6440514453693,2311.6440514453693
t335,4193.970994830727,4193.970994830727
t336,1803.56985388361,1803.56985388361
t337,222.76352866161054,222.76352866161054
t338,213.6333269156842,213.6333269156842
t339,213.02620378368422,213.02620378368422
t340,213.10899330168422,213.10899330168422
t341,218.5018367792211,218.5018367792211
t342,250.16145548522107,250.16145548522107
t343,302.14924599401047,302.14924599401047
t344,318.29294208581064,318.29294208581064
t345,311.53331518100003,311.53331518100003
t346,854.3456336251373,854.3456336251373
t347,2018.481403605727,2018.481403605727
t348,1815.8378996796994,1815.8378996796994
t349,1713.6368792572664,1713.6368792572664
t350,1532.1801714931032,1532.1801714931032
t351,1495.0377902059897,1495.0377902059897
t352,2051.8970429538567,2051.8970429538567
t353,2434.171561827688,2434.171561827688
t354,3409.80386784557,3409.80386784557
t355,3402.2262615337704,3402.2262615337704
t356,3389.9529126081707,3389.9529126081707
t357,3397.3101411077705,3397.3101411077705
t358,2532.1067150266217,2532.1067150266217
t359,1312.5844444656532,1312.5844444656532
t360,235.01898283890523,235.01898283890523
t361,216.57999349383158,216.57999349383158
t362,206.02110492213686,206.02110492213686
t363,204.380458552379,204.380458552379
t364,204.171513578379,204.171513578379
t365,205.10585242437895,205.10585242437895
t366,1011.1230352701235,1011.1230352701235
t367,834.8927001116591,834.8927001116591
t368,1158.4998456325964,1158.4998456325964
t369,1091.8024194064744,1091.8024194064744
t370,671.8411076723869,671.8411076723869
t371,672.2038046083869,672.2038046083869
t372,351.7821808249534,351.7821808249534
t373,305.0469605332105,305.0469605332105
t374,304.51120297354737,304.51120297354737
t375,301.38595054217893,301.38595054217893
t376,300.85373221217895,300.85373221217895
t377,300.89315579217896,300.89315579217896
t378,302.14254329124213,302.14254329124213
t379,1073.2558821585956,1073.2558821585956
t380,1465.1465972972596,1465.1465972972596
t381,1667.0436583904618,1667.0436583904618
t382,942.5687592309714,942.5687592309714
t383,1099.205092288802,1099.205092288802
t384,932.3580520109714,932.3580520109714
t385,929.0780101549715,929.0780101549715
t386,1375.6204030738743,1375.6204030738743
t387,2275.447273778035,2275.447273778035
t388,2799.4564770034776,2799.4564770034776
t389,3073.8968057500365,3073.8968057500365
t390,3069.943384438044,3069.943384438044
t391,3038.4124051540443,3038.4124051540443
t392,3018.985253401644,3018.985253401644
t393,3014.475984321244,3014.475984321244
t394,1467.688576081263,1467.688576081263
t395,867.7609715007255,867.7609715007255
t396,303.6405969390948,303.6405969390948
t397,300.894839445821,300.894839445821
t398,300.26978895954744,300.26978895954744
t399,299.7020894075474,299.7020894075474
t400,299.29602653354743,299.29602653354743
t401,916.3371214784127,916.3371214784127
t402,3554.6452983127765,3554.6452983127765
t403,3656.322518038677,3656.322518038677
t404,4327.678773031327,4327.678773031327
t405,4333.951064609328,4333.951064609328
t406,4349.801314948328,4349.801314948328
t407,4017.018656649559,4017.018656649559
t408,3855.109403365818,3855.109403365818
t409,3696.693464153008,3696.693464153008
t410,3664.1015517241394,3664.1015517241394
t411,3590.6638639316748,3590.6638639316748
t412,3579.905135772548,3579.905135772548
t413,3652.916075058108,3652.916075058108
t414,4013.9386918226874,4013.9386918226874
t415,4363.159600795527,4363.159600795527
t416,4342.613607842727,4342.613607842727
t417,3631.3107332376962,3631.3107332376962
t418,3013.6031196095933,3013.6031196095933
t419,2870.825796357516,2870.825796357516
t420,2887.784471657086,2887.784471657086
t421,2718.8286500371923,2718.8286500371923
t422,2577.298660868435,2577.298660868435
t423,2620.909336881244,2620.909336881244
t424,2869.869090084539,2869.869090084539
t425,3134.0406211543536,3134.0406211543536
t426,3860.7116767284024,3860.7116767284024
t427,4231.681627932652,4231.681627932652
t428,4321.423433592728,4321.423433592728
t429,4327.848294425327,4327.848294425327
t430,2410.5178903477063,2410.5178903477063
t431,2492.0783084326617,2492.0783084326617
t432,2183.723278588254,2183.723278588254
t433,2180.506314460254,2180.506314460254
t434,2178.700714496254,2178.700714496254
t435,3364.0034369838936,3364.0034369838936
t436,3095.20582721415,3095.20582721415
t437,2919.5856663464724,2919.5856663464724
t438,3226.5372677326363,3226.5372677326363
t439,3592.429593603439,3592.429593603439
t440,2751.139614255563,2751.139614255563
t441,2195.325638182254,2195.325638182254
t442,2196.031320264254,2196.031320264254
t443,2601.029406231149,2601.029406231149
t444,2860.3133764467675,2860.3133764467675
t445,3118.6064732989335,3118.6064732989335
t446,3028.84089742651,3028.84089742651
t447,3481.31047347119,3481.31047347119
t448,3542.590360409486,3542.590360409486
t449,4337.680535277327,4337.680535277327
t450,4336.917689004327,4336.917689004327
t451,4334.798671579328,4334.798671579328
t452,4328.950183486327,4328.950183486327
t453,4335.544565712928,4335.544565712928
t454,3684.343096419286,3684.343096419286
t455,1234.7782261232912,1234.7782261232912
t456,1230.3706698792912,1230.3706698792912
t457,1226.968414925291,1226.968414925291
t458,1224.8868499012913,1224.8868499012913
t459,2006.120971323869,2006.120971323869
t460,1900.0312143493272,1900.0312143493272
t461,1734.3843031014196,1734.3843031014196
t462,2431.0071867713214,2431.0071867713214
t463,2598.774907571038,2598.774907571038
t464,2585.823473069438,2585.823473069438
t465,2569.854557754638,2569.854557754638
t466,2559.089949235638,2559.089949235638
t467,2554.122972391438,2554.122972391438
t468,2554.7671536886382,2554.7671536886382
t469,2558.700050029438,2558.700050029438
t470,2563.7687397100376,2563.7687397100376
t471,2568.973046505838,2568.973046505838
t472,2573.312794192238,2573.312794192238
t473,2574.245161859238,2574.245161859238
t474,2573.431459168038,2573.431459168038
t475,2569.600275663638,2569.600275663638
t476,2287.1641819003025,2287.1641819003025
t477,574.961794515625,574.961794515625
t478,273.2586786598632,273.2586786598632
t479,255.62332565428426,255.62332565428426
t480,235.84494241005262,235.84494241005262
t481,219.81686208346318,219.81686208346318
t482,209.99464015630525,209.99464015630525
t483,204.9049433395053,204.9049433395053
t484,204.4436874535053,204.4436874535053
t485,204.56195819350532,204.56195819350532
t486,209.57608118154738,209.57608118154738
t487,223.14090654161055,223.14090654161055
t488,235.63472488570525,235.63472488570525
t489,256.313704270821,256.313704270821
t490,269.2920286030001,269.2920286030001
t491,271.45580572852634,271.45580572852634
t492,270.2261389638632,270.2261389638632
t493,266.851911175558,266.851911175558
t494,261.76221435875794,261.76221435875794
t495,258.1628000062526,258.1628000062526
t496,257.73308298425263,257.73308298425263
t497,258.32443668425265,258.32443668425265
t498,267.92987506366325,267.92987506366325
t499,277.4746297024842,277.4746297024842
t500,306.40896420796855,306.40896420796855
t501,291.78696093154736,291.78696093154736
t502,271.6514059808737,271.6514059808737
t503,245.91271988538946,245.91271988538946
t504,222.71227800761054,222.71227800761054
t505,208.83383211036846,208.83383211036846
t506,201.84666060309476,201.84666060309476
t507,201.38934707509475,201.38934707509475
t508,201.4130012230948,201.4130012230948
t509,208.95205337690527,208.95205337690527
t510,240.6822570109896,240.6822570109896
t511,285.31092421965263,285.31092421965263
t512,304.82374116651584,304.82374116651584
t513,306.0706503646316,306.0706503646316
t514,307.36940388234746,307.36940388234746
t515,310.64859997790535,310.64859997790535
t516,309.05339110429475,309.05339110429475
t517,306.54261705393685,306.54261705393685
t518,304.2433241937158,304.2433241937158
t519,299.30988999848415,299.30988999848415
t520,298.7067092244842,298.7067092244842
t521,298.71459394048424,298.71459394048424
t522,299.4414713461474,299.4414713461474
t523,303.741367397979,303.741367397979
t524,321.16198221907376,321.16198221907376
t525,315.90422609452634,315.90422609452634
t526,293.7737285486316,293.7737285486316
t527,263.8382749024527,263.8382749024527
t528,236.0235282632737,236.0235282632737
t529,219.30342775545267,219.30342775545267
t530,210.8875694224105,210.8875694224105
t531,210.20948384641054,210.20948384641054
t532,210.15429083441057,210.15429083441057
t533,215.26264923221052,215.26264923221052
t534,246.58741946342099,246.58741946342099
t535,290.0823179423054,290.0823179423054
t536,306.5722227865474,306.5722227865474
t537,302.46996587541054,302.46996587541054
t538,303.12111116595787,303.12111116595787
t539,305.13959509883165,305.13959509883165
t540,303.4620110858737,303.4620110858737
t541,301.6538293220105,301.6538293220105
t542,301.5197891500105,301.5197891500105
t543,300.8022799940105,300.8022799940105
t544,300.1872721460105,300.1872721460105
t545,350.72602077185644,350.72602077185644
t546,367.8375085407509,367.8375085407509
t547,943.194965311503,943.194965311503
t548,822.2684866814399,822.2684866814399
t549,322.4010201208403,322.4010201208403
t550,298.55457945498256,298.55457945498256
t551,261.22645679909476,261.22645679909476
t552,234.14837680445268,234.14837680445268
t553,217.45059952828422,217.45059952828422
t554,208.81150887871584,208.81150887871584
t555,208.1334233027158,208.1334233027158
t556,208.1334233027158,208.1334233027158
t557,213.21948402543163,213.21948402543163
t558,244.53368215137897,244.53368215137897
t559,1542.9443767455632,1542.9443767455632
t560,2123.136286935562,2123.136286935562
t561,2082.4697982597772,2082.4697982597772
t562,2081.6730477079773,2081.6730477079773
t563,1926.4916369303921,1926.4916369303921
t564,1761.7561199815746,1761.7561199815746
t565,1733.2801527575068,1733.2801527575068
t566,2008.581589423202,2008.581589423202
t567,1922.6306885771533,1922.6306885771533
t568,1530.2720078272635,1530.2720078272635
t569,1133.8270996593872,1133.8270996593872
t570,1134.382972137387,1134.382972137387
t571,1360.0423307082708,1360.0423307082708
t572,2715.532796393622,2715.532796393622
t573,2579.522273148114,2579.522273148114
t574,2595.3216670689135,2595.3216670689135
t575,2187.834537824347,2187.834537824347
t576,1986.8262727771269,1986.8262727771269
t577,1169.1247762722153,1169.1247762722153
t578,1394.0936766323714,1394.0936766323714
t579,1455.6080395938432,1455.6080395938432
t580,948.6511247127731,948.6511247127731
t581,486.242302828301,486.242302828301
t582,490.20831497630104,490.20831497630104
t583,496.66195502230096,496.66195502230096
t584,783.0598745387023,783.0598745387023
t585,768.3871829900628,768.3871829900628
t586,304.55595208376707,304.55595208376707
t587,303.4856148428316,303.4856148428316
t588,303.5289807808316,303.5289807808316
t589,302.3458495032421,302.3458495032421
t590,302.03332426010525,302.03332426010525
t591,301.3907199061053,301.3907199061053
t592,300.89792515610526,300.89792515610526
t593,1054.281457611528,1054.281457611528
t594,1967.996537073271,1967.996537073271
t595,4072.5236915351165,4072.5236915351165
t596,3823.292170372365,3823.292170372365
t597,3822.071616335565,3822.071616335565
t598,3747.971765790279,3747.971765790279
t599,3820.297224826413,3820.297224826413
t600,2385.8718602153936,2385.8718602153936
t601,1101.418228281461,1101.418228281461
t602,676.0709208598864,676.0709208598864
t603,551.1293215749403,551.1293215749403
t604,551.1332639329403,551.1332639329403
t605,552.2844324689402,552.2844324689402
t606,556.0927502969403,556.0927502969403
t607,562.2940794309402,562.2940794309402
t608,960.092405028116,960.092405028116
t609,1403.7588368590154,1403.7588368590154
t610,1171.5687966279506,1171.5687966279506
t611,302.8592838312527,302.8592838312527
t612,302.51235632725263,302.51235632725263
t613,301.90523319525266,301.90523319525266
t614,295.4926173858843,295.4926173858843
t615,290.9610013604,290.9610013604
t616,285.71504192203156,285.71504192203156
t617,283.43807229346316,283.43807229346316
t618,283.15816487546317,283.15816487546317
t619,282.7402749274632,282.7402749274632
t620,291.6290111854947,291.6290111854947
t621,297.187495867,297.187495867
t622,279.2413047427685,279.2413047427685
t623,256.3823155304737,256.3823155304737
t624,231.71514455431583,231.71514455431583
t625,214.41464002352637,214.41464002352637
t626,204.32453931653686,204.32453931653686
t627,199.414608096179,199.414608096179
t628,199.201720764179,199.201720764179
t629,199.592014206179,199.592014206179
t630,212.22382358184205,212.22382358184205
t631,224.34864092335795,224.34864092335795
t632,592.4174044070741,592.4174044070741
t633,496.76153751419497,496.76153751419497
t634,488.590606323395,488.590606323395
t635,485.369699837395,485.369699837395
t636,291.6197361377859,291.6197361377859
t637,318.85881780104836,318.85881780104836
t638,322.5882884690483,322.5882884690483
t639,257.1413054066632,257.1413054066632
t640,256.8732250626632,256.8732250626632
t641,257.05457353066316,257.05457353066316
t642,261.1545365103894,261.1545365103894
t643,262.16741325238957,262.16741325238957
t644,276.2631628329895,276.2631628329895
t645,278.37026877470527,278.37026877470527
t646,262.5881739299053,262.5881739299053
t647,242.29635635766317,242.29635635766317
t648,221.91524585881052,221.91524585881052
t649,205.66393321569475,205.66393321569475
t650,195.4398931187895,195.4398931187895
t651,189.45726703588423,189.45726703588423
t652,189.04331944588424,189.04331944588424
t653,189.12216660588422,189.12216660588422
t654,193.1086494335369,193.1086494335369
t655,201.08004941191578,201.08004941191578
t656,219.9506125239263,219.9506125239263
t657,242.94185400165267,242.94185400165267
t658,256.22814383195794,256.22814383195794
t659,260.93197511163163,260.93197511163163
t660,263.82845188470526,263.82845188470526
t661,263.09799302478956,263.09799302478956
t662,260.69069923943164,260.69069923943164
t663,260.4068494634316,260.4068494634316
t664,260.5014660554316,260.5014660554316
t665,414.13502006905594,414.13502006905594
t666,1043.1567001389226,1043.1567001389226
t667,917.8823539452894,917.8823539452894
t668,910.3725561910895,910.3725561910895
t669,906.9990804504895,906.9990804504895
t670,537.3521661337587,537.3521661337587
t671,258.3637031225865,258.3637031225865
t672,225.71019523975798,225.71019523975798
t673,1357.9103592160425,1357.9103592160425
t674,1292.519374844189,1292.519374844189
t675,2073.418301699887,2073.418301699887
t676,1937.7360703309555,1937.7360703309555
t677,1662.348306273801,1662.348306273801
t678,2086.9598527814114,2086.9598527814114
t679,2479.613466837843,2479.613466837843
t680,2454.7616304774433,2454.7616304774433
t681,2441.386392490843,2441.386392490843
t682,1508.3632053757754,1508.3632053757754
t683,422.47200319203,422.47200319203
t684,348.36500036560005,348.36500036560005
t685,348.93664227560004,348.93664227560004
t686,349.49251475360006,349.49251475360006
t687,349.55830542743166,349.55830542743166
t688,349.83321924914736,349.83321924914736
t689,350.2972910293474,350.2972910293474
t690,1544.9775975685318,1544.9775975685318
t691,1543.250590945292,1543.250590945292
t692,1834.4262045401138,1834.4262045401138
t693,1833.2226026427136,1833.2226026427136
t694,1433.812006274418,1433.812006274418
t695,737.8634205871227,737.8634205871227
t696,253.65888126885267,253.65888126885267
t697,232.9205990635579,232.9205990635579
t698,230.68133971955788,230.68133971955788
t699,229.6287301335579,229.6287301335579
t700,2041.797379751909,2041.797379751909
t701,2174.3137120587407,2174.3137120587407
t702,2163.2270128911405,2163.2270128911405
t703,2135.4255042751406,2135.4255042751406
t704,2110.9466149815407,2110.9466149815407
t705,2097.9951804799407,2097.9951804799407
t706,1794.7680868560055,1794.7680868560055
t707,940.7896198176196,940.7896198176196
t708,482.5383356537213,482.5383356537213
t709,482.9286290957212,482.9286290957212
t710,483.64219589372124,483.64219589372124
t711,483.49238628972125,483.49238628972125
t712,1766.363214017042,1766.363214017042
t713,2737.2584042264084,2737.2584042264084
t714,2664.067399317588,2664.067399317588
t715,1427.3902325687832,1427.3902325687832
t716,2465.5402499181077,2465.5402499181077
t717,2698.6049674740993,2698.6049674740993
t718,2661.634760670774,2661.634760670774
t719,3110.783751812807,3110.783751812807
t720,3073.3933013417936,3073.3933013417936
t721,2040.6712448195817,2040.6712448195817
t722,1877.5540536844983,1877.5540536844983
t723,1847.3370097943825,1847.3370097943825
t724,1596.0851572884826,1596.0851572884826
t725,2880.8361481633715,2880.8361481633715
t726,2799.9261664244373,2799.9261664244373
t727,3209.240275147158,3209.240275147158
t728,2837.1018205231876,2837.1018205231876
t729,3256.135456110653,3256.135456110653
t730,3622.065537699615,3622.065537699615
t731,3914.4617817723165,3914.4617817723165
t732,3845.952930267642,3845.952930267642
t733,4116.827273449523,4116.827273449523
t734,4117.244933504371,4117.244933504371
t735,4119.1944295353715,4119.1944295353715
t736,4121.143925566371,4121.143925566371
t737,4120.63536138437,4120.63536138437
t738,4120.821834917771,4120.821834917771
t739,3791.7321455878423,3791.7321455878423
t740,2912.29803389015,2912.29803389015
t741,2077.1192749548654,2077.1192749548654
t742,2111.5763943122756,2111.5763943122756
t743,323.1354450465715,323.1354450465715
t744,317.7462416605715,317.7462416605715
t745,378.6290006788067,378.6290006788067
t746,413.6151764030297,413.6151764030297
t747,235.0759454796737,235.0759454796737
t748,234.6580555316737,234.6580555316737
t749,235.3676799716737,235.3676799716737
t750,238.04059869567374,238.04059869567374
t751,2236.699587612338,2236.699587612338
t752,2273.9202920688417,2273.9202920688417
t753,1333.231994658456,1333.231994658456
t754,1227.4739155714515,1227.4739155714515
t755,1228.8537408714515,1228.8537408714515
t756,2102.320752051404,2102.320752051404
t757,1949.306933547879,1949.306933547879
t758,2136.0918330572545,2136.0918330572545
t759,2801.7034022309645,2801.7034022309645
t760,3214.7794338011636,3214.7794338011636
t761,3667.374899382266,3667.374899382266
t762,3669.324395413266,3669.324395413266
t763,3675.3424049002665,3675.3424049002665
t764,2863.281837426632,2863.281837426632
t765,2856.7628849416587,2856.7628849416587
t766,3685.581497097866,3685.581497097866
t767,3668.897548035484,3668.897548035484
t768,2485.1483479298854,2485.1483479298854
t769,2422.558728376222,2422.558728376222
t770,3097.7512759343026,3097.7512759343026
t771,3334.0035381148587,3334.0035381148587
t772,2763.3979649029125,2763.3979649029125
t773,2052.7040577409916,2052.7040577409916
t774,1408.9794525906098,1408.9794525906098
t775,1952.3615697939244,1952.3615697939244
t776,2705.7539575636124,2705.7539575636124
t777,2690.7004577764123,2690.7004577764123
t778,2161.8481313216007,2161.8481313216007
t779,1802.9574031878633,1802.9574031878633
t780,1429.03028537861,1429.03028537861
t781,1429.27865393261,1429.27865393261
t782,1429.7675063246097,1429.7675063246097
t783,1458.0864076604198,1458.0864076604198
t784,2282.7086931563513,2282.7086931563513
t785,2508.5015450374667,2508.5015450374667
t786,2671.714061648412,2671.714061648412
t787,2679.6137586088125,2679.6137586088125
t788,1170.8720244422034,1170.8720244422034
t789,2145.3165268085963,2145.3165268085963
t790,1169.5434497962033,1169.5434497962033
t791,1164.9151215042034,1164.9151215042034
t792,1523.368145871255,1523.368145871255
t793,1866.4167983410064,1866.4167983410064
t794,1653.3889613268632,1653.3889613268632
t795,1916.2966242185853,1916.2966242185853
t796,2228.1616320563967,2228.1616320563967
t797,2228.924478329397,2228.924478329397
t798,1333.5296634911651,1333.5296634911651
t799,2218.0751091133966,2218.0751091133966
t800,2199.563372888597,2199.563372888597
t801,2101.992551558625,2101.992551558625
t802,1724.1402792148854,1724.1402792148854
t803,1335.8689421750253,1335.8689421750253
t804,1154.8755952586798,1154.8755952586798
t805,711.298037904653,711.298037904653
t806,295.71584970241054,295.71584970241054
t807,293.4992455781053,293.4992455781053
t808,293.38885955410524,293.38885955410524
t809,293.5504962321052,293.5504962321052
t810,294.60314701341053,294.60314701341053
t811,293.62617764898954,293.62617764898954
t812,1900.525990501153,1900.525990501153
t813,2997.1237719197925,2997.1237719197925
t814,2715.7972198113303,2715.7972198113303
t815,3372.798641521364,3372.798641521364
t816,3391.4968512795645,3391.4968512795645
t817,3406.160451860565,3406.160451860565
t818,3415.365463554764,3415.365463554764
t819,3420.857956720364,3420.857956720364
t820,3397.640521222364,3397.640521222364
t821,3343.963293217331,3343.963293217331
t822,2720.1564993327484,2720.1564993327484
t823,2939.3910638726807,2939.3910638726807
t824,2596.4432490523022,2596.4432490523022
t825,2030.849329244413,2030.849329244413
t826,1535.0004398476376,1535.0004398476376
t827,1292.4308812438157,1292.4308812438157
t828,1315.18668807684,1315.18668807684
t829,1098.5909842277401,1098.5909842277401
t830,1098.3386733157402,1098.3386733157402
t831,1098.18492135374,1098.18492135374
t832,1098.3386733157402,1098.3386733157402
t833,1098.9181999417399,1098.9181999417399
t834,1099.52138071574,1099.52138071574
t835,1099.39522525974,1099.39522525974
t836,1098.99704710174,1098.99704710174
t837,1108.842441388632,1108.842441388632
t838,1099.37157111174,1099.37157111174
t839,2600.8654067138946,2600.8654067138946
t840,2502.8729238511814,2502.8729238511814
t841,1583.7116724462455,1583.7116724462455
t842,1202.119702936661,1202.119702936661
t843,1561.1970495317291,1561.1970495317291
t844,257.7886998738422,257.7886998738422
t845,257.9109129718421,257.9109129718421
t846,259.5075679618421,259.5075679618421
t847,3456.3680227812324,3456.3680227812324
t848,3946.843999340102,3946.843999340102
t849,3928.1457895819017,3928.1457895819017
t850,3196.4177027536975,3196.4177027536975
t851,2030.2224469582657,2030.2224469582657
t852,2032.0714128602658,2032.0714128602658
t853,2194.8724252933384,2194.8724252933384
t854,2364.210303876806,2364.210303876806
t855,3025.466946481475,3025.466946481475
t856,3609.781875298589,3609.781875298589
t857,3678.200162673848,3678.200162673848
t858,4248.363731577946,4248.363731577946
t859,4257.1110355083465,4257.1110355083465
t860,4268.977533088347,4268.977533088347
t861,4275.402393920946,4275.402393920946
t862,2202.4927010292204,2202.4927010292204
t863,2574.3676012350147,2574.3676012350147
t864,2832.1681928844077,2832.1681928844077
t865,2461.7068252277077,2461.7068252277077
t866,2211.843340847578,2211.843340847578
t867,2179.9542403432206,2179.9542403432206
t868,2179.07509450922,2179.07509450922
t869,2179.33529013722,2179.33529013722
t870,2180.92011805322,2180.92011805322
t871,3653.9558414044345,3653.9558414044345
t872,3836.613703808076,3836.613703808076
t873,3877.95823958485,3877.95823958485
t874,3616.5907147028925,3616.5907147028925
t875,3343.636101876576,3343.636101876576
t876,3161.9670789033926,3161.9670789033926
t877,3004.3584341770975,3004.3584341770975
t878,2999.9598144149713,2999.9598144149713
t879,3320.2404335487568,3320.2404335487568
t880,3636.1772593311885,3636.1772593311885
t881,4282.407972223578,4282.407972223578
t882,5032.864981257231,5032.864981257231
t883,5168.024358063461,5168.024358063461
t884,4807.883673186378,4807.883673186378
t885,4491.532107951956,4491.532107951956
t886,4028.2862325607525,4028.2862325607525
t887,5025.641426248358,5025.641426248358
t888,4623.234208849836,4623.234208849836
t889,4555.308678936977,4555.308678936977
t890,4236.576095003271,4236.576095003271
t891,3716.785177926892,3716.785177926892
t892,3109.672391395432,3109.672391395432
t893,3168.5235044696574,3168.5235044696574
t894,3121.717672791045,3121.717672791045
t895,3585.3501793863006,3585.3501793863006
t896,4498.105541273987,4498.105541273987
t897,4303.5184078568145,4303.5184078568145
t898,4254.553434021391,4254.553434021391
t899,4050.9743030124278,4050.9743030124278
t900,4008.070393971728,4008.070393971728
t901,4117.965918554033,4117.965918554033
t902,3575.4270576729864,3575.4270576729864
t903,4178.75692352981,4178.75692352981
t904,4768.108876207887,4768.108876207887
t905,5325.334619924671,5325.334619924671
t906,5326.080514058271,5326.080514058271
t907,5334.2514452490705,5334.2514452490705
t908,5346.55869845347,5346.55869845347
t909,4701.543716808887,4701.543716808887
t910,2830.552185248327,2830.552185248327
t911,4447.157714364591,4447.157714364591
t912,2180.685329622475,2180.685329622475
t913,1290.1126983773802,1290.1126983773802
t914,1286.9430425453802,1286.9430425453802
t915,1284.8220539413803,1284.8220539413803
t916,1283.7181937013804,1283.7181937013804
t917,1283.9507928233802,1283.9507928233802
t918,1285.7958163673804,1285.7958163673804
t919,4122.6835202017,4122.6835202017
t920,4383.7569238312235,4383.7569238312235
t921,4382.7357267582875,4382.7357267582875
t922,4200.547748461917,4200.547748461917
t923,4203.531341343111,4203.531341343111
t924,4232.9227019943655,4232.9227019943655
t925,4191.2602555007015,4191.2602555007015
t926,3831.0057134558856,3831.0057134558856
t927,4789.645846048624,4789.645846048624
t928,5121.486656568285,5121.486656568285
t929,5543.492414361403,5543.492414361403
t930,5546.391230198803,5546.391230198803
t931,5556.274327469003,5556.274327469003
t932,5571.276970838003,5571.276970838003
t933,4919.878319227741,4919.878319227741
t934,3990.8598789353564,3990.8598789353564
t935,4145.252551375927,4145.252551375927
t936,2781.8214062565744,2781.8214062565744
t937,1390.1578459032928,1390.1578459032928
t938,1112.2270623229706,1112.2270623229706
t939,1110.1494396569703,1110.1494396569703
t940,1109.0061558369705,1109.0061558369705
t941,1109.2348126009706,1109.2348126009706
t942,1131.1768508983907,1131.1768508983907
t943,3902.590334536068,3902.590334536068
t944,4748.752888922412,4748.752888922412
t945,4658.042598665783,4658.042598665783
t946,4741.130784876316,4741.130784876316
t947,4825.501590091566,4825.501590091566
t948,4810.871893789366,4810.871893789366
t949,4800.1920459673665,4800.1920459673665
t950,4791.546454873366,4791.546454873366
t951,4788.478117641966,4788.478117641966
t952,4789.020586102766,4789.020586102766
t953,4791.376933479366,4791.376933479366
t954,4799.361391136766,4799.361391136766
t955,4813.668996790366,4813.668996790366
t956,4827.552798958966,4827.552798958966
t957,4149.040995739263,4149.040995739263
t958,2570.167553073465,2570.167553073465
t959,2937.2652098953645,2937.2652098953645
t960,4052.22186779291,4052.22186779291
t961,4336.045125128622,4336.045125128622
t962,3019.5316441331997,3019.5316441331997
t963,1523.719557880376,1523.719557880376
t964,877.1953159053444,877.1953159053444
t965,876.8483884013444,876.8483884013444
t966,877.4200303113442,877.4200303113442
t967,879.3990940273443,879.3990940273443
t968,2586.883562979809,2586.883562979809
t969,1695.3698036744656,1695.3698036744656
t970,4151.613459660925,4151.613459660925
t971,3384.6139770389364,3384.6139770389364
t972,3934.9950960532146,3934.9950960532146
t973,4074.442557790561,4074.442557790561
t974,3894.0897906012756,3894.0897906012756
t975,3908.874289921509,3908.874289921509
t976,5002.655112119252,5002.655112119252
t977,5728.195498437425,5728.195498437425
t978,5727.788647091825,5727.788647091825
t979,5734.247412203225,5734.247412203225
t980,5745.961340528625,5745.961340528625
t981,5751.352120857825,5751.352120857825
t982,5677.023237203249,5677.023237203249
t983,3764.423573992922,3764.423573992922
t984,3403.253213961628,3403.253213961628
t985,3384.5920346556286,3384.5920346556286
t986,2890.0862530658383,2890.0862530658383
t987,2887.6814146858383,2887.6814146858383
t988,3567.286051472722,3567.286051472722
t989,3752.4674264866208,3752.4674264866208
t990,2884.5196435698385,2884.5196435698385
t991,2885.8245640678383,2885.8245640678383
t992,3588.1974246338455,3588.1974246338455
t993,3916.202062107454,3916.202062107454
t994,3988.457972056798,3988.457972056798
t995,3813.6323863100088,3813.6323863100088
t996,4776.203935958581,4776.203935958581
t997,4708.258798318028,4708.258798318028
t998,4435.989036778804,4435.989036778804
t999,3770.327318219046,3770.327318219046
t1000,4095.972155531206,4095.972155531206
t1001,5095.232191339275,5095.232191339275
t1002,5737.926026453026,5737.926026453026
t1003,5743.232046085225,5743.232046085225
t1004,5149.067122730014,5149.067122730014
t1005,5350.258689172915,5350.258689172915
t1006,5758.319450151225,5758.319450151225
t1007,5782.340631681025,5782.340631681025
t1008,5727.711426336212,5727.711426336212
t1009,4983.749392187537,4983.749392187537
t1010,3973.822107504559,3973.822107504559
t1011,3642.931689427895,3642.931689427895
t1012,3236.402707390868,3236.402707390868
t1013,2800.0762972049088,2800.0762972049088
t1014,2932.221736341033,2932.221736341033
t1015,4506.564606398716,4506.564606398716
t1016,3431.945377366578,3431.945377366578
t1017,3796.482618037605,3796.482618037605
t1018,4454.370674097866,4454.370674097866
t1019,3028.8427342323184,3028.8427342323184
t1020,3215.4380114498704,3215.4380114498704
t1021,2498.4325190867626,2498.4325190867626
t1022,3201.284733771958,3201.284733771958
t1023,3058.349448409114,3058.349448409114
t1024,3754.6647978433475,3754.6647978433475
t1025,5433.294704220743,5433.294704220743
t1026,4051.249715838758,4051.249715838758
t1027,5733.151853179563,5733.151853179563
t1028,5744.797972947363,5744.797972947363
t1029,5749.358098445963,5749.358098445963
t1030,5679.468975036522,5679.468975036522
t1031,5686.516836634174,5686.516836634174
t1032,4741.53053224143,4741.53053224143
t1033,3991.0548745685205,3991.0548745685205
t1034,2029.0912098553804,2029.0912098553804
t1035,2026.8677199433803,2026.8677199433803
t1036,2025.4800099273803,2025.4800099273803
t1037,2025.6061653833801,2025.6061653833801
t1038,2027.7113845553804,2027.7113845553804
t1039,2237.9327247464885,2237.9327247464885
t1040,3967.4615186116816,3967.4615186116816
t1041,2968.897120807579,2968.897120807579
t1042,3823.319498035161,3823.319498035161
t1043,3889.6157667712228,3889.6157667712228
t1044,3875.9184381360224,3875.9184381360224
t1045,3341.0226272644786,3341.0226272644786
t1046,2956.3582853154285,2956.3582853154285
t1047,2058.015172020045,2058.015172020045
t1048,2058.9652802980454,2058.9652802980454
t1049,2898.944313393354,2898.944313393354
t1050,3800.804816029711,3800.804816029711
t1051,3809.975923445111,3809.975923445111
t1052,3821.994990279711,3821.994990279711
t1053,3828.8436545973113,3828.8436545973113
t1054,3188.312868366842,3188.312868366842
t1055,3059.126182566005,3059.126182566005
t1056,1072.514120924444,1072.514120924444
t1057,756.8197171733417,756.8197171733417
t1058,753.7249661433416,753.7249661433416
t1059,751.7656142173416,751.7656142173416
t1060,1869.443153120152,1869.443153120152
t1061,1176.9547840893817,1176.9547840893817
t1062,1037.2131275795214,1037.2131275795214
t1063,4395.990441978867,4395.990441978867
t1064,4312.523477116708,4312.523477116708
t1065,3967.5859489219215,3967.5859489219215
t1066,4753.494089079312,4753.494089079312
t1067,4203.198750913319,4203.198750913319
t1068,4719.166006794313,4719.166006794313
t1069,4314.475743434192,4314.475743434192
t1070,4448.682682788558,4448.682682788558
t1071,3131.652812502198,3131.652812502198
t1072,4306.914750766024,4306.914750766024
t1073,4750.951268169313,4750.951268169313
t1074,4756.867564819913,4756.867564819913
t1075,4765.835246562514,4765.835246562514
t1076,4736.989512047403,4736.989512047403
t1077,3826.038929800892,3826.038929800892
t1078,2599.430609995721,2599.430609995721
t1079,3298.6058059679735,3298.6058059679735
t1080,2452.8748047500135,2452.8748047500135
t1081,2447.7852205720133,2447.7852205720133
t1082,3862.598554578289,3862.598554578289
t1083,3887.2670216887113,3887.2670216887113
t1084,3082.0743351349843,3082.0743351349843
t1085,3782.365353890395,3782.365353890395
t1086,4138.265438850199,4138.265438850199
t1087,4304.0017549486865,4304.0017549486865
t1088,4755.12778867928,4755.12778867928
t1089,4696.5084372763595,4696.5084372763595
t1090,4382.6889759468295,4382.6889759468295
t1091,3938.2214953806388,3938.2214953806388
t1092,3929.355595609972,3929.355595609972
t1093,3504.7773236950916,3504.7773236950916
t1094,3426.500543845719,3426.500543845719
t1095,3544.2404541368733,3544.2404541368733
t1096,3808.6504261619366,3808.6504261619366
t1097,3972.7290301116773,3972.7290301116773
t1098,4311.229210164546,4311.229210164546
t1099,3471.7541203071164,3471.7541203071164
t1100,5014.5146437424455,5014.5146437424455
t1101,3268.9414476935845,3268.9414476935845
t1102,5187.156218838851,5187.156218838851
t1103,4388.204083895662,4388.204083895662
t1104,3866.630290812329,3866.630290812329
t1105,2173.697188289263,2173.697188289263
t1106,1847.3336172729937,1847.3336172729937
t1107,1845.6857116289934,1845.6857116289934
t1108,1844.9406059669936,1844.9406059669936
t1109,1845.3860924209935,1845.3860924209935
t1110,1847.6214094069935,1847.6214094069935
t1111,4408.4039955685985,4408.4039955685985
t1112,4306.325311773839,4306.325311773839
t1113,4291.37352482304,4291.37352482304
t1114,4283.592492838439,4283.592492838439
t1115,4278.45599460024,4278.45599460024
t1116,4277.574483351439,4277.574483351439
t1117,3904.206305507965,3904.206305507965
t1118,4279.167984455039,4279.167984455039
t1119,4281.812518201439,4281.812518201439
t1120,4264.772060436786,4264.772060436786
t1121,4287.762719130839,4287.762719130839
t1122,4290.50896571364,4290.50896571364
t1123,4296.764305152239,4296.764305152239
t1124,4060.4619411231956,4060.4619411231956
t1125,2839.0687958009644,2839.0687958009644
t1126,3808.7343185583263,3808.7343185583263
t1127,3110.682685522068,3110.682685522068
t1128,3661.632375155735,3661.632375155735
t1129,4203.178656300402,4203.178656300402
t1130,3968.6138546521606,3968.6138546521606
t1131,3759.3335300450385,3759.3335300450385
t1132,3485.301501149166,3485.301501149166
t1133,2310.051727949248,2310.051727949248
t1134,1795.8482350099432,1795.8482350099432
t1135,2451.14563639034,2451.14563639034
t1136,3318.0097961205142,3318.0097961205142
t1137,2846.757971528203,2846.757971528203
t1138,2461.5189230951178,2461.5189230951178
t1139,2151.4986676483504,2151.4986676483504
t1140,2081.8390088174597,2081.8390088174597
t1141,2154.1269051480485,2154.1269051480485
t1142,2204.622393327472,2204.622393327472
t1143,2475.418513505656,2475.418513505656
t1144,2884.840580539397,2884.840580539397
t1145,3499.9364720848303,3499.9364720848303
t1146,3498.376875260031,3498.376875260031
t1147,2260.162599215419,2260.162599215419
t1148,2486.352591748115,2486.352591748115
t1149,1293.5486060079113,1293.5486060079113
t1150,1292.3067632379114,1292.3067632379114
t1151,1288.2816157199113,1288.2816157199113
t1152,1283.8267511799113,1283.8267511799113
t1153,1280.0342027839113,1280.0342027839113
t1154,1277.5978255399111,1277.5978255399111
t1155,3209.7924240002612,3209.7924240002612
t1156,3057.6005360076542,3057.6005360076542
t1157,3059.227941390054,3059.227941390054
t1158,3060.838394633054,3060.838394633054
t1159,3055.888369928254,3055.888369928254
t1160,2813.410114526819,2813.410114526819
t1161,2651.529661433609,2651.529661433609
t1162,2470.2115504514813,2470.2115504514813
t1163,2388.175996808199,2388.175996808199
t1164,2443.589275005597,2443.589275005597
t1165,2303.2163603616605,2303.2163603616605
t1166,1976.6797640372542,1976.6797640372542
t1167,1570.516520897696,1570.516520897696
t1168,1800.9260956450153,1800.9260956450153
t1169,1573.0751112396958,1573.0751112396958
t1170,1979.03528941473,1979.03528941473
t1171,1882.6001531041675,1882.6001531041675
t1172,2951.3784305272543,2951.3784305272543
t1173,1399.5371548253886,1399.5371548253886
t1174,1085.2491103573645,1085.2491103573645
t1175,1080.4433759553647,1080.4433759553647
t1176,1075.2197516053645,1075.2197516053645
t1177,203.54322620869476,203.54322620869476
t1178,195.50686281374735,195.50686281374735
t1179,194.93522090374736,194.93522090374736
t1180,194.97070212574738,194.97070212574738
t1181,200.37537267728428,200.37537267728428
t1182,231.8047240248738,231.8047240248738
t1183,285.1165420733052,285.1165420733052
t1184,299.4439986777264,299.4439986777264
t1185,296.88904070763164,296.88904070763164
t1186,302.3653065892842,302.3653065892842
t1187,306.8828916158737,306.8828916158737
t1188,307.20979962176835,307.20979962176835
t1189,304.9799908382527,304.9799908382527
t1190,304.57817266850526,304.57817266850526
t1191,304.0380696225053,304.0380696225053
t1192,303.6241220325053,303.6241220325053
t1193,391.3066304760149,391.3066304760149
t1194,837.5143081531011,837.5143081531011
t1195,732.6351098587517,732.6351098587517
t1196,735.3644043021517,735.3644043021517
t1197,311.7885764923053,311.7885764923053
t1198,297.7470096484083,297.7470096484083
t1199,331.1187239484706,331.1187239484706
t1200,337.0619245302424,337.0619245302424
t1201,213.14221581932634,213.14221581932634
t1202,203.05211511233685,203.05211511233685
t1203,201.81584796293683,201.81584796293683
t1204,201.72123137093683,201.72123137093683
t1205,202.62797371093686,202.62797371093686
t1206,235.95095000663164,235.95095000663164
t1207,289.2228376762631,289.2228376762631
t1208,312.7610226074212,312.7610226074212
t1209,296.2292840304211,296.2292840304211
t1210,943.1022133353434,943.1022133353434
t1211,1660.8135508928008,1660.8135508928008
t1212,1325.339866572273,1325.339866572273
t1213,2520.7557180495332,2520.7557180495332
t1214,1986.293523000709,1986.293523000709
t1215,3180.678928031871,3180.678928031871
t1216,3159.6675677434628,3159.6675677434628
t1217,3900.168172554307,3900.168172554307
t1218,3982.9195169750124,3982.9195169750124
t1219,4408.975322454612,4408.975322454612
t1220,4413.213357304612,4413.213357304612
t1221,3586.059352460683,3586.059352460683
t1222,3123.7833081265762,3123.7833081265762
t1223,2845.110514654711,2845.110514654711
t1224,2222.889455271928,2222.889455271928
t1225,2325.9921590198464,2325.9921590198464
t1226,2471.2674096893757,2471.2674096893757
t1227,2217.3267881339284,2217.3267881339284
t1228,2974.586622756435,2974.586622756435
t1229,2663.919640862853,2663.919640862853
t1230,3338.8244585923403,3338.8244585923403
t1231,4348.06299625364,4348.06299625364
t1232,4526.642647892304,4526.642647892304
t1233,3767.856728056144,3767.856728056144
t1234,3170.99235275334,3170.99235275334
t1235,3072.9595194034014,3072.9595194034014
t1236,2889.5259890567645,2889.5259890567645
t1237,2945.4966177965666,2945.4966177965666
t1238,3209.167080141459,3209.167080141459
t1239,3434.3381813313385,3434.3381813313385
t1240,3625.448159212153,3625.448159212153
t1241,4521.1501547267035,4521.1501547267035
t1242,4511.368770292904,4511.368770292904
t1243,4498.163053700304,4498.163053700304
t1244,4502.045093622904,4502.045093622904
t1245,4512.9283671177045,4512.9283671177045
t1246,4529.931362935904,4529.931362935904
t1247,4553.528740980704,4553.528740980704
t1248,3967.3289281856896,3967.3289281856896
t1249,3742.0637447279905,3742.0637447279905
t1250,3585.470785362869,3585.470785362869
t1251,3558.614099689717,3558.614099689717
t1252,3545.7114996055425,3545.7114996055425
t1253,3469.1900763166745,3469.1900763166745
t1254,3300.0234941234003,3300.0234941234003
t1255,4500.407082589498,4500.407082589498
t1256,3714.4050157530287,3714.4050157530287
t1257,3334.9546187975097,3334.9546187975097
t1258,2795.0999719987835,2795.0999719987835
t1259,2479.2360093689363,2479.2360093689363
t1260,2564.0543117301395,2564.0543117301395
t1261,2488.3157318450653,2488.3157318450653
t1262,2433.909106582623,2433.909106582623
t1263,2485.7296669495886,2485.7296669495886
t1264,3230.789235416197,3230.789235416197
t1265,3357.147548209738,3357.147548209738
t1266,2278.1585084461276,2278.1585084461276
t1267,2546.3264965333706,2546.3264965333706
t1268,2295.2279523527645,2295.2279523527645
t1269,2465.604084241223,2465.604084241223
t1270,3656.8393063809544,3656.8393063809544
t1271,3548.5328002969777,3548.5328002969777
t1272,3329.0519320863673,3329.0519320863673
t1273,3232.9318031163157,3232.9318031163157
t1274,3075.6743221058905,3075.6743221058905
t1275,2866.428320314424,2866.428320314424
t1276,2645.282324606302,2645.282324606302
t1277,2259.944814486128,2259.944814486128
t1278,2610.208204880313,2610.208204880313
t1279,3163.834322613437,3163.834322613437
t1280,3470.0889165310136,3470.0889165310136
t1281,2814.988672092401,2814.988672092401
t1282,2770.50503283879,2770.50503283879
t1283,2656.0878796078055,2656.0878796078055
t1284,2694.420803274628,2694.420803274628
t1285,2474.643190595685,2474.643190595685
t1286,3532.817083038387,3532.817083038387
t1287,2649.085223248817,2649.085223248817
t1288,3331.4150039219285,3331.4150039219285
t1289,4474.806308304542,4474.806308304542
t1290,4520.489021290105,4520.489021290105
t1291,4509.283657146704,4509.283657146704
t1292,4514.5557725001045,4514.5557725001045
t1293,2849.226285544565,2849.226285544565
t1294,2654.143196665096,2654.143196665096
t1295,4531.703809171769,4531.703809171769
t1296,3704.99386389795,3704.99386389795
t1297,3559.6242438350555,3559.6242438350555
t1298,3557.450868024535,3557.450868024535
t1299,3348.2641035577944,3348.2641035577944
t1300,2803.993202720714,2803.993202720714
t1301,2570.294494493403,2570.294494493403
t1302,2740.504055913668,2740.504055913668
t1303,3026.688988343386,3026.688988343386
t1304,3535.30557364324,3535.30557364324
t1305,2392.833039957811,2392.833039957811
t1306,2544.632330093812,2544.632330093812
t1307,2272.7495932701277,2272.7495932701277
t1308,2278.7658296774016,2278.7658296774016
t1309,2360.501906304285,2360.501906304285
t1310,2788.3352271088056,2788.3352271088056
t1311,3060.2368996364694,3060.2368996364694
t1312,3662.1418055889253,3662.1418055889253
t1313,4417.991991866196,4417.991991866196
t1314,4536.101941677504,4536.101941677504
t1315,4522.574134436304,4522.574134436304
t1316,4094.1102827667005,4094.1102827667005
t1317,3470.9709720107667,3470.9709720107667
t1318,3400.0589774057626,3400.0589774057626
t1319,3370.6788326474098,3370.6788326474098
t1320,1979.885704151242,1979.885704151242
t1321,994.6170899377831,994.6170899377831
t1322,600.6195443456326,600.6195443456326
t1323,203.5585825865314,203.5585825865314
t1324,194.9008690339263,194.9008690339263
t1325,194.88904195992632,194.88904195992632
t1326,195.75241836192632,195.75241836192632
t1327,212.7593075473895,212.7593075473895
t1328,230.87948569495788,230.87948569495788
t1329,254.28669359594736,254.28669359594736
t1330,271.8611674365685,271.8611674365685
t1331,278.9336583985473,278.9336583985473
t1332,283.3893024936737,283.3893024936737
t1333,286.13529449618954,286.13529449618954
t1334,283.68362784164214,283.68362784164214
t1335,283.51016408964216,283.51016408964216
t1336,283.59689596564215,283.59689596564215
t1337,294.27592632852634,294.27592632852634
t1338,315.47742044680007,315.47742044680007
t1339,328.1290712823264,328.1290712823264
t1340,314.33342490070527,314.33342490070527
t1341,299.4884758517053,299.4884758517053
t1342,279.1073653528527,279.1073653528527
t1343,255.71261858089477,255.71261858089477
t1344,233.07686168512635,233.07686168512635
t1345,3797.309588468115,3797.309588468115
t1346,3761.401776284856,3761.401776284856
t1347,3776.097303826013,3776.097303826013
t1348,3691.611804814386,3691.611804814386
t1349,3888.59745964357,3888.59745964357
t1350,4251.995933877023,4251.995933877023
t1351,5037.22146549713,5037.22146549713
t1352,5020.896555254931,5020.896555254931
t1353,3907.8364742181047,3907.8364742181047
t1354,1589.639878899277,1589.639878899277
t1355,618.3382974474225,618.3382974474225
t1356,325.9861518233789,325.9861518233789
t1357,323.3520104883685,323.3520104883685
t1358,322.93412054036844,322.93412054036844
t1359,322.3545939143684,322.3545939143684
t1360,361.87895142935923,361.87895142935923
t1361,5348.565749132331,5348.565749132331
t1362,5980.435241206668,5980.435241206668
t1363,5907.590310351971,5907.590310351971
t1364,5912.394715696719,5912.394715696719
t1365,5923.311893470318,5923.311893470318
t1366,5941.3150655131185,5941.3150655131185
t1367,5964.963299976119,5964.963299976119
t1368,4731.612762218248,4731.612762218248
t1369,4427.0086925692585,4427.0086925692585
t1370,5556.558082868276,5556.558082868276
t1371,4191.029156290593,4191.029156290593
t1372,4187.325672756081,4187.325672756081
t1373,4315.890528939246,4315.890528939246
t1374,4724.5218272,4724.5218272
t1375,5466.370924207221,5466.370924207221
t1376,5863.876198776763,5863.876198776763
t1377,5439.3037486018075,5439.3037486018075
t1378,4776.9576566837595,4776.9576566837595
t1379,4541.352168465606,4541.352168465606
t1380,4183.89632439115,4183.89632439115
t1381,4437.499976448773,4437.499976448773
t1382,4640.4517149836665,4640.4517149836665
t1383,4558.439305600341,4558.439305600341
t1384,5224.551175634696,5224.551175634696
t1385,6124.560201946919,6124.560201946919
t1386,6121.788724272918,6121.788724272918
t1387,6122.313057886919,6122.313057886919
t1388,6124.114715492919,6124.114715492919
t1389,6066.468552536815,6066.468552536815
t1390,5939.179095948719,5939.179095948719
t1391,5963.607128824119,5963.607128824119
t1392,4703.213344181744,4703.213344181744
t1393,4350.189319406293,4350.189319406293
t1394,4126.527072035966,4126.527072035966
t1395,4075.2581413873986,4075.2581413873986
t1396,3999.499744365644,3999.499744365644
t1397,4166.53542884681,4166.53542884681
t1398,4573.264313247297,4573.264313247297
t1399,5329.123864538904,5329.123864538904
t1400,5780.722075041954,5780.722075041954
t1401,4812.75144003136,4812.75144003136
t1402,3849.701505409758,3849.701505409758
t1403,3653.3033429078764,3653.3033429078764
t1404,4361.7278503328225,4361.7278503328225
t1405,2955.121776485094,2955.121776485094
t1406,2954.948312733094,2954.948312733094
t1407,2954.798503129094,2954.798503129094
t1408,4288.557317210948,4288.557317210948
t1409,5917.0226497529175,5917.0226497529175
t1410,6122.667870106918,6122.667870106918
t1411,5902.799804796317,5902.799804796317
t1412,6124.516836008918,6124.516836008918
t1413,5949.43196944154,5949.43196944154
t1414,5807.051765511068,5807.051765511068
t1415,5310.954862445091,5310.954862445091
t1416,4617.629160836826,4617.629160836826
t1417,4070.6726505295323,4070.6726505295323
t1418,3871.8997004461353,3871.8997004461353
t1419,3182.859237526735,3182.859237526735
t1420,2813.1984967810254,2813.1984967810254
t1421,3419.3641071680167,3419.3641071680167
t1422,4282.928728771787,4282.928728771787
t1423,4509.012434998467,4509.012434998467
t1424,5662.962519849673,5662.962519849673
t1425,4527.490020924468,4527.490020924468
t1426,3241.7387396126737,3241.7387396126737
t1427,1804.1222911325015,1804.1222911325015
t1428,331.5446365048843,331.5446365048843
t1429,326.5665558463474,326.5665558463474
t1430,325.6459292921579,325.6459292921579
t1431,325.1373651101579,325.1373651101579
t1432,325.8075659701579,325.8075659701579
t1433,3701.8077560743404,3701.8077560743404
t1434,4539.946389532846,4539.946389532846
t1435,4822.967880591356,4822.967880591356
t1436,4127.3246072751135,4127.3246072751135
t1437,2548.388425733469,2548.388425733469
t1438,3573.453086515003,3573.453086515003
t1439,3265.289851298876,3265.289851298876
t1440,3650.3352048124752,3650.3352048124752
t1441,3336.714918467215,3336.714918467215
t1442,3202.1775673836273,3202.1775673836273
t1443,2920.3922850655204,2920.3922850655204
t1444,3328.527615825644,3328.527615825644
t1445,3519.1491889231997,3519.1491889231997
t1446,3937.614151260159,3937.614151260159
t1447,4721.410253581198,4721.410253581198
t1448,4854.973519778557,4854.973519778557
t1449,4544.421352527459,4544.421352527459
t1450,2450.416397020076,2450.416397020076
t1451,2450.207452046076,2450.207452046076
t1452,2449.742253802076,2449.742253802076
t1453,2485.1605889094703,2485.1605889094703
t1454,3001.81055923826,3001.81055923826
t1455,3391.750693351113,3391.750693351113
t1456,4917.085829888335,4917.085829888335
t1457,5915.208770837118,5915.208770837118
t1458,5904.834061524318,5904.834061524318
t1459,5909.292474186518,5909.292474186518
t1460,5916.463229152719,5916.463229152719
t1461,5925.5156715923185,5925.5156715923185
t1462,5939.280808785119,5939.280808785119
t1463,5958.657104119318,5958.657104119318
t1464,4857.33508565247,4857.33508565247
t1465,5760.488009250355,5760.488009250355
t1466,4169.210081057435,4169.210081057435
t1467,4075.265333090938,4075.265333090938
t1468,4079.518837495514,4079.518837495514
t1469,4111.941164358437,4111.941164358437
t1470,4263.476230998749,4263.476230998749
t1471,4469.4005655094925,4469.4005655094925
t1472,4905.1629451118915,4905.1629451118915
t1473,4329.017379412205,4329.017379412205
t1474,3711.1114139777687,3711.1114139777687
t1475,4021.5313730057414,4021.5313730057414
t1476,3514.379943904602,3514.379943904602
t1477,3500.2096390944303,3500.2096390944303
t1478,3518.3172622485827,3518.3172622485827
t1479,3613.3374744943853,3613.3374744943853
t1480,4388.212088083437,4388.212088083437
t1481,5922.1252437123185,5922.1252437123185
t1482,5914.852775909719,5914.852775909719
t1483,5919.362044990119,5919.362044990119
t1484,5928.177157478119,5928.177157478119
t1485,5937.1787434995185,5937.1787434995185
t1486,5949.587709540319,5949.587709540319
t1487,5352.855668895908,5352.855668895908
t1488,5267.398425086362,5267.398425086362
t1489,4396.187964119815,4396.187964119815
t1490,4186.148816058121,4186.148816058121
t1491,4058.397100279812,4058.397100279812
t1492,3461.5867505992733,3461.5867505992733
t1493,4002.71617127399,4002.71617127399
t1494,4094.3812993939755,4094.3812993939755
t1495,4306.034616299163,4306.034616299163
t1496,4556.670987122042,4556.670987122042
t1497,4331.531421071655,4331.531421071655
t1498,3758.7078089253696,3758.7078089253696
t1499,3477.202842032679,3477.202842032679
t1500,3700.043302766305,3700.043302766305
t1501,3591.6484531219553,3591.6484531219553
t1502,3158.1360477697763,3158.1360477697763
t1503,3213.663130546394,3213.663130546394
t1504,3849.3811420829943,3849.3811420829943
t1505,5323.935319079509,5323.935319079509
t1506,5310.1193254685095,5310.1193254685095
t1507,5207.4367787477295,5207.4367787477295
t1508,4127.958620697677,4127.958620697677
t1509,3227.1350180713293,3227.1350180713293
t1510,2518.291895905628,2518.291895905628
t1511,2513.198369369628,2513.198369369628
t1512,2508.5030209916276,2508.5030209916276
t1513,351.8297622957991,351.8297622957991
t1514,349.62598417379917,349.62598417379917
t1515,590.8905320595852,590.8905320595852
t1516,567.2218784262813,567.2218784262813
t1517,392.0003988254285,392.0003988254285
t1518,396.03737341742846,396.03737341742846
t1519,1515.3304914441183,1515.3304914441183
t1520,1350.2327689371004,1350.2327689371004
t1521,1864.611872457704,1864.611872457704
t1522,1056.7686688088022,1056.7686688088022
t1523,3010.216141036488,3010.216141036488
t1524,2260.823542847999,2260.823542847999
t1525,3295.0342097688367,3295.0342097688367
t1526,3276.8754380575633,3276.8754380575633
t1527,3256.1357404290693,3256.1357404290693
t1528,3381.223266728533,3381.223266728533
t1529,3361.270598654733,3361.270598654733
t1530,3349.8618088385324,3349.8618088385324
t1531,3352.8114810941324,3352.8114810941324
t1532,3360.2365181513323,3360.2365181513323
t1533,3371.5774994099324,3371.5774994099324
t1534,1897.434155591956,1897.434155591956
t1535,398.2913349433796,398.2913349433796
t1536,530.1708000896298,530.1708000896298
t1537,249.06029554841058,249.06029554841058
t1538,238.0326191120106,238.0326191120106
t1539,235.83512208520003,235.83512208520003
t1540,235.6261771112,235.6261771112
t1541,236.67090198120002,236.67090198120002
t1542,269.4346575493264,269.4346575493264
t1543,319.95858602292634,319.95858602292634
t1544,817.2747416419006,817.2747416419006
t1545,853.6218458966619,853.6218458966619
t1546,575.9667114556481,575.9667114556481
t1547,2096.076347666296,2096.076347666296
t1548,1603.8363349664153,1603.8363349664153
t1549,1628.4599574224046,1628.4599574224046
t1550,2345.6504841997885,2345.6504841997885
t1551,3376.8010007977027,3376.8010007977027
t1552,4030.900139038736,4030.900139038736
t1553,5547.877619264707,5547.877619264707
t1554,5533.553061471707,5533.553061471707
t1555,5535.400844666307,5535.400844666307
t1556,5541.876561917107,5541.876561917107
t1557,4277.784697468633,4277.784697468633
t1558,3480.000402192506,3480.000402192506
t1559,1249.0445692159365,1249.0445692159365
t1560,263.0569617946106,263.0569617946106
t1561,240.30958874057902,240.30958874057902
t1562,228.99171029269468,228.99171029269468
t1563,228.1598727546947,228.1598727546947
t1564,228.15198803869475,228.15198803869475
t1565,233.23520875483163,233.23520875483163
t1566,266.2470342528842,266.2470342528842
t1567,318.6213938265264,318.6213938265264
t1568,335.31141958325253,335.31141958325253
t1569,328.6928061951158,328.6928061951158
t1570,327.84597600755797,327.84597600755797
t1571,327.80136862912633,327.80136862912633
t1572,326.0754447499896,326.0754447499896
t1573,325.5511111359895,325.5511111359895
t1574,325.6141888639895,325.6141888639895
t1575,393.57348568317894,393.57348568317894
t1576,369.52413966202107,369.52413966202107
t1577,374.51516489002114,374.51516489002114
t1578,378.512715902021,378.512715902021
t1579,674.8429935717251,674.8429935717251
t1580,2073.4759311499442,2073.4759311499442
t1581,714.9012518835292,714.9012518835292
t1582,711.041683401529,711.041683401529
t1583,705.3331490175289,705.3331490175289
t1584,699.5773063375289,699.5773063375289
t1585,564.2821704400127,564.2821704400127
t1586,562.1887783420127,562.1887783420127
t1587,561.3056901500128,561.3056901500128
t1588,561.3096325080128,561.3096325080128
t1589,1324.061976431897,1324.061976431897
t1590,2149.4734995466515,2149.4734995466515
t1591,4087.5950733572017,4087.5950733572017
t1592,3953.72429325431,3953.72429325431
t1593,4452.561956404682,4452.561956404682
t1594,3757.3847603669124,3757.3847603669124
t1595,2983.8731390951866,2983.8731390951866
t1596,2721.533790624637,2721.533790624637
t1597,2700.0708387924333,2700.0708387924333
t1598,3129.15224022872,3129.15224022872
t1599,3679.392851450289,3679.392851450289
t1600,3411.001858178444,3411.001858178444
t1601,4434.507927943682,4434.507927943682
t1602,4419.623949550482,4419.623949550482
t1603,4405.812492021569,4405.812492021569
t1604,2116.567477618052,2116.567477618052
t1605,3499.9230167458963,3499.9230167458963
t1606,4128.413827619017,4128.413827619017
t1607,2623.9419642166035,2623.9419642166035
t1608,1080.8681424943854,1080.8681424943854
t1609,643.4879950413509,643.4879950413509
t1610,237.63080094226316,237.63080094226316
t1611,236.20530060886318,236.20530060886318
t1612,236.1934735348632,236.1934735348632
t1613,237.2066595408632,237.2066595408632
t1614,268.22696225245267,268.22696225245267
t1615,315.9887832765052,315.9887832765052
t1616,339.5078744549579,339.5078744549579
t1617,340.0324606864211,340.0324606864211
t1618,342.42619249136845,342.42619249136845
t1619,342.83767733936844,342.83767733936844
t1620,340.6525150191579,340.6525150191579
t1621,334.42433338807376,334.42433338807376
t1622,329.64716181441054,329.64716181441054
t1623,328.49599327841054,328.49599327841054
t1624,328.2003164284106,328.2003164284106
t1625,351.8186188956527,351.8186188956527
t1626,369.7921620150316,369.7921620150316
t1627,360.72034440924216,360.72034440924216
t1628,358.96205274124213,358.96205274124213
t1629,521.8690827422334,521.8690827422334
t1630,2093.295057449339,2093.295057449339
t1631,1925.8427837535853,1925.8427837535853
t1632,1090.8903189542764,1090.8903189542764
t1633,1229.5340564624623,1229.5340564624623
t1634,1299.8150293199678,1299.8150293199678
t1635,1661.3361983449333,1661.3361983449333
t1636,1010.1264278244793,1010.1264278244793
t1637,1010.5048941924792,1010.5048941924792
t1638,1011.8965465664793,1011.8965465664793
t1639,2402.0899834990637,2402.0899834990637
t1640,2420.2303207750224,2420.2303207750224
t1641,1824.435122929434,1824.435122929434
t1642,312.0976840371158,312.0976840371158
t1643,312.94923336511584,312.94923336511584
t1644,313.15029362311583,313.15029362311583
t1645,311.00726338446316,311.00726338446316
t1646,310.5775463624632,310.5775463624632
t1647,310.5065839184632,310.5065839184632
t1648,314.59285510828425,314.59285510828425
t1649,353.93465537793685,353.93465537793685
t1650,373.09203330263165,373.09203330263165
t1651,361.68099923593695,361.68099923593695
t1652,354.04645401073685,354.04645401073685
t1653,344.87160580150527,344.87160580150527
t1654,331.4776668099264,331.4776668099264
t1655,309.51160686373686,309.51160686373686
t1656,283.43807229346316,283.43807229346316
t1657,261.9631234436316,261.9631234436316
t1658,248.27898244056846,248.27898244056846
t1659,241.02393215346308,241.02393215346308
t1660,240.42469373746317,240.42469373746317
t1661,240.53113740346316,240.53113740346316
t1662,246.45166274456847,246.45166274456847
t1663,264.0826188195474,264.0826188195474
t1664,278.80997843490536,278.80997843490536
t1665,299.44446769621055,299.44446769621055
t1666,308.5764347363684,308.5764347363684
t1667,308.83448402353685,308.83448402353685
t1668,310.814333853358,310.814333853358
t1669,311.0036481513369,311.0036481513369
t1670,310.17183622575794,310.17183622575794
t1671,309.7460615617579,309.7460615617579
t1672,311.286537950258,311.286537950258
t1673,1864.9836986128028,1864.9836986128028
t1674,1817.1834230034042,1817.1834230034042
t1675,1253.1636239078418,1253.1636239078418
t1676,1665.7888079349873,1665.7888079349873
t1677,783.0620596560849,783.0620596560849
t1678,948.621946169618,948.621946169618
t1679,360.84987739979914,360.84987739979914
t1680,355.99289234379916,355.99289234379916
t1681,282.52750023426313,282.52750023426313
t1682,280.28429853226316,280.28429853226316
t1683,279.1252452802632,279.1252452802632
t1684,278.9123579482632,278.9123579482632
t1685,279.8309273622632,279.8309273622632
t1686,282.3027858282631,282.3027858282631
t1687,736.414357710884,736.414357710884
t1688,2270.4582254143997,2270.4582254143997
t1689,832.350262631597,832.350262631597
t1690,834.037591855597,834.037591855597
t1691,834.609233765597,834.609233765597
t1692,834.3372110635969,834.3372110635969
t1693,833.414699291597,833.414699291597
t1694,832.6774783455969,832.6774783455969
t1695,1427.8187445228352,1427.8187445228352
t1696,4713.846531366466,4713.846531366466
t1697,5142.528958624279,5142.528958624279
t1698,5166.353468427038,5166.353468427038
t1699,5176.914651273239,5176.914651273239
t1700,5187.441929840638,5187.441929840638
t1701,5194.205833461238,5194.205833461238
t1702,5200.596790015038,5200.596790015038
t1703,5200.988884503555,5200.988884503555
t1704,4725.215097757577,4725.215097757577
t1705,4227.789882876543,4227.789882876543
t1706,3779.030850348999,3779.030850348999
t1707,3441.4733781941836,3441.4733781941836
t1708,3463.930713002544,3463.930713002544
t1709,3317.326920143546,3317.326920143546
t1710,3031.784038483831,3031.784038483831
t1711,4060.815061237987,4060.815061237987
t1712,4545.228055982901,4545.228055982901
t1713,4655.266932282431,4655.266932282431
t1714,3503.4244111912376,3503.4244111912376
t1715,2984.583977212367,2984.583977212367
t1716,2193.7172579287217,2193.7172579287217
t1717,1943.8383342073528,1943.8383342073528
t1718,1777.6673232506798,1777.6673232506798
t1719,1065.5861815845885,1065.5861815845885
t1720,719.6472882554174,719.6472882554174
t1721,1193.5920935695376,1193.5920935695376
t1722,635.8020008688454,635.8020008688454
t1723,635.7546925728458,635.7546925728458
t1724,993.7236213425763,993.7236213425763
t1725,996.0460644403762,996.0460644403762
t1726,797.5641342198239,797.5641342198239
t1727,288.1705974038211,288.1705974038211
t1728,266.5840323957263,266.5840323957263
t1729,250.57827530078953,250.57827530078953
t1730,241.9168614195684,241.9168614195684
t1731,241.23089112756844,241.23089112756844
t1732,241.4358937435684,241.4358937435684
t1733,248.06828942282107,248.06828942282107
t1734,272.275993923579,272.275993923579
t1735,306.4929547769684,306.4929547769684
t1736,1531.8830512865072,1531.8830512865072
t1737,1060.8112483120344,1060.8112483120344
t1738,2511.0640293242627,2511.0640293242627
t1739,3359.8313219941047,3359.8313219941047
t1740,3374.249574778633,3374.249574778633
t1741,3626.4333601572607,3626.4333601572607
t1742,4194.9632068500605,4194.9632068500605
t1743,4195.67519670486,4195.67519670486
t1744,4191.77620464286,4191.77620464286
t1745,4172.569430702661,4172.569430702661
t1746,4161.02502377126,4161.02502377126
t1747,2865.082461558704,2865.082461558704
t1748,4171.874392987261,4171.874392987261
t1749,2976.004808220298,2976.004808220298
t1750,338.0183736841474,338.0183736841474
t1751,309.623223022,309.623223022
t1752,281.027163274979,281.027163274979
t1753,260.26655783803164,260.26655783803164
t1754,248.8370632318843,248.8370632318843
t1755,244.8618947351158,244.8618947351158
t1756,244.2114056651158,244.2114056651158
t1757,245.28766939911577,245.28766939911577
t1758,268.77493995698956,268.77493995698956
t1759,297.4771180802948,297.4771180802948
t1760,320.07070380963165,320.07070380963165
t1761,331.0721226273473,331.0721226273473
t1762,343.99974905109474,343.99974905109474
t1763,350.3024044375053,350.3024044375053
t1764,351.868997650179,351.868997650179
t1765,348.73352487741056,348.73352487741056
t1766,346.54584817545265,346.54584817545265
t1767,345.95843683345265,345.95843683345265
t1768,346.38421149745267,346.38421149745267
t1769,376.71087212723154,376.71087212723154
t1770,393.7930558503685,393.7930558503685
t1771,380.16463504431584,380.16463504431584
t1772,368.9583727546947,368.9583727546947
t1773,354.403625717179,354.403625717179
t1774,332.6607980875158,332.6607980875158
t1775,304.28797065702105,304.28797065702105
t1776,277.23221389403164,277.23221389403164
t1777,257.96726497781054,257.96726497781054
t1778,247.92181073412632,247.92181073412632
t1779,247.0544919741263,247.0544919741263
t1780,246.96381774012633,246.96381774012633
t1781,248.77708949393684,248.77708949393684
t1782,274.0289962037473,274.0289962037473
t1783,306.68105096894743,306.68105096894743
t1784,324.1760549007053,324.1760549007053
t1785,335.12327783148413,335.12327783148413
t1786,340.21823792102106,340.21823792102106
t1787,340.2163879821264,340.2163879821264
t1788,336.8798888698631,336.8798888698631
t1789,331.9911011379368,331.9911011379368
t1790,327.86130328219997,327.86130328219997
t1791,327.2462954342,327.2462954342
t1792,327.4079321122,327.4079321122
t1793,438.9673734972739,438.9673734972739
t1794,404.1421872104446,404.1421872104446
t1795,403.4877557824431,403.4877557824431
t1796,768.582371464231,768.582371464231
t1797,1796.3323127125414,1796.3323127125414
t1798,1468.7493031010508,1468.7493031010508
t1799,597.3112989514321,597.3112989514321
t1800,592.7145095234322,592.7145095234322
t1801,589.3319663594322,589.3319663594322
t1802,511.42232880225237,511.42232880225237
t1803,510.4288545862523,510.4288545862523
t1804,509.93605983625235,509.93605983625235
t1805,510.19231310625236,510.19231310625236
t1806,511.63127377625227,511.63127377625227
t1807,1050.9158121336015,1050.9158121336015
t1808,3964.0189646874906,3964.0189646874906
t1809,3417.236566993786,3417.236566993786
t1810,3405.3361651349855,3405.3361651349855
t1811,3399.2842513691853,3399.2842513691853
t1812,3398.250170865785,3398.250170865785
t1813,3398.1823623081855,3398.1823623081855
t1814,3398.7756871871857,3398.7756871871857
t1815,3398.4705486779853,3398.4705486779853
t1816,3287.156762817626,3287.156762817626
t1817,3375.144404863585,3375.144404863585
t1818,2216.751296992143,2216.751296992143
t1819,2232.916682485656,2232.916682485656
t1820,2791.565716562984,2791.565716562984
t1821,1940.7995610136313,1940.7995610136313
t1822,1337.4894537287764,1337.4894537287764
t1823,303.3950413909158,303.3950413909158
t1824,278.906456267979,278.906456267979
t1825,259.61918412010533,259.61918412010533
t1826,247.20746732124212,247.20746732124212
t1827,241.29181093329478,241.29181093329478
t1828,240.83449740529474,240.83449740529474
t1829,241.09863539129475,241.09863539129475
t1830,249.77880785756844,249.77880785756844
t1831,263.95940787438946,263.95940787438946
t1832,275.8611883237474,275.8611883237474
t1833,296.4085863612,296.4085863612
t1834,310.51474523265273,310.51474523265273
t1835,318.3494895400842,318.3494895400842
t1836,323.1129037089685,323.1129037089685
t1837,323.7101267066947,323.7101267066947
t1838,320.1335227723895,320.1335227723895
t1839,319.66438217038956,319.66438217038956
t1840,320.13746513038956,320.13746513038956
t1841,362.7040310994211,362.7040310994211
t1842,387.4454804065369,387.4454804065369
t1843,373.80251402331584,373.80251402331584
t1844,364.60534258243155,364.60534258243155
t1845,354.3143327905684,354.3143327905684
t1846,336.5450403950738,336.5450403950738
t1847,313.1502936231159,313.1502936231159
t1848,288.52776911026314,288.52776911026314
