Resource,natural_gas_combined_cycle,solar_pv,onshore_wind,battery,unmet,Total
Zone,1,1,1,1,0,0
AnnualSum,6.483232167849667e6,0.0,0.0,0.0,0.0,6.483232167849667e6
t1,368.34600000000006,0.0,0.0,0.0,0.0,0.36834600000000006
t2,348.348,0.0,0.0,0.0,0.0,0.348348
t3,333.46500000000003,0.0,0.0,0.0,0.0,0.333465
t4,325.97400000000005,0.0,0.0,0.0,0.0,0.32597400000000004
t5,324.819,0.0,0.0,0.0,0.0,0.324819
t6,330.561,0.0,0.0,0.0,0.0,0.330561
t7,342.87,0.0,0.0,0.0,0.0,0.34287
t8,353.991,0.0,0.0,0.0,0.0,0.353991
t9,372.834,0.0,0.0,0.0,0.0,0.372834
t10,391.347,0.0,0.0,0.0,0.0,0.391347
t11,402.468,0.0,0.0,0.0,0.0,0.402468
t12,406.593,0.0,0.0,0.0,0.0,0.40659300000000004
t13,408.57300000000004,0.0,0.0,0.0,0.0,0.408573
t14,404.90999999999997,0.0,0.0,0.0,0.0,0.40491
t15,400.917,0.0,0.0,0.0,0.0,0.40091699999999997
t16,403.227,0.0,0.0,0.0,0.0,0.403227
t17,442.53000000000003,0.0,0.0,0.0,0.0,0.44253000000000003
t18,479.78700000000003,0.0,0.0,0.0,0.0,0.479787
t19,476.982,0.0,0.0,0.0,0.0,0.476982
t20,462.396,0.0,0.0,0.0,0.0,0.46239600000000003
t21,445.302,0.0,0.0,0.0,0.0,0.44530200000000003
t22,421.476,0.0,0.0,0.0,0.0,0.421476
t23,391.94100000000003,0.0,0.0,0.0,0.0,0.39194100000000004
t24,358.84200000000004,0.0,0.0,0.0,0.0,0.35884200000000005
t25,330.82500000000005,0.0,0.0,0.0,0.0,0.33082500000000004
t26,313.863,0.0,0.0,0.0,0.0,0.313863
t27,305.712,0.0,0.0,0.0,0.0,0.305712
t28,303.86400000000003,0.0,0.0,0.0,0.0,0.303864
t29,310.53000000000003,0.0,0.0,0.0,0.0,0.31053000000000003
t30,327.492,0.0,0.0,0.0,0.0,0.327492
t31,352.968,0.0,0.0,0.0,0.0,0.352968
t32,373.857,0.0,0.0,0.0,0.0,0.37385700000000005
t33,399.46500000000003,0.0,0.0,0.0,0.0,0.399465
t34,425.66700000000003,0.0,0.0,0.0,0.0,0.425667
t35,444.906,0.0,0.0,0.0,0.0,0.444906
t36,452.793,0.0,0.0,0.0,0.0,0.452793
t37,452.067,0.0,0.0,0.0,0.0,0.452067
t38,449.163,0.0,0.0,0.0,0.0,0.44916300000000003
t39,447.744,0.0,0.0,0.0,0.0,0.44774400000000003
t40,454.54200000000003,0.0,0.0,0.0,0.0,0.454542
t41,497.17800000000005,0.0,0.0,0.0,0.0,0.49717800000000006
t42,540.342,0.0,0.0,0.0,0.0,0.540342
t43,535.59,0.0,0.0,0.0,0.0,0.53559
t44,522.654,0.0,0.0,0.0,0.0,0.522654
t45,501.501,0.0,0.0,0.0,0.0,0.501501
t46,468.237,0.0,0.0,0.0,0.0,0.468237
t47,427.02000000000004,0.0,0.0,0.0,0.0,0.42702
t48,389.664,0.0,0.0,0.0,0.0,0.389664
t49,364.88100000000003,0.0,0.0,0.0,0.0,0.364881
t50,352.50600000000003,0.0,0.0,0.0,0.0,0.35250600000000004
t51,346.56600000000003,0.0,0.0,0.0,0.0,0.34656600000000004
t52,347.292,0.0,0.0,0.0,0.0,0.347292
t53,359.733,0.0,0.0,0.0,0.0,0.359733
t54,396.69300000000004,0.0,0.0,0.0,0.0,0.396693
t55,462.09900000000005,0.0,0.0,0.0,0.0,0.46209900000000004
t56,498.72900000000004,0.0,0.0,0.0,0.0,0.49872900000000003
t57,504.93300000000005,0.0,0.0,0.0,0.0,0.5049330000000001
t58,508.398,0.0,0.0,0.0,0.0,0.508398
t59,512.9520000000001,0.0,0.0,0.0,0.0,0.5129520000000001
t60,513.81,0.0,0.0,0.0,0.0,0.51381
t61,511.73100000000005,0.0,0.0,0.0,0.0,0.511731
t62,511.00500000000005,0.0,0.0,0.0,0.0,0.511005
t63,509.058,0.0,0.0,0.0,0.0,0.509058
t64,516.087,0.0,0.0,0.0,0.0,0.516087
t65,2458.167159152852,0.0,0.0,0.0,0.0,2.458167159152852
t66,1115.87700791463,0.0,0.0,0.0,0.0,1.11587700791463
t67,1212.525832962882,0.0,0.0,0.0,0.0,1.212525832962882
t68,1280.120918589752,0.0,0.0,0.0,0.0,1.280120918589752
t69,572.253,0.0,0.0,0.0,0.0,0.572253
t70,538.494,0.0,0.0,0.0,0.0,0.538494
t71,493.416,0.0,0.0,0.0,0.0,0.493416
t72,453.94800000000004,0.0,0.0,0.0,0.0,0.453948
t73,429.3960000000001,0.0,0.0,0.0,0.0,0.42939600000000006
t74,416.49300000000005,0.0,0.0,0.0,0.0,0.41649300000000006
t75,409.926,0.0,0.0,0.0,0.0,0.409926
t76,410.6520000000001,0.0,0.0,0.0,0.0,0.4106520000000001
t77,421.872,0.0,0.0,0.0,0.0,0.421872
t78,456.72,0.0,0.0,0.0,0.0,0.45672
t79,520.113,0.0,0.0,0.0,0.0,0.520113
t80,2205.452962091469,0.0,0.0,0.0,0.0,2.205452962091469
t81,555.3240000000001,0.0,0.0,0.0,0.0,0.555324
t82,2328.043867503503,0.0,0.0,0.0,0.0,2.328043867503503
t83,552.5850000000002,0.0,0.0,0.0,0.0,0.5525850000000001
t84,1903.1176877653877,0.0,0.0,0.0,0.0,1.9031176877653877
t85,2073.448468890721,0.0,0.0,0.0,0.0,2.073448468890721
t86,2175.8391452522474,0.0,0.0,0.0,0.0,2.1758391452522474
t87,2226.2358763355046,0.0,0.0,0.0,0.0,2.2262358763355046
t88,1967.6251451281105,0.0,0.0,0.0,0.0,1.9676251451281104
t89,573.474,0.0,0.0,0.0,0.0,0.573474
t90,603.966,0.0,0.0,0.0,0.0,0.603966
t91,599.2800000000001,0.0,0.0,0.0,0.0,0.59928
t92,669.7907734127782,0.0,0.0,0.0,0.0,0.6697907734127782
t93,562.914,0.0,0.0,0.0,0.0,0.562914
t94,2655.6916102975147,0.0,0.0,0.0,0.0,2.6556916102975148
t95,478.69800000000004,0.0,0.0,0.0,0.0,0.478698
t96,435.0060000000001,0.0,0.0,0.0,0.0,0.43500600000000006
t97,407.088,0.0,0.0,0.0,0.0,0.407088
t98,392.20500000000004,0.0,0.0,0.0,0.0,0.392205
t99,384.648,0.0,0.0,0.0,0.0,0.38464800000000005
t100,383.2950000000001,0.0,0.0,0.0,0.0,0.38329500000000005
t101,393.129,0.0,0.0,0.0,0.0,0.393129
t102,425.37,0.0,0.0,0.0,0.0,0.42537
t103,486.651,0.0,0.0,0.0,0.0,0.486651
t104,522.5550000000001,0.0,0.0,0.0,0.0,0.5225550000000001
t105,526.383,0.0,0.0,0.0,0.0,0.526383
t106,528.6930000000001,0.0,0.0,0.0,0.0,0.5286930000000001
t107,526.317,0.0,0.0,0.0,0.0,0.526317
t108,518.9580000000001,0.0,0.0,0.0,0.0,0.518958
t109,512.523,0.0,0.0,0.0,0.0,0.5125230000000001
t110,510.015,0.0,0.0,0.0,0.0,0.510015
t111,505.98900000000003,0.0,0.0,0.0,0.0,0.505989
t112,509.25600000000003,0.0,0.0,0.0,0.0,0.509256
t113,541.596,0.0,0.0,0.0,0.0,0.541596
t114,577.005,0.0,0.0,0.0,0.0,0.577005
t115,1581.3863595834086,0.0,0.0,0.0,0.0,1.5813863595834086
t116,1653.2598110506883,0.0,0.0,0.0,0.0,1.6532598110506882
t117,540.8700000000001,0.0,0.0,0.0,0.0,0.5408700000000001
t118,506.22,0.0,0.0,0.0,0.0,0.50622
t119,459.591,0.0,0.0,0.0,0.0,0.459591
t120,419.36400000000003,0.0,0.0,0.0,0.0,0.419364
t121,392.997,0.0,0.0,0.0,0.0,0.39299700000000004
t122,378.708,0.0,0.0,0.0,0.0,0.37870800000000004
t123,371.382,0.0,0.0,0.0,0.0,0.371382
t124,369.567,0.0,0.0,0.0,0.0,0.36956700000000003
t125,378.576,0.0,0.0,0.0,0.0,0.378576
t126,410.586,0.0,0.0,0.0,0.0,0.410586
t127,470.745,0.0,0.0,0.0,0.0,0.470745
t128,506.81399999999996,0.0,0.0,0.0,0.0,0.506814
t129,510.972,0.0,0.0,0.0,0.0,0.510972
t130,511.50000000000006,0.0,0.0,0.0,0.0,0.5115000000000001
t131,509.25600000000003,0.0,0.0,0.0,0.0,0.509256
t132,501.699,0.0,0.0,0.0,0.0,0.501699
t133,493.416,0.0,0.0,0.0,0.0,0.493416
t134,489.06000000000006,0.0,0.0,0.0,0.0,0.48906000000000005
t135,482.262,0.0,0.0,0.0,0.0,0.482262
t136,484.6050000000001,0.0,0.0,0.0,0.0,0.48460500000000006
t137,2904.3095701107013,0.0,0.0,0.0,0.0,2.9043095701107013
t138,539.9459999999999,0.0,0.0,0.0,0.0,0.5399459999999999
t139,2429.0568792291174,0.0,0.0,0.0,0.0,2.429056879229117
t140,515.955,0.0,0.0,0.0,0.0,0.515955
t141,495.56100000000004,0.0,0.0,0.0,0.0,0.49556100000000003
t142,468.99600000000004,0.0,0.0,0.0,0.0,0.468996
t143,432.828,0.0,0.0,0.0,0.0,0.432828
t144,395.67,0.0,0.0,0.0,0.0,0.39567
t145,366.927,0.0,0.0,0.0,0.0,0.366927
t146,350.98799999999994,0.0,0.0,0.0,0.0,0.35098799999999997
t147,342.30899999999997,0.0,0.0,0.0,0.0,0.342309
t148,338.84400000000005,0.0,0.0,0.0,0.0,0.33884400000000003
t149,342.21000000000004,0.0,0.0,0.0,0.0,0.34221
t150,355.245,0.0,0.0,0.0,0.0,0.35524500000000003
t151,378.774,0.0,0.0,0.0,0.0,0.378774
t152,403.59000000000003,0.0,0.0,0.0,0.0,0.40359000000000006
t153,429.033,0.0,0.0,0.0,0.0,0.429033
t154,444.378,0.0,0.0,0.0,0.0,0.444378
t155,448.701,0.0,0.0,0.0,0.0,0.448701
t156,445.104,0.0,0.0,0.0,0.0,0.445104
t157,436.92,0.0,0.0,0.0,0.0,0.43692000000000003
t158,427.68000000000006,0.0,0.0,0.0,0.0,0.42768000000000006
t159,421.212,0.0,0.0,0.0,0.0,0.421212
t160,425.66700000000003,0.0,0.0,0.0,0.0,0.425667
t161,456.852,0.0,0.0,0.0,0.0,0.456852
t162,488.103,0.0,0.0,0.0,0.0,0.488103
t163,482.39400000000006,0.0,0.0,0.0,0.0,0.48239400000000004
t164,466.917,0.0,0.0,0.0,0.0,0.46691699999999997
t165,452.232,0.0,0.0,0.0,0.0,0.452232
t166,431.07900000000006,0.0,0.0,0.0,0.0,0.43107900000000005
t167,403.39200000000005,0.0,0.0,0.0,0.0,0.40339200000000003
t168,372.966,0.0,0.0,0.0,0.0,0.372966
t169,376.92600000000004,0.0,0.0,0.0,0.0,0.37692600000000004
t170,365.673,0.0,0.0,0.0,0.0,0.365673
t171,361.845,0.0,0.0,0.0,0.0,0.361845
t172,362.142,0.0,0.0,0.0,0.0,0.362142
t173,367.026,0.0,0.0,0.0,0.0,0.367026
t174,378.312,0.0,0.0,0.0,0.0,0.37831200000000004
t175,396.561,0.0,0.0,0.0,0.0,0.396561
t176,416.7900000000001,0.0,0.0,0.0,0.0,0.41679000000000005
t177,445.2360000000001,0.0,0.0,0.0,0.0,0.4452360000000001
t178,465.76200000000006,0.0,0.0,0.0,0.0,0.46576200000000006
t179,475.89300000000003,0.0,0.0,0.0,0.0,0.475893
t180,478.10400000000004,0.0,0.0,0.0,0.0,0.47810400000000003
t181,476.091,0.0,0.0,0.0,0.0,0.476091
t182,470.90999999999997,0.0,0.0,0.0,0.0,0.47091
t183,465.76200000000006,0.0,0.0,0.0,0.0,0.46576200000000006
t184,468.336,0.0,0.0,0.0,0.0,0.46833600000000003
t185,488.16900000000004,0.0,0.0,0.0,0.0,0.488169
t186,533.478,0.0,0.0,0.0,0.0,0.533478
t187,3308.0618282758146,0.0,0.0,0.0,0.0,3.3080618282758145
t188,542.256,0.0,0.0,0.0,0.0,0.542256
t189,523.281,0.0,0.0,0.0,0.0,0.523281
t190,491.931,0.0,0.0,0.0,0.0,0.491931
t191,456.15900000000005,0.0,0.0,0.0,0.0,0.45615900000000004
t192,422.16900000000004,0.0,0.0,0.0,0.0,0.422169
t193,399.10200000000003,0.0,0.0,0.0,0.0,0.399102
t194,387.783,0.0,0.0,0.0,0.0,0.387783
t195,383.2950000000001,0.0,0.0,0.0,0.0,0.38329500000000005
t196,384.25200000000007,0.0,0.0,0.0,0.0,0.38425200000000004
t197,395.47200000000004,0.0,0.0,0.0,0.0,0.39547200000000005
t198,429.19800000000004,0.0,0.0,0.0,0.0,0.429198
t199,490.77600000000007,0.0,0.0,0.0,0.0,0.49077600000000005
t200,520.839,0.0,0.0,0.0,0.0,0.520839
t201,523.116,0.0,0.0,0.0,0.0,0.523116
t202,519.9480000000001,0.0,0.0,0.0,0.0,0.5199480000000001
t203,516.879,0.0,0.0,0.0,0.0,0.516879
t204,512.2919999999999,0.0,0.0,0.0,0.0,0.512292
t205,502.557,0.0,0.0,0.0,0.0,0.502557
t206,495.033,0.0,0.0,0.0,0.0,0.495033
t207,486.057,0.0,0.0,0.0,0.0,0.486057
t208,482.856,0.0,0.0,0.0,0.0,0.482856
t209,494.373,0.0,0.0,0.0,0.0,0.494373
t210,535.0619999999999,0.0,0.0,0.0,0.0,0.5350619999999999
t211,3169.361794848749,0.0,0.0,0.0,0.0,3.169361794848749
t212,541.662,0.0,0.0,0.0,0.0,0.5416620000000001
t213,3751.669082562344,0.0,0.0,0.0,0.0,3.751669082562344
t214,488.99399999999997,0.0,0.0,0.0,0.0,0.488994
t215,445.03800000000007,0.0,0.0,0.0,0.0,0.44503800000000004
t216,405.108,0.0,0.0,0.0,0.0,0.405108
t217,379.59900000000005,0.0,0.0,0.0,0.0,0.379599
t218,366.531,0.0,0.0,0.0,0.0,0.366531
t219,361.74600000000004,0.0,0.0,0.0,0.0,0.361746
t220,361.61400000000003,0.0,0.0,0.0,0.0,0.36161400000000005
t221,372.735,0.0,0.0,0.0,0.0,0.37273500000000004
t222,407.28600000000006,0.0,0.0,0.0,0.0,0.40728600000000004
t223,470.349,0.0,0.0,0.0,0.0,0.470349
t224,500.181,0.0,0.0,0.0,0.0,0.500181
t225,502.12800000000004,0.0,0.0,0.0,0.0,0.502128
t226,500.544,0.0,0.0,0.0,0.0,0.500544
t227,499.653,0.0,0.0,0.0,0.0,0.499653
t228,495.33,0.0,0.0,0.0,0.0,0.49533
t229,4018.3651587604354,0.0,0.0,0.0,0.0,4.018365158760435
t230,485.232,0.0,0.0,0.0,0.0,0.48523200000000005
t231,479.78700000000003,0.0,0.0,0.0,0.0,0.479787
t232,477.147,0.0,0.0,0.0,0.0,0.477147
t233,487.17900000000003,0.0,0.0,0.0,0.0,0.48717900000000003
t234,3071.265590211633,0.0,0.0,0.0,0.0,3.071265590211633
t235,2820.689541346949,0.0,0.0,0.0,0.0,2.8206895413469493
t236,525.393,0.0,0.0,0.0,0.0,0.525393
t237,504.966,0.0,0.0,0.0,0.0,0.504966
t238,471.86699999999996,0.0,0.0,0.0,0.0,0.471867
t239,428.604,0.0,0.0,0.0,0.0,0.428604
t240,390.291,0.0,0.0,0.0,0.0,0.390291
t241,364.254,0.0,0.0,0.0,0.0,0.364254
t242,350.32800000000003,0.0,0.0,0.0,0.0,0.35032800000000003
t243,343.563,0.0,0.0,0.0,0.0,0.343563
t244,342.87,0.0,0.0,0.0,0.0,0.34287
t245,352.374,0.0,0.0,0.0,0.0,0.352374
t246,387.22200000000004,0.0,0.0,0.0,0.0,0.387222
t247,449.55899999999997,0.0,0.0,0.0,0.0,0.449559
t248,482.889,0.0,0.0,0.0,0.0,0.482889
t249,489.4560000000001,0.0,0.0,0.0,0.0,0.48945600000000006
t250,491.07300000000004,0.0,0.0,0.0,0.0,0.49107300000000004
t251,492.45900000000006,0.0,0.0,0.0,0.0,0.49245900000000004
t252,3964.190999943476,0.0,0.0,0.0,0.0,3.964190999943476
t253,484.473,0.0,0.0,0.0,0.0,0.484473
t254,481.70099999999996,0.0,0.0,0.0,0.0,0.481701
t255,476.223,0.0,0.0,0.0,0.0,0.476223
t256,474.37500000000006,0.0,0.0,0.0,0.0,0.47437500000000005
t257,486.12300000000005,0.0,0.0,0.0,0.0,0.486123
t258,2855.807004539564,0.0,0.0,0.0,0.0,2.855807004539564
t259,2633.227345978957,0.0,0.0,0.0,0.0,2.6332273459789572
t260,520.3109999999999,0.0,0.0,0.0,0.0,0.520311
t261,499.05899999999997,0.0,0.0,0.0,0.0,0.499059
t262,465.795,0.0,0.0,0.0,0.0,0.465795
t263,422.004,0.0,0.0,0.0,0.0,0.42200400000000005
t264,382.041,0.0,0.0,0.0,0.0,0.382041
t265,357.819,0.0,0.0,0.0,0.0,0.357819
t266,344.949,0.0,0.0,0.0,0.0,0.344949
t267,340.032,0.0,0.0,0.0,0.0,0.340032
t268,342.37500000000006,0.0,0.0,0.0,0.0,0.34237500000000004
t269,353.43,0.0,0.0,0.0,0.0,0.35343
t270,390.093,0.0,0.0,0.0,0.0,0.390093
t271,452.397,0.0,0.0,0.0,0.0,0.452397
t272,482.72400000000005,0.0,0.0,0.0,0.0,0.48272400000000004
t273,486.585,0.0,0.0,0.0,0.0,0.486585
t274,487.311,0.0,0.0,0.0,0.0,0.487311
t275,486.354,0.0,0.0,0.0,0.0,0.486354
t276,483.78000000000003,0.0,0.0,0.0,0.0,0.48378000000000004
t277,480.81,0.0,0.0,0.0,0.0,0.48081
t278,480.67800000000005,0.0,0.0,0.0,0.0,0.48067800000000005
t279,477.11400000000003,0.0,0.0,0.0,0.0,0.47711400000000004
t280,478.83000000000004,0.0,0.0,0.0,0.0,0.47883000000000003
t281,496.089,0.0,0.0,0.0,0.0,0.496089
t282,3014.056043843743,0.0,0.0,0.0,0.0,3.014056043843743
t283,2658.2265681401154,0.0,0.0,0.0,0.0,2.6582265681401154
t284,2888.0022596533267,0.0,0.0,0.0,0.0,2.8880022596533266
t285,501.105,0.0,0.0,0.0,0.0,0.501105
t286,467.61,0.0,0.0,0.0,0.0,0.46761
t287,423.522,0.0,0.0,0.0,0.0,0.423522
t288,384.153,0.0,0.0,0.0,0.0,0.384153
t289,357.159,0.0,0.0,0.0,0.0,0.357159
t290,341.781,0.0,0.0,0.0,0.0,0.341781
t291,333.63,0.0,0.0,0.0,0.0,0.33363
t292,332.31000000000006,0.0,0.0,0.0,0.0,0.33231000000000005
t293,340.923,0.0,0.0,0.0,0.0,0.340923
t294,372.636,0.0,0.0,0.0,0.0,0.372636
t295,431.244,0.0,0.0,0.0,0.0,0.431244
t296,466.158,0.0,0.0,0.0,0.0,0.466158
t297,476.02500000000003,0.0,0.0,0.0,0.0,0.47602500000000003
t298,478.56600000000003,0.0,0.0,0.0,0.0,0.47856600000000005
t299,479.259,0.0,0.0,0.0,0.0,0.479259
t300,475.59600000000006,0.0,0.0,0.0,0.0,0.4755960000000001
t301,467.511,0.0,0.0,0.0,0.0,0.467511
t302,461.835,0.0,0.0,0.0,0.0,0.461835
t303,454.08000000000004,0.0,0.0,0.0,0.0,0.45408000000000004
t304,449.955,0.0,0.0,0.0,0.0,0.449955
t305,457.809,0.0,0.0,0.0,0.0,0.457809
t306,489.06000000000006,0.0,0.0,0.0,0.0,0.48906000000000005
t307,503.58000000000004,0.0,0.0,0.0,0.0,0.50358
t308,491.07300000000004,0.0,0.0,0.0,0.0,0.49107300000000004
t309,474.474,0.0,0.0,0.0,0.0,0.474474
t310,450.846,0.0,0.0,0.0,0.0,0.450846
t311,417.747,0.0,0.0,0.0,0.0,0.41774700000000003
t312,383.328,0.0,0.0,0.0,0.0,0.383328
t313,357.852,0.0,0.0,0.0,0.0,0.357852
t314,343.43100000000004,0.0,0.0,0.0,0.0,0.34343100000000004
t315,336.666,0.0,0.0,0.0,0.0,0.336666
t316,333.82800000000003,0.0,0.0,0.0,0.0,0.333828
t317,337.293,0.0,0.0,0.0,0.0,0.337293
t318,351.582,0.0,0.0,0.0,0.0,0.351582
t319,374.02200000000005,0.0,0.0,0.0,0.0,0.374022
t320,398.24399999999997,0.0,0.0,0.0,0.0,0.398244
t321,424.84200000000004,0.0,0.0,0.0,0.0,0.42484200000000005
t322,440.055,0.0,0.0,0.0,0.0,0.44005500000000003
t323,444.60900000000004,0.0,0.0,0.0,0.0,0.44460900000000003
t324,440.946,0.0,0.0,0.0,0.0,0.440946
t325,432.3,0.0,0.0,0.0,0.0,0.4323
t326,421.707,0.0,0.0,0.0,0.0,0.421707
t327,415.074,0.0,0.0,0.0,0.0,0.415074
t328,415.503,0.0,0.0,0.0,0.0,0.415503
t329,429.59400000000005,0.0,0.0,0.0,0.0,0.42959400000000003
t330,464.47499999999997,0.0,0.0,0.0,0.0,0.46447499999999997
t331,478.76399999999995,0.0,0.0,0.0,0.0,0.47876399999999997
t332,466.19100000000003,0.0,0.0,0.0,0.0,0.466191
t333,451.63800000000003,0.0,0.0,0.0,0.0,0.45163800000000004
t334,430.78200000000004,0.0,0.0,0.0,0.0,0.43078200000000005
t335,402.666,0.0,0.0,0.0,0.0,0.402666
t336,374.02200000000005,0.0,0.0,0.0,0.0,0.374022
t337,308.71500000000003,0.0,0.0,0.0,0.0,0.308715
t338,298.38599999999997,0.0,0.0,0.0,0.0,0.298386
t339,294.55800000000005,0.0,0.0,0.0,0.0,0.29455800000000004
t340,294.75600000000003,0.0,0.0,0.0,0.0,0.294756
t341,305.514,0.0,0.0,0.0,0.0,0.305514
t342,339.63599999999997,0.0,0.0,0.0,0.0,0.339636
t343,395.37300000000005,0.0,0.0,0.0,0.0,0.39537300000000003
t344,432.86100000000005,0.0,0.0,0.0,0.0,0.43286100000000005
t345,446.16,0.0,0.0,0.0,0.0,0.44616
t346,451.737,0.0,0.0,0.0,0.0,0.451737
t347,456.819,0.0,0.0,0.0,0.0,0.45681900000000003
t348,456.852,0.0,0.0,0.0,0.0,0.456852
t349,453.156,0.0,0.0,0.0,0.0,0.453156
t350,449.757,0.0,0.0,0.0,0.0,0.449757
t351,442.464,0.0,0.0,0.0,0.0,0.442464
t352,437.4150000000001,0.0,0.0,0.0,0.0,0.43741500000000005
t353,437.481,0.0,0.0,0.0,0.0,0.437481
t354,442.59600000000006,0.0,0.0,0.0,0.0,0.44259600000000004
t355,446.952,0.0,0.0,0.0,0.0,0.446952
t356,465.82800000000003,0.0,0.0,0.0,0.0,0.465828
t357,466.62000000000006,0.0,0.0,0.0,0.0,0.46662000000000003
t358,434.28,0.0,0.0,0.0,0.0,0.43428
t359,390.02700000000004,0.0,0.0,0.0,0.0,0.39002700000000007
t360,348.90900000000005,0.0,0.0,0.0,0.0,0.348909
t361,324.192,0.0,0.0,0.0,0.0,0.32419200000000004
t362,311.751,0.0,0.0,0.0,0.0,0.311751
t363,306.07500000000005,0.0,0.0,0.0,0.0,0.30607500000000004
t364,305.61299999999994,0.0,0.0,0.0,0.0,0.30561299999999997
t365,316.14000000000004,0.0,0.0,0.0,0.0,0.31614000000000003
t366,348.97499999999997,0.0,0.0,0.0,0.0,0.348975
t367,403.16100000000006,0.0,0.0,0.0,0.0,0.40316100000000005
t368,437.11800000000005,0.0,0.0,0.0,0.0,0.43711800000000006
t369,443.91600000000005,0.0,0.0,0.0,0.0,0.44391600000000003
t370,446.754,0.0,0.0,0.0,0.0,0.44675400000000004
t371,449.6910000000001,0.0,0.0,0.0,0.0,0.44969100000000006
t372,448.602,0.0,0.0,0.0,0.0,0.448602
t373,445.92900000000003,0.0,0.0,0.0,0.0,0.445929
t374,444.807,0.0,0.0,0.0,0.0,0.444807
t375,438.80100000000004,0.0,0.0,0.0,0.0,0.43880100000000005
t376,433.653,0.0,0.0,0.0,0.0,0.433653
t377,434.379,0.0,0.0,0.0,0.0,0.434379
t378,437.84400000000005,0.0,0.0,0.0,0.0,0.43784400000000007
t379,440.84700000000004,0.0,0.0,0.0,0.0,0.44084700000000004
t380,460.38300000000004,0.0,0.0,0.0,0.0,0.46038300000000004
t381,462.132,0.0,0.0,0.0,0.0,0.462132
t382,430.51800000000003,0.0,0.0,0.0,0.0,0.430518
t383,386.166,0.0,0.0,0.0,0.0,0.386166
t384,346.137,0.0,0.0,0.0,0.0,0.34613700000000003
t385,321.453,0.0,0.0,0.0,0.0,0.321453
t386,308.682,0.0,0.0,0.0,0.0,0.308682
t387,303.00600000000003,0.0,0.0,0.0,0.0,0.30300600000000005
t388,303.00600000000003,0.0,0.0,0.0,0.0,0.30300600000000005
t389,313.104,0.0,0.0,0.0,0.0,0.313104
t390,345.9390000000001,0.0,0.0,0.0,0.0,0.34593900000000005
t391,400.785,0.0,0.0,0.0,0.0,0.400785
t392,437.481,0.0,0.0,0.0,0.0,0.437481
t393,446.68800000000005,0.0,0.0,0.0,0.0,0.44668800000000003
t394,448.23900000000003,0.0,0.0,0.0,0.0,0.44823900000000005
t395,450.35100000000006,0.0,0.0,0.0,0.0,0.45035100000000006
t396,449.163,0.0,0.0,0.0,0.0,0.44916300000000003
t397,444.675,0.0,0.0,0.0,0.0,0.444675
t398,442.6290000000001,0.0,0.0,0.0,0.0,0.44262900000000005
t399,437.4150000000001,0.0,0.0,0.0,0.0,0.43741500000000005
t400,432.86100000000005,0.0,0.0,0.0,0.0,0.43286100000000005
t401,433.95000000000005,0.0,0.0,0.0,0.0,0.43395000000000006
t402,438.603,0.0,0.0,0.0,0.0,0.438603
t403,443.058,0.0,0.0,0.0,0.0,0.443058
t404,462.858,0.0,0.0,0.0,0.0,0.462858
t405,462.82500000000005,0.0,0.0,0.0,0.0,0.46282500000000004
t406,432.069,0.0,0.0,0.0,0.0,0.43206900000000004
t407,388.87200000000007,0.0,0.0,0.0,0.0,0.38887200000000005
t408,349.371,0.0,0.0,0.0,0.0,0.349371
t409,323.664,0.0,0.0,0.0,0.0,0.323664
t410,310.167,0.0,0.0,0.0,0.0,0.31016699999999997
t411,303.996,0.0,0.0,0.0,0.0,0.303996
t412,303.831,0.0,0.0,0.0,0.0,0.303831
t413,313.269,0.0,0.0,0.0,0.0,0.313269
t414,346.46700000000004,0.0,0.0,0.0,0.0,0.346467
t415,400.488,0.0,0.0,0.0,0.0,0.400488
t416,435.336,0.0,0.0,0.0,0.0,0.435336
t417,444.213,0.0,0.0,0.0,0.0,0.444213
t418,446.82,0.0,0.0,0.0,0.0,0.44682
t419,448.338,0.0,0.0,0.0,0.0,0.448338
t420,448.701,0.0,0.0,0.0,0.0,0.448701
t421,446.952,0.0,0.0,0.0,0.0,0.446952
t422,446.49,0.0,0.0,0.0,0.0,0.44649
t423,441.11100000000005,0.0,0.0,0.0,0.0,0.44111100000000003
t424,436.98600000000005,0.0,0.0,0.0,0.0,0.43698600000000004
t425,438.30600000000004,0.0,0.0,0.0,0.0,0.43830600000000003
t426,443.454,0.0,0.0,0.0,0.0,0.443454
t427,444.807,0.0,0.0,0.0,0.0,0.444807
t428,460.911,0.0,0.0,0.0,0.0,0.460911
t429,463.287,0.0,0.0,0.0,0.0,0.463287
t430,435.105,0.0,0.0,0.0,0.0,0.435105
t431,393.261,0.0,0.0,0.0,0.0,0.393261
t432,353.199,0.0,0.0,0.0,0.0,0.353199
t433,328.05300000000005,0.0,0.0,0.0,0.0,0.32805300000000004
t434,315.513,0.0,0.0,0.0,0.0,0.315513
t435,309.47400000000005,0.0,0.0,0.0,0.0,0.309474
t436,309.50699999999995,0.0,0.0,0.0,0.0,0.309507
t437,319.14300000000003,0.0,0.0,0.0,0.0,0.319143
t438,351.021,0.0,0.0,0.0,0.0,0.351021
t439,402.93000000000006,0.0,0.0,0.0,0.0,0.40293000000000007
t440,436.656,0.0,0.0,0.0,0.0,0.436656
t441,443.289,0.0,0.0,0.0,0.0,0.443289
t442,445.632,0.0,0.0,0.0,0.0,0.44563200000000003
t443,447.711,0.0,0.0,0.0,0.0,0.447711
t444,444.807,0.0,0.0,0.0,0.0,0.444807
t445,439.72499999999997,0.0,0.0,0.0,0.0,0.439725
t446,436.821,0.0,0.0,0.0,0.0,0.436821
t447,430.12200000000007,0.0,0.0,0.0,0.0,0.43012200000000006
t448,422.367,0.0,0.0,0.0,0.0,0.422367
t449,419.00100000000003,0.0,0.0,0.0,0.0,0.419001
t450,416.658,0.0,0.0,0.0,0.0,0.41665800000000003
t451,413.16,0.0,0.0,0.0,0.0,0.41316
t452,427.21799999999996,0.0,0.0,0.0,0.0,0.427218
t453,435.435,0.0,0.0,0.0,0.0,0.435435
t454,412.797,0.0,0.0,0.0,0.0,0.412797
t455,379.005,0.0,0.0,0.0,0.0,0.379005
t456,342.5400000000001,0.0,0.0,0.0,0.0,0.34254000000000007
t457,316.96500000000003,0.0,0.0,0.0,0.0,0.31696500000000005
t458,302.04900000000004,0.0,0.0,0.0,0.0,0.302049
t459,293.56800000000004,0.0,0.0,0.0,0.0,0.29356800000000005
t460,291.78600000000006,0.0,0.0,0.0,0.0,0.29178600000000005
t461,295.05300000000005,0.0,0.0,0.0,0.0,0.29505300000000007
t462,307.72499999999997,0.0,0.0,0.0,0.0,0.30772499999999997
t463,323.961,0.0,0.0,0.0,0.0,0.323961
t464,353.16600000000005,0.0,0.0,0.0,0.0,0.35316600000000004
t465,379.071,0.0,0.0,0.0,0.0,0.37907100000000005
t466,394.97700000000003,0.0,0.0,0.0,0.0,0.394977
t467,401.247,0.0,0.0,0.0,0.0,0.401247
t468,399.59700000000004,0.0,0.0,0.0,0.0,0.39959700000000004
t469,393.723,0.0,0.0,0.0,0.0,0.393723
t470,386.463,0.0,0.0,0.0,0.0,0.386463
t471,380.12700000000007,0.0,0.0,0.0,0.0,0.38012700000000005
t472,377.88300000000004,0.0,0.0,0.0,0.0,0.377883
t473,379.401,0.0,0.0,0.0,0.0,0.379401
t474,384.153,0.0,0.0,0.0,0.0,0.384153
t475,386.463,0.0,0.0,0.0,0.0,0.386463
t476,401.34600000000006,0.0,0.0,0.0,0.0,0.40134600000000004
t477,408.243,0.0,0.0,0.0,0.0,0.408243
t478,388.179,0.0,0.0,0.0,0.0,0.388179
t479,358.182,0.0,0.0,0.0,0.0,0.358182
t480,328.05300000000005,0.0,0.0,0.0,0.0,0.32805300000000004
t481,304.029,0.0,0.0,0.0,0.0,0.304029
t482,288.915,0.0,0.0,0.0,0.0,0.28891500000000003
t483,280.071,0.0,0.0,0.0,0.0,0.280071
t484,276.606,0.0,0.0,0.0,0.0,0.276606
t485,277.266,0.0,0.0,0.0,0.0,0.277266
t486,283.73400000000004,0.0,0.0,0.0,0.0,0.28373400000000004
t487,292.908,0.0,0.0,0.0,0.0,0.292908
t488,314.787,0.0,0.0,0.0,0.0,0.314787
t489,344.88300000000004,0.0,0.0,0.0,0.0,0.34488300000000005
t490,367.884,0.0,0.0,0.0,0.0,0.367884
t491,379.995,0.0,0.0,0.0,0.0,0.379995
t492,386.793,0.0,0.0,0.0,0.0,0.386793
t493,388.24500000000006,0.0,0.0,0.0,0.0,0.38824500000000006
t494,385.374,0.0,0.0,0.0,0.0,0.38537400000000005
t495,382.998,0.0,0.0,0.0,0.0,0.382998
t496,383.79,0.0,0.0,0.0,0.0,0.38379
t497,389.994,0.0,0.0,0.0,0.0,0.389994
t498,399.10200000000003,0.0,0.0,0.0,0.0,0.399102
t499,402.63300000000004,0.0,0.0,0.0,0.0,0.402633
t500,417.252,0.0,0.0,0.0,0.0,0.417252
t501,423.819,0.0,0.0,0.0,0.0,0.423819
t502,399.63,0.0,0.0,0.0,0.0,0.39963
t503,365.904,0.0,0.0,0.0,0.0,0.365904
t504,333.66300000000007,0.0,0.0,0.0,0.0,0.33366300000000004
t505,337.755,0.0,0.0,0.0,0.0,0.33775499999999997
t506,320.001,0.0,0.0,0.0,0.0,0.320001
t507,311.19,0.0,0.0,0.0,0.0,0.31119
t508,308.51700000000005,0.0,0.0,0.0,0.0,0.30851700000000004
t509,315.38100000000003,0.0,0.0,0.0,0.0,0.315381
t510,338.019,0.0,0.0,0.0,0.0,0.338019
t511,391.71,0.0,0.0,0.0,0.0,0.39171
t512,440.088,0.0,0.0,0.0,0.0,0.44008800000000003
t513,466.125,0.0,0.0,0.0,0.0,0.466125
t514,484.341,0.0,0.0,0.0,0.0,0.484341
t515,498.498,0.0,0.0,0.0,0.0,0.498498
t516,507.21000000000004,0.0,0.0,0.0,0.0,0.50721
t517,511.99500000000006,0.0,0.0,0.0,0.0,0.5119950000000001
t518,516.648,0.0,0.0,0.0,0.0,0.516648
t519,516.714,0.0,0.0,0.0,0.0,0.516714
t520,517.011,0.0,0.0,0.0,0.0,0.517011
t521,517.572,0.0,0.0,0.0,0.0,0.517572
t522,513.051,0.0,0.0,0.0,0.0,0.513051
t523,498.927,0.0,0.0,0.0,0.0,0.498927
t524,487.4430000000001,0.0,0.0,0.0,0.0,0.48744300000000007
t525,489.78600000000006,0.0,0.0,0.0,0.0,0.48978600000000005
t526,471.504,0.0,0.0,0.0,0.0,0.47150400000000003
t527,422.30100000000004,0.0,0.0,0.0,0.0,0.42230100000000004
t528,374.979,0.0,0.0,0.0,0.0,0.374979
t529,344.322,0.0,0.0,0.0,0.0,0.344322
t530,325.578,0.0,0.0,0.0,0.0,0.325578
t531,316.767,0.0,0.0,0.0,0.0,0.316767
t532,313.269,0.0,0.0,0.0,0.0,0.313269
t533,320.958,0.0,0.0,0.0,0.0,0.320958
t534,342.5400000000001,0.0,0.0,0.0,0.0,0.34254000000000007
t535,396.66,0.0,0.0,0.0,0.0,0.39666
t536,444.312,0.0,0.0,0.0,0.0,0.44431200000000004
t537,469.524,0.0,0.0,0.0,0.0,0.469524
t538,485.265,0.0,0.0,0.0,0.0,0.485265
t539,498.63,0.0,0.0,0.0,0.0,0.49863
t540,505.82400000000007,0.0,0.0,0.0,0.0,0.505824
t541,509.09099999999995,0.0,0.0,0.0,0.0,0.509091
t542,515.0640000000001,0.0,0.0,0.0,0.0,0.5150640000000001
t543,513.81,0.0,0.0,0.0,0.0,0.51381
t544,511.071,0.0,0.0,0.0,0.0,0.511071
t545,509.982,0.0,0.0,0.0,0.0,0.509982
t546,505.2300000000001,0.0,0.0,0.0,0.0,0.5052300000000001
t547,495.0660000000001,0.0,0.0,0.0,0.0,0.49506600000000006
t548,488.63100000000003,0.0,0.0,0.0,0.0,0.48863100000000004
t549,491.634,0.0,0.0,0.0,0.0,0.491634
t550,470.085,0.0,0.0,0.0,0.0,0.470085
t551,423.687,0.0,0.0,0.0,0.0,0.42368700000000004
t552,379.43399999999997,0.0,0.0,0.0,0.0,0.379434
t553,349.96500000000003,0.0,0.0,0.0,0.0,0.349965
t554,333.201,0.0,0.0,0.0,0.0,0.333201
t555,324.15900000000005,0.0,0.0,0.0,0.0,0.32415900000000003
t556,321.255,0.0,0.0,0.0,0.0,0.321255
t557,327.624,0.0,0.0,0.0,0.0,0.327624
t558,352.836,0.0,0.0,0.0,0.0,0.35283600000000004
t559,404.6460000000001,0.0,0.0,0.0,0.0,0.40464600000000006
t560,453.123,0.0,0.0,0.0,0.0,0.453123
t561,475.959,0.0,0.0,0.0,0.0,0.475959
t562,488.99399999999997,0.0,0.0,0.0,0.0,0.488994
t563,3209.122768507747,0.0,0.0,0.0,0.0,3.209122768507747
t564,3059.5288718867514,0.0,0.0,0.0,0.0,3.0595288718867515
t565,3012.831304165868,0.0,0.0,0.0,0.0,3.012831304165868
t566,2983.8278701689537,0.0,0.0,0.0,0.0,2.9838278701689536
t567,3093.0107197051184,0.0,0.0,0.0,0.0,3.093010719705118
t568,3169.689089504496,0.0,0.0,0.0,0.0,3.1696890895044962
t569,3096.53118722089,0.0,0.0,0.0,0.0,3.09653118722089
t570,3181.8662257308965,0.0,0.0,0.0,0.0,3.1818662257308965
t571,489.423,0.0,0.0,0.0,0.0,0.489423
t572,481.899,0.0,0.0,0.0,0.0,0.481899
t573,482.856,0.0,0.0,0.0,0.0,0.482856
t574,468.03900000000004,0.0,0.0,0.0,0.0,0.46803900000000004
t575,423.225,0.0,0.0,0.0,0.0,0.423225
t576,378.11400000000003,0.0,0.0,0.0,0.0,0.378114
t577,346.863,0.0,0.0,0.0,0.0,0.346863
t578,328.61400000000003,0.0,0.0,0.0,0.0,0.328614
t579,317.2950000000001,0.0,0.0,0.0,0.0,0.31729500000000005
t580,313.797,0.0,0.0,0.0,0.0,0.31379700000000005
t581,319.73699999999997,0.0,0.0,0.0,0.0,0.319737
t582,342.11100000000005,0.0,0.0,0.0,0.0,0.34211100000000005
t583,393.393,0.0,0.0,0.0,0.0,0.393393
t584,440.814,0.0,0.0,0.0,0.0,0.44081400000000004
t585,465.432,0.0,0.0,0.0,0.0,0.465432
t586,479.65500000000003,0.0,0.0,0.0,0.0,0.47965500000000005
t587,491.205,0.0,0.0,0.0,0.0,0.491205
t588,496.18800000000005,0.0,0.0,0.0,0.0,0.496188
t589,497.937,0.0,0.0,0.0,0.0,0.497937
t590,3310.4069806402736,0.0,0.0,0.0,0.0,3.3104069806402734
t591,3165.6466009788355,0.0,0.0,0.0,0.0,3.1656466009788353
t592,3123.2677339121065,0.0,0.0,0.0,0.0,3.1232677339121064
t593,504.30600000000004,0.0,0.0,0.0,0.0,0.504306
t594,3078.210025860516,0.0,0.0,0.0,0.0,3.078210025860516
t595,3476.461209576618,0.0,0.0,0.0,0.0,3.476461209576618
t596,477.675,0.0,0.0,0.0,0.0,0.477675
t597,478.8960000000001,0.0,0.0,0.0,0.0,0.47889600000000004
t598,468.864,0.0,0.0,0.0,0.0,0.468864
t599,423.159,0.0,0.0,0.0,0.0,0.423159
t600,376.398,0.0,0.0,0.0,0.0,0.376398
t601,343.43100000000004,0.0,0.0,0.0,0.0,0.34343100000000004
t602,322.80600000000004,0.0,0.0,0.0,0.0,0.32280600000000004
t603,311.88300000000004,0.0,0.0,0.0,0.0,0.311883
t604,307.923,0.0,0.0,0.0,0.0,0.307923
t605,313.071,0.0,0.0,0.0,0.0,0.31307100000000004
t606,330.99,0.0,0.0,0.0,0.0,0.33099
t607,380.82,0.0,0.0,0.0,0.0,0.38082
t608,429.033,0.0,0.0,0.0,0.0,0.429033
t609,458.337,0.0,0.0,0.0,0.0,0.458337
t610,477.51000000000005,0.0,0.0,0.0,0.0,0.47751000000000005
t611,491.931,0.0,0.0,0.0,0.0,0.491931
t612,498.828,0.0,0.0,0.0,0.0,0.498828
t613,500.907,0.0,0.0,0.0,0.0,0.500907
t614,504.9990000000001,0.0,0.0,0.0,0.0,0.5049990000000001
t615,504.9990000000001,0.0,0.0,0.0,0.0,0.5049990000000001
t616,3307.7236099663414,0.0,0.0,0.0,0.0,3.3077236099663416
t617,502.5900000000001,0.0,0.0,0.0,0.0,0.5025900000000001
t618,495.297,0.0,0.0,0.0,0.0,0.49529700000000004
t619,479.919,0.0,0.0,0.0,0.0,0.479919
t620,465.36600000000004,0.0,0.0,0.0,0.0,0.46536600000000006
t621,462.82500000000005,0.0,0.0,0.0,0.0,0.46282500000000004
t622,454.24500000000006,0.0,0.0,0.0,0.0,0.45424500000000007
t623,415.503,0.0,0.0,0.0,0.0,0.415503
t624,372.735,0.0,0.0,0.0,0.0,0.37273500000000004
t625,339.273,0.0,0.0,0.0,0.0,0.33927300000000005
t626,319.14300000000003,0.0,0.0,0.0,0.0,0.319143
t627,307.824,0.0,0.0,0.0,0.0,0.307824
t628,301.554,0.0,0.0,0.0,0.0,0.301554
t629,300.069,0.0,0.0,0.0,0.0,0.30006900000000003
t630,300.43199999999996,0.0,0.0,0.0,0.0,0.300432
t631,321.1890000000001,0.0,0.0,0.0,0.0,0.32118900000000006
t632,357.225,0.0,0.0,0.0,0.0,0.357225
t633,395.80199999999996,0.0,0.0,0.0,0.0,0.395802
t634,422.037,0.0,0.0,0.0,0.0,0.422037
t635,436.12800000000004,0.0,0.0,0.0,0.0,0.436128
t636,441.21,0.0,0.0,0.0,0.0,0.44121
t637,441.14400000000006,0.0,0.0,0.0,0.0,0.44114400000000004
t638,437.151,0.0,0.0,0.0,0.0,0.437151
t639,433.5210000000001,0.0,0.0,0.0,0.0,0.43352100000000005
t640,432.59700000000004,0.0,0.0,0.0,0.0,0.432597
t641,433.95000000000005,0.0,0.0,0.0,0.0,0.43395000000000006
t642,435.0060000000001,0.0,0.0,0.0,0.0,0.43500600000000006
t643,429.65999999999997,0.0,0.0,0.0,0.0,0.42966
t644,421.60800000000006,0.0,0.0,0.0,0.0,0.42160800000000004
t645,424.71,0.0,0.0,0.0,0.0,0.42471
t646,420.09000000000003,0.0,0.0,0.0,0.0,0.42009
t647,390.22499999999997,0.0,0.0,0.0,0.0,0.390225
t648,353.82599999999996,0.0,0.0,0.0,0.0,0.353826
t649,325.281,0.0,0.0,0.0,0.0,0.325281
t650,307.362,0.0,0.0,0.0,0.0,0.307362
t651,296.6700000000001,0.0,0.0,0.0,0.0,0.29667000000000004
t652,290.36699999999996,0.0,0.0,0.0,0.0,0.290367
t653,289.08,0.0,0.0,0.0,0.0,0.28908
t654,286.77,0.0,0.0,0.0,0.0,0.28676999999999997
t655,297.792,0.0,0.0,0.0,0.0,0.297792
t656,324.588,0.0,0.0,0.0,0.0,0.32458800000000004
t657,358.677,0.0,0.0,0.0,0.0,0.358677
t658,384.74700000000007,0.0,0.0,0.0,0.0,0.38474700000000006
t659,400.686,0.0,0.0,0.0,0.0,0.400686
t660,409.82700000000006,0.0,0.0,0.0,0.0,0.40982700000000005
t661,413.688,0.0,0.0,0.0,0.0,0.413688
t662,411.576,0.0,0.0,0.0,0.0,0.411576
t663,410.289,0.0,0.0,0.0,0.0,0.410289
t664,411.576,0.0,0.0,0.0,0.0,0.411576
t665,416.42699999999996,0.0,0.0,0.0,0.0,0.416427
t666,421.476,0.0,0.0,0.0,0.0,0.421476
t667,420.42,0.0,0.0,0.0,0.0,0.42042
t668,417.087,0.0,0.0,0.0,0.0,0.417087
t669,425.50200000000007,0.0,0.0,0.0,0.0,0.42550200000000005
t670,420.22200000000004,0.0,0.0,0.0,0.0,0.42022200000000004
t671,383.922,0.0,0.0,0.0,0.0,0.38392200000000004
t672,345.01500000000004,0.0,0.0,0.0,0.0,0.345015
t673,426.78900000000004,0.0,0.0,0.0,0.0,0.42678900000000003
t674,397.81500000000005,0.0,0.0,0.0,0.0,0.39781500000000003
t675,379.5,0.0,0.0,0.0,0.0,0.3795
t676,369.237,0.0,0.0,0.0,0.0,0.36923700000000004
t677,370.26000000000005,0.0,0.0,0.0,0.0,0.37026000000000003
t678,383.625,0.0,0.0,0.0,0.0,0.383625
t679,427.05300000000005,0.0,0.0,0.0,0.0,0.42705300000000007
t680,479.42400000000004,0.0,0.0,0.0,0.0,0.479424
t681,515.823,0.0,0.0,0.0,0.0,0.515823
t682,544.7970000000001,0.0,0.0,0.0,0.0,0.5447970000000001
t683,4799.435151598942,0.0,0.0,0.0,0.0,4.799435151598942
t684,4423.005489136095,0.0,0.0,0.0,0.0,4.423005489136095
t685,3967.7984605180186,0.0,0.0,0.0,0.0,3.9677984605180185
t686,3594.3277267796175,0.0,0.0,0.0,0.0,3.5943277267796176
t687,3314.7680062360896,0.0,0.0,0.0,0.0,3.31476800623609
t688,3107.8231077451655,0.0,0.0,0.0,0.0,3.1078231077451655
t689,3060.492930600308,0.0,0.0,0.0,0.0,3.060492930600308
t690,2997.821560087882,0.0,0.0,0.0,0.0,2.997821560087882
t691,3573.3288051699965,0.0,0.0,0.0,0.0,3.5733288051699965
t692,4253.003083261298,0.0,0.0,0.0,0.0,4.253003083261298
t693,4552.4218860984465,0.0,0.0,0.0,0.0,4.552421886098447
t694,546.711,0.0,0.0,0.0,0.0,0.5467110000000001
t695,493.15200000000004,0.0,0.0,0.0,0.0,0.49315200000000003
t696,438.603,0.0,0.0,0.0,0.0,0.438603
t697,398.904,0.0,0.0,0.0,0.0,0.398904
t698,373.9560000000001,0.0,0.0,0.0,0.0,0.37395600000000007
t699,358.04999999999995,0.0,0.0,0.0,0.0,0.35805
t700,350.69100000000003,0.0,0.0,0.0,0.0,0.35069100000000003
t701,352.86899999999997,0.0,0.0,0.0,0.0,0.352869
t702,366.13500000000005,0.0,0.0,0.0,0.0,0.36613500000000004
t703,409.76099999999997,0.0,0.0,0.0,0.0,0.409761
t704,461.80199999999996,0.0,0.0,0.0,0.0,0.461802
t705,498.696,0.0,0.0,0.0,0.0,0.49869600000000003
t706,527.34,0.0,0.0,0.0,0.0,0.52734
t707,4923.401638830288,0.0,0.0,0.0,0.0,4.923401638830288
t708,4473.915253569747,0.0,0.0,0.0,0.0,4.473915253569746
t709,4174.111603169138,0.0,0.0,0.0,0.0,4.174111603169138
t710,3782.9803299516307,0.0,0.0,0.0,0.0,3.7829803299516307
t711,3442.208006900195,0.0,0.0,0.0,0.0,3.442208006900195
t712,3209.784706251675,0.0,0.0,0.0,0.0,3.209784706251675
t713,3002.9788645344306,0.0,0.0,0.0,0.0,3.0029788645344304
t714,3021.509067092865,0.0,0.0,0.0,0.0,3.0215090670928646
t715,3474.731709766363,0.0,0.0,0.0,0.0,3.4747317097663633
t716,4190.361468334626,0.0,0.0,0.0,0.0,4.1903614683346255
t717,4545.023523333498,0.0,0.0,0.0,0.0,4.545023523333498
t718,554.1030000000001,0.0,0.0,0.0,0.0,0.554103
t719,502.12800000000004,0.0,0.0,0.0,0.0,0.502128
t720,449.26200000000006,0.0,0.0,0.0,0.0,0.44926200000000005
t721,410.289,0.0,0.0,0.0,0.0,0.410289
t722,385.605,0.0,0.0,0.0,0.0,0.38560500000000003
t723,370.62300000000005,0.0,0.0,0.0,0.0,0.37062300000000004
t724,363.72600000000006,0.0,0.0,0.0,0.0,0.36372600000000005
t725,366.63,0.0,0.0,0.0,0.0,0.36663
t726,382.041,0.0,0.0,0.0,0.0,0.382041
t727,425.964,0.0,0.0,0.0,0.0,0.425964
t728,479.55600000000004,0.0,0.0,0.0,0.0,0.47955600000000004
t729,520.146,0.0,0.0,0.0,0.0,0.520146
t730,4824.979338251335,0.0,0.0,0.0,0.0,4.824979338251335
t731,4012.1587220863757,0.0,0.0,0.0,0.0,4.012158722086376
t732,3353.1893194946,0.0,0.0,0.0,0.0,3.3531893194946
t733,2894.679557244654,0.0,0.0,0.0,0.0,2.894679557244654
t734,631.587,0.0,0.0,0.0,0.0,0.631587
t735,638.22,0.0,0.0,0.0,0.0,0.63822
t736,2169.915625985588,0.0,0.0,0.0,0.0,2.1699156259855883
t737,648.417,0.0,0.0,0.0,0.0,0.648417
t738,646.965,0.0,0.0,0.0,0.0,0.646965
t739,631.0590000000001,0.0,0.0,0.0,0.0,0.631059
t740,3199.1156316017386,0.0,0.0,0.0,0.0,3.199115631601739
t741,3785.4883757801367,0.0,0.0,0.0,0.0,3.7854883757801367
t742,578.556,0.0,0.0,0.0,0.0,0.5785560000000001
t743,525.4590000000001,0.0,0.0,0.0,0.0,0.525459
t744,469.623,0.0,0.0,0.0,0.0,0.469623
t745,428.93399999999997,0.0,0.0,0.0,0.0,0.428934
t746,402.40200000000004,0.0,0.0,0.0,0.0,0.40240200000000004
t747,384.648,0.0,0.0,0.0,0.0,0.38464800000000005
t748,375.408,0.0,0.0,0.0,0.0,0.375408
t749,377.3550000000001,0.0,0.0,0.0,0.0,0.37735500000000005
t750,392.79900000000004,0.0,0.0,0.0,0.0,0.392799
t751,439.329,0.0,0.0,0.0,0.0,0.439329
t752,494.47200000000004,0.0,0.0,0.0,0.0,0.494472
t753,537.372,0.0,0.0,0.0,0.0,0.537372
t754,4215.221761606617,0.0,0.0,0.0,0.0,4.215221761606617
t755,3170.6143778322053,0.0,0.0,0.0,0.0,3.170614377832205
t756,2364.238897141913,0.0,0.0,0.0,0.0,2.364238897141913
t757,650.9580000000001,0.0,0.0,0.0,0.0,0.650958
t758,667.0290000000001,0.0,0.0,0.0,0.0,0.6670290000000001
t759,677.985,0.0,0.0,0.0,0.0,0.6779850000000001
t760,684.948,0.0,0.0,0.0,0.0,0.684948
t761,689.898,0.0,0.0,0.0,0.0,0.689898
t762,684.2550000000001,0.0,0.0,0.0,0.0,0.6842550000000001
t763,665.0160000000001,0.0,0.0,0.0,0.0,0.665016
t764,635.811,0.0,0.0,0.0,0.0,0.635811
t765,2995.4773203258824,0.0,0.0,0.0,0.0,2.9954773203258824
t766,3807.031379921991,0.0,0.0,0.0,0.0,3.807031379921991
t767,544.17,0.0,0.0,0.0,0.0,0.5441699999999999
t768,486.71700000000004,0.0,0.0,0.0,0.0,0.48671700000000007
t769,442.332,0.0,0.0,0.0,0.0,0.442332
t770,413.919,0.0,0.0,0.0,0.0,0.413919
t771,396.528,0.0,0.0,0.0,0.0,0.396528
t772,386.958,0.0,0.0,0.0,0.0,0.386958
t773,388.87200000000007,0.0,0.0,0.0,0.0,0.38887200000000005
t774,404.58,0.0,0.0,0.0,0.0,0.40458
t775,448.14000000000004,0.0,0.0,0.0,0.0,0.44814000000000004
t776,505.49399999999997,0.0,0.0,0.0,0.0,0.505494
t777,551.892,0.0,0.0,0.0,0.0,0.551892
t778,3599.0358203213796,0.0,0.0,0.0,0.0,3.5990358203213795
t779,2529.3399646670664,0.0,0.0,0.0,0.0,2.5293399646670665
t780,656.799,0.0,0.0,0.0,0.0,0.656799
t781,677.589,0.0,0.0,0.0,0.0,0.6775890000000001
t782,694.419,0.0,0.0,0.0,0.0,0.694419
t783,700.392,0.0,0.0,0.0,0.0,0.700392
t784,699.336,0.0,0.0,0.0,0.0,0.6993360000000001
t785,694.749,0.0,0.0,0.0,0.0,0.6947490000000001
t786,679.2060000000001,0.0,0.0,0.0,0.0,0.6792060000000001
t787,2077.709347892576,0.0,0.0,0.0,0.0,2.0777093478925757
t788,2695.506383723611,0.0,0.0,0.0,0.0,2.695506383723611
t789,3378.8603637934,0.0,0.0,0.0,0.0,3.3788603637934003
t790,4261.88645498086,0.0,0.0,0.0,0.0,4.261886454980861
t791,545.193,0.0,0.0,0.0,0.0,0.545193
t792,493.119,0.0,0.0,0.0,0.0,0.49311900000000003
t793,452.43000000000006,0.0,0.0,0.0,0.0,0.45243000000000005
t794,426.657,0.0,0.0,0.0,0.0,0.426657
t795,409.66200000000003,0.0,0.0,0.0,0.0,0.409662
t796,399.59700000000004,0.0,0.0,0.0,0.0,0.39959700000000004
t797,396.69300000000004,0.0,0.0,0.0,0.0,0.396693
t798,401.47800000000007,0.0,0.0,0.0,0.0,0.40147800000000006
t799,418.044,0.0,0.0,0.0,0.0,0.41804399999999997
t800,450.846,0.0,0.0,0.0,0.0,0.450846
t801,495.132,0.0,0.0,0.0,0.0,0.495132
t802,534.798,0.0,0.0,0.0,0.0,0.534798
t803,4674.297769120699,0.0,0.0,0.0,0.0,4.674297769120699
t804,3855.016298482692,0.0,0.0,0.0,0.0,3.855016298482692
t805,3276.301641597442,0.0,0.0,0.0,0.0,3.276301641597442
t806,2859.289253253646,0.0,0.0,0.0,0.0,2.859289253253646
t807,2455.6502951289476,0.0,0.0,0.0,0.0,2.4556502951289474
t808,648.747,0.0,0.0,0.0,0.0,0.648747
t809,656.568,0.0,0.0,0.0,0.0,0.656568
t810,657.36,0.0,0.0,0.0,0.0,0.65736
t811,644.7870000000001,0.0,0.0,0.0,0.0,0.6447870000000001
t812,2698.9164594559584,0.0,0.0,0.0,0.0,2.6989164594559583
t813,3057.1360010512335,0.0,0.0,0.0,0.0,3.0571360010512336
t814,3719.992087803977,0.0,0.0,0.0,0.0,3.719992087803977
t815,551.793,0.0,0.0,0.0,0.0,0.551793
t816,501.66600000000005,0.0,0.0,0.0,0.0,0.5016660000000001
t817,460.02,0.0,0.0,0.0,0.0,0.46002
t818,430.617,0.0,0.0,0.0,0.0,0.430617
t819,410.487,0.0,0.0,0.0,0.0,0.41048700000000005
t820,397.2540000000001,0.0,0.0,0.0,0.0,0.39725400000000005
t821,389.796,0.0,0.0,0.0,0.0,0.389796
t822,384.0210000000001,0.0,0.0,0.0,0.0,0.38402100000000006
t823,394.944,0.0,0.0,0.0,0.0,0.394944
t824,431.73900000000003,0.0,0.0,0.0,0.0,0.43173900000000004
t825,482.559,0.0,0.0,0.0,0.0,0.482559
t826,532.1250000000001,0.0,0.0,0.0,0.0,0.5321250000000001
t827,4170.402406574407,0.0,0.0,0.0,0.0,4.170402406574407
t828,3050.07196428673,0.0,0.0,0.0,0.0,3.0500719642867296
t829,631.587,0.0,0.0,0.0,0.0,0.631587
t830,2468.0940872986275,0.0,0.0,0.0,0.0,2.4680940872986277
t831,2615.196710776317,0.0,0.0,0.0,0.0,2.615196710776317
t832,636.768,0.0,0.0,0.0,0.0,0.636768
t833,2372.506334819949,0.0,0.0,0.0,0.0,2.372506334819949
t834,637.626,0.0,0.0,0.0,0.0,0.637626
t835,627.297,0.0,0.0,0.0,0.0,0.627297
t836,3047.3352750968274,0.0,0.0,0.0,0.0,3.0473352750968274
t837,2945.9720430714606,0.0,0.0,0.0,0.0,2.9459720430714604
t838,3408.397427193723,0.0,0.0,0.0,0.0,3.408397427193723
t839,551.166,0.0,0.0,0.0,0.0,0.551166
t840,502.62300000000005,0.0,0.0,0.0,0.0,0.502623
t841,467.61,0.0,0.0,0.0,0.0,0.46761
t842,445.20300000000003,0.0,0.0,0.0,0.0,0.445203
t843,430.848,0.0,0.0,0.0,0.0,0.430848
t844,423.29100000000005,0.0,0.0,0.0,0.0,0.42329100000000003
t845,426.195,0.0,0.0,0.0,0.0,0.426195
t846,445.632,0.0,0.0,0.0,0.0,0.44563200000000003
t847,492.261,0.0,0.0,0.0,0.0,0.492261
t848,5090.335247780853,0.0,0.0,0.0,0.0,5.090335247780853
t849,3577.1884388024446,0.0,0.0,0.0,0.0,3.5771884388024446
t850,640.662,0.0,0.0,0.0,0.0,0.6406620000000001
t851,674.586,0.0,0.0,0.0,0.0,0.674586
t852,701.9100000000001,0.0,0.0,0.0,0.0,0.70191
t853,722.931,0.0,0.0,0.0,0.0,0.722931
t854,741.0810000000001,0.0,0.0,0.0,0.0,0.7410810000000001
t855,744.9420000000001,0.0,0.0,0.0,0.0,0.7449420000000001
t856,746.427,0.0,0.0,0.0,0.0,0.7464270000000001
t857,745.008,0.0,0.0,0.0,0.0,0.745008
t858,739.497,0.0,0.0,0.0,0.0,0.739497
t859,722.271,0.0,0.0,0.0,0.0,0.722271
t860,699.6,0.0,0.0,0.0,0.0,0.6996
t861,690.7230000000001,0.0,0.0,0.0,0.0,0.6907230000000001
t862,663.267,0.0,0.0,0.0,0.0,0.663267
t863,599.9069999999999,0.0,0.0,0.0,0.0,0.599907
t864,5407.92530303202,0.0,0.0,0.0,0.0,5.40792530303202
t865,492.855,0.0,0.0,0.0,0.0,0.49285500000000004
t866,464.046,0.0,0.0,0.0,0.0,0.464046
t867,445.43399999999997,0.0,0.0,0.0,0.0,0.445434
t868,433.81800000000004,0.0,0.0,0.0,0.0,0.43381800000000004
t869,1638.5199920717887,0.0,0.0,0.0,0.0,1.6385199920717888
t870,452.496,0.0,0.0,0.0,0.0,0.452496
t871,501.336,0.0,0.0,0.0,0.0,0.501336
t872,4641.708336356448,0.0,0.0,0.0,0.0,4.641708336356448
t873,615.648,0.0,0.0,0.0,0.0,0.615648
t874,1905.5691067995965,0.0,0.0,0.0,0.0,1.9055691067995966
t875,699.633,0.0,0.0,0.0,0.0,0.6996330000000001
t876,726.297,0.0,0.0,0.0,0.0,0.7262970000000001
t877,744.711,0.0,0.0,0.0,0.0,0.744711
t878,761.3100000000001,0.0,0.0,0.0,0.0,0.76131
t879,771.8040000000001,0.0,0.0,0.0,0.0,0.771804
t880,779.7570000000001,0.0,0.0,0.0,0.0,0.779757
t881,0.0,0.0,0.0,0.0,0.0,0.0
t882,777.975,0.0,0.0,0.0,0.0,0.777975
t883,760.122,0.0,0.0,0.0,0.0,0.760122
t884,736.7249999999999,0.0,0.0,0.0,0.0,0.736725
t885,674.8822630060331,0.0,0.0,0.0,0.0,0.6748822630060332
t886,697.0260000000001,0.0,0.0,0.0,0.0,0.697026
t887,637.263,0.0,0.0,0.0,0.0,0.637263
t888,577.962,0.0,0.0,0.0,0.0,0.577962
t889,536.25,0.0,0.0,0.0,0.0,0.53625
t890,510.345,0.0,0.0,0.0,0.0,0.510345
t891,493.9440000000001,0.0,0.0,0.0,0.0,0.49394400000000005
t892,484.07700000000006,0.0,0.0,0.0,0.0,0.48407700000000004
t893,483.54900000000004,0.0,0.0,0.0,0.0,0.48354900000000006
t894,500.47800000000007,0.0,0.0,0.0,0.0,0.5004780000000001
t895,5401.625024011032,0.0,0.0,0.0,0.0,5.401625024011032
t896,3342.3378803518312,0.0,0.0,0.0,0.0,3.342337880351831
t897,655.6110000000001,0.0,0.0,0.0,0.0,0.655611
t898,692.406,0.0,0.0,0.0,0.0,0.692406
t899,730.3230000000001,0.0,0.0,0.0,0.0,0.730323
t900,759.2310000000001,0.0,0.0,0.0,0.0,0.7592310000000001
t901,777.4140000000001,0.0,0.0,0.0,0.0,0.777414
t902,777.975,0.0,0.0,0.0,0.0,0.777975
t903,759.726,0.0,0.0,0.0,0.0,0.759726
t904,724.251,0.0,0.0,0.0,0.0,0.724251
t905,697.3560000000001,0.0,0.0,0.0,0.0,0.6973560000000001
t906,685.839,0.0,0.0,0.0,0.0,0.6858390000000001
t907,668.3820000000001,0.0,0.0,0.0,0.0,0.668382
t908,651.6840000000001,0.0,0.0,0.0,0.0,0.651684
t909,646.734,0.0,0.0,0.0,0.0,0.646734
t910,625.6800000000001,0.0,0.0,0.0,0.0,0.62568
t911,4725.2870666636145,0.0,0.0,0.0,0.0,4.725287066663615
t912,517.11,0.0,0.0,0.0,0.0,0.5171100000000001
t913,474.507,0.0,0.0,0.0,0.0,0.474507
t914,443.91600000000005,0.0,0.0,0.0,0.0,0.44391600000000003
t915,424.41300000000007,0.0,0.0,0.0,0.0,0.42441300000000004
t916,412.50000000000006,0.0,0.0,0.0,0.0,0.41250000000000003
t917,411.80699999999996,0.0,0.0,0.0,0.0,0.411807
t918,426.36,0.0,0.0,0.0,0.0,0.42636
t919,461.73600000000005,0.0,0.0,0.0,0.0,0.46173600000000004
t920,504.768,0.0,0.0,0.0,0.0,0.504768
t921,529.815,0.0,0.0,0.0,0.0,0.529815
t922,4960.58020330409,0.0,0.0,0.0,0.0,4.96058020330409
t923,4521.983648325573,0.0,0.0,0.0,0.0,4.521983648325573
t924,4186.0431267186905,0.0,0.0,0.0,0.0,4.18604312671869
t925,4050.0379161677033,0.0,0.0,0.0,0.0,4.050037916167703
t926,3812.6625313068453,0.0,0.0,0.0,0.0,3.812662531306845
t927,3699.3480268538015,0.0,0.0,0.0,0.0,3.6993480268538015
t928,3543.533375468499,0.0,0.0,0.0,0.0,3.543533375468499
t929,3443.2244003843844,0.0,0.0,0.0,0.0,3.443224400384384
t930,3507.741311941004,0.0,0.0,0.0,0.0,3.507741311941004
t931,4235.718786228652,0.0,0.0,0.0,0.0,4.235718786228652
t932,4535.755043397813,0.0,0.0,0.0,0.0,4.535755043397813
t933,5005.626061432143,0.0,0.0,0.0,0.0,5.005626061432142
t934,4867.313661960249,0.0,0.0,0.0,0.0,4.8673136619602495
t935,495.92400000000004,0.0,0.0,0.0,0.0,0.49592400000000003
t936,446.061,0.0,0.0,0.0,0.0,0.446061
t937,408.672,0.0,0.0,0.0,0.0,0.40867200000000004
t938,386.925,0.0,0.0,0.0,0.0,0.386925
t939,373.13100000000003,0.0,0.0,0.0,0.0,0.37313100000000005
t940,366.89400000000006,0.0,0.0,0.0,0.0,0.36689400000000005
t941,370.62300000000005,0.0,0.0,0.0,0.0,0.37062300000000004
t942,389.334,0.0,0.0,0.0,0.0,0.389334
t943,426.78900000000004,0.0,0.0,0.0,0.0,0.42678900000000003
t944,471.009,0.0,0.0,0.0,0.0,0.471009
t945,500.11499999999995,0.0,0.0,0.0,0.0,0.500115
t946,515.262,0.0,0.0,0.0,0.0,0.515262
t947,525.261,0.0,0.0,0.0,0.0,0.525261
t948,526.977,0.0,0.0,0.0,0.0,0.526977
t949,524.436,0.0,0.0,0.0,0.0,0.524436
t950,523.875,0.0,0.0,0.0,0.0,0.523875
t951,518.7270000000001,0.0,0.0,0.0,0.0,0.518727
t952,511.203,0.0,0.0,0.0,0.0,0.511203
t953,507.14400000000006,0.0,0.0,0.0,0.0,0.507144
t954,501.79799999999994,0.0,0.0,0.0,0.0,0.501798
t955,489.62100000000004,0.0,0.0,0.0,0.0,0.48962100000000003
t956,479.523,0.0,0.0,0.0,0.0,0.47952300000000003
t957,483.615,0.0,0.0,0.0,0.0,0.483615
t958,471.57,0.0,0.0,0.0,0.0,0.47157
t959,435.0060000000001,0.0,0.0,0.0,0.0,0.43500600000000006
t960,393.954,0.0,0.0,0.0,0.0,0.393954
t961,361.74600000000004,0.0,0.0,0.0,0.0,0.361746
t962,340.791,0.0,0.0,0.0,0.0,0.340791
t963,327.987,0.0,0.0,0.0,0.0,0.32798700000000003
t964,320.925,0.0,0.0,0.0,0.0,0.320925
t965,319.869,0.0,0.0,0.0,0.0,0.319869
t966,322.278,0.0,0.0,0.0,0.0,0.322278
t967,338.613,0.0,0.0,0.0,0.0,0.338613
t968,372.53700000000003,0.0,0.0,0.0,0.0,0.372537
t969,413.094,0.0,0.0,0.0,0.0,0.413094
t970,443.94899999999996,0.0,0.0,0.0,0.0,0.443949
t971,463.518,0.0,0.0,0.0,0.0,0.463518
t972,474.903,0.0,0.0,0.0,0.0,0.474903
t973,480.67800000000005,0.0,0.0,0.0,0.0,0.48067800000000005
t974,483.54900000000004,0.0,0.0,0.0,0.0,0.48354900000000006
t975,486.22200000000004,0.0,0.0,0.0,0.0,0.48622200000000004
t976,490.248,0.0,0.0,0.0,0.0,0.490248
t977,496.55100000000004,0.0,0.0,0.0,0.0,0.496551
t978,499.587,0.0,0.0,0.0,0.0,0.499587
t979,493.317,0.0,0.0,0.0,0.0,0.493317
t980,478.038,0.0,0.0,0.0,0.0,0.478038
t981,476.38800000000003,0.0,0.0,0.0,0.0,0.47638800000000003
t982,465.99300000000005,0.0,0.0,0.0,0.0,0.46599300000000005
t983,432.3,0.0,0.0,0.0,0.0,0.4323
t984,395.01000000000005,0.0,0.0,0.0,0.0,0.39501000000000003
t985,363.26399999999995,0.0,0.0,0.0,0.0,0.363264
t986,342.87,0.0,0.0,0.0,0.0,0.34287
t987,330.0,0.0,0.0,0.0,0.0,0.33
t988,322.01399999999995,0.0,0.0,0.0,0.0,0.32201399999999997
t989,318.846,0.0,0.0,0.0,0.0,0.318846
t990,315.711,0.0,0.0,0.0,0.0,0.315711
t991,325.347,0.0,0.0,0.0,0.0,0.325347
t992,354.48600000000005,0.0,0.0,0.0,0.0,0.354486
t993,394.317,0.0,0.0,0.0,0.0,0.39431700000000003
t994,430.45200000000006,0.0,0.0,0.0,0.0,0.43045200000000006
t995,460.15200000000004,0.0,0.0,0.0,0.0,0.46015200000000006
t996,484.209,0.0,0.0,0.0,0.0,0.484209
t997,501.27,0.0,0.0,0.0,0.0,0.50127
t998,511.104,0.0,0.0,0.0,0.0,0.511104
t999,520.1790000000001,0.0,0.0,0.0,0.0,0.5201790000000001
t1000,529.386,0.0,0.0,0.0,0.0,0.529386
t1001,541.596,0.0,0.0,0.0,0.0,0.541596
t1002,549.219,0.0,0.0,0.0,0.0,0.549219
t1003,543.3449999999999,0.0,0.0,0.0,0.0,0.543345
t1004,528.792,0.0,0.0,0.0,0.0,0.528792
t1005,529.122,0.0,0.0,0.0,0.0,0.529122
t1006,515.856,0.0,0.0,0.0,0.0,0.515856
t1007,475.629,0.0,0.0,0.0,0.0,0.475629
t1008,431.904,0.0,0.0,0.0,0.0,0.431904
t1009,300.89400000000006,0.0,0.0,0.0,0.0,0.30089400000000005
t1010,289.014,0.0,0.0,0.0,0.0,0.289014
t1011,284.229,0.0,0.0,0.0,0.0,0.284229
t1012,284.526,0.0,0.0,0.0,0.0,0.284526
t1013,293.898,0.0,0.0,0.0,0.0,0.29389800000000005
t1014,326.997,0.0,0.0,0.0,0.0,0.32699700000000004
t1015,391.11600000000004,0.0,0.0,0.0,0.0,0.391116
t1016,426.096,0.0,0.0,0.0,0.0,0.42609600000000003
t1017,434.77500000000003,0.0,0.0,0.0,0.0,0.434775
t1018,443.058,0.0,0.0,0.0,0.0,0.443058
t1019,450.25200000000007,0.0,0.0,0.0,0.0,0.45025200000000004
t1020,452.892,0.0,0.0,0.0,0.0,0.452892
t1021,450.846,0.0,0.0,0.0,0.0,0.450846
t1022,450.25200000000007,0.0,0.0,0.0,0.0,0.45025200000000004
t1023,445.731,0.0,0.0,0.0,0.0,0.445731
t1024,442.266,0.0,0.0,0.0,0.0,0.442266
t1025,445.13700000000006,0.0,0.0,0.0,0.0,0.44513700000000006
t1026,459.195,0.0,0.0,0.0,0.0,0.459195
t1027,490.34700000000004,0.0,0.0,0.0,0.0,0.49034700000000003
t1028,485.03400000000005,0.0,0.0,0.0,0.0,0.485034
t1029,460.911,0.0,0.0,0.0,0.0,0.460911
t1030,425.172,0.0,0.0,0.0,0.0,0.42517200000000005
t1031,382.63500000000005,0.0,0.0,0.0,0.0,0.38263500000000006
t1032,343.695,0.0,0.0,0.0,0.0,0.343695
t1033,315.084,0.0,0.0,0.0,0.0,0.31508400000000003
t1034,300.168,0.0,0.0,0.0,0.0,0.300168
t1035,292.74300000000005,0.0,0.0,0.0,0.0,0.29274300000000003
t1036,291.951,0.0,0.0,0.0,0.0,0.291951
t1037,299.541,0.0,0.0,0.0,0.0,0.299541
t1038,332.96999999999997,0.0,0.0,0.0,0.0,0.33297
t1039,397.15500000000003,0.0,0.0,0.0,0.0,0.39715500000000004
t1040,431.145,0.0,0.0,0.0,0.0,0.431145
t1041,437.91,0.0,0.0,0.0,0.0,0.43791
t1042,442.398,0.0,0.0,0.0,0.0,0.442398
t1043,447.41400000000004,0.0,0.0,0.0,0.0,0.44741400000000003
t1044,449.55899999999997,0.0,0.0,0.0,0.0,0.449559
t1045,448.173,0.0,0.0,0.0,0.0,0.448173
t1046,448.76700000000005,0.0,0.0,0.0,0.0,0.448767
t1047,444.51,0.0,0.0,0.0,0.0,0.44451
t1048,441.606,0.0,0.0,0.0,0.0,0.441606
t1049,445.7970000000001,0.0,0.0,0.0,0.0,0.44579700000000005
t1050,463.617,0.0,0.0,0.0,0.0,0.463617
t1051,492.95400000000006,0.0,0.0,0.0,0.0,0.49295400000000006
t1052,484.704,0.0,0.0,0.0,0.0,0.484704
t1053,462.033,0.0,0.0,0.0,0.0,0.462033
t1054,427.416,0.0,0.0,0.0,0.0,0.427416
t1055,382.30500000000006,0.0,0.0,0.0,0.0,0.38230500000000006
t1056,343.002,0.0,0.0,0.0,0.0,0.34300200000000003
t1057,317.526,0.0,0.0,0.0,0.0,0.31752600000000003
t1058,303.63300000000004,0.0,0.0,0.0,0.0,0.30363300000000004
t1059,296.439,0.0,0.0,0.0,0.0,0.296439
t1060,294.69,0.0,0.0,0.0,0.0,0.29469
t1061,303.105,0.0,0.0,0.0,0.0,0.303105
t1062,334.785,0.0,0.0,0.0,0.0,0.334785
t1063,399.96,0.0,0.0,0.0,0.0,0.39996
t1064,436.85400000000004,0.0,0.0,0.0,0.0,0.436854
t1065,444.279,0.0,0.0,0.0,0.0,0.444279
t1066,449.36100000000005,0.0,0.0,0.0,0.0,0.44936100000000007
t1067,452.958,0.0,0.0,0.0,0.0,0.452958
t1068,453.321,0.0,0.0,0.0,0.0,0.45332100000000003
t1069,451.70400000000006,0.0,0.0,0.0,0.0,0.45170400000000005
t1070,450.81300000000005,0.0,0.0,0.0,0.0,0.450813
t1071,445.92900000000003,0.0,0.0,0.0,0.0,0.445929
t1072,442.563,0.0,0.0,0.0,0.0,0.442563
t1073,447.546,0.0,0.0,0.0,0.0,0.447546
t1074,466.587,0.0,0.0,0.0,0.0,0.466587
t1075,492.294,0.0,0.0,0.0,0.0,0.492294
t1076,628.7170839870306,0.0,0.0,0.0,0.0,0.6287170839870306
t1077,463.55100000000004,0.0,0.0,0.0,0.0,0.46355100000000005
t1078,430.45200000000006,0.0,0.0,0.0,0.0,0.43045200000000006
t1079,384.51599999999996,0.0,0.0,0.0,0.0,0.38451599999999997
t1080,345.7080000000001,0.0,0.0,0.0,0.0,0.34570800000000007
t1081,319.341,0.0,0.0,0.0,0.0,0.319341
t1082,305.514,0.0,0.0,0.0,0.0,0.305514
t1083,298.88100000000003,0.0,0.0,0.0,0.0,0.298881
t1084,298.056,0.0,0.0,0.0,0.0,0.298056
t1085,306.30600000000004,0.0,0.0,0.0,0.0,0.306306
t1086,339.009,0.0,0.0,0.0,0.0,0.339009
t1087,403.524,0.0,0.0,0.0,0.0,0.403524
t1088,437.74500000000006,0.0,0.0,0.0,0.0,0.43774500000000005
t1089,442.563,0.0,0.0,0.0,0.0,0.442563
t1090,447.15000000000003,0.0,0.0,0.0,0.0,0.44715000000000005
t1091,451.27500000000003,0.0,0.0,0.0,0.0,0.45127500000000004
t1092,451.70400000000006,0.0,0.0,0.0,0.0,0.45170400000000005
t1093,448.76700000000005,0.0,0.0,0.0,0.0,0.448767
t1094,447.678,0.0,0.0,0.0,0.0,0.447678
t1095,442.497,0.0,0.0,0.0,0.0,0.44249700000000003
t1096,438.735,0.0,0.0,0.0,0.0,0.43873500000000004
t1097,441.606,0.0,0.0,0.0,0.0,0.441606
t1098,457.578,0.0,0.0,0.0,0.0,0.457578
t1099,487.278,0.0,0.0,0.0,0.0,0.48727800000000004
t1100,482.196,0.0,0.0,0.0,0.0,0.482196
t1101,462.99,0.0,0.0,0.0,0.0,0.46299
t1102,430.716,0.0,0.0,0.0,0.0,0.430716
t1103,387.02400000000006,0.0,0.0,0.0,0.0,0.38702400000000003
t1104,347.292,0.0,0.0,0.0,0.0,0.347292
t1105,320.727,0.0,0.0,0.0,0.0,0.320727
t1106,305.61299999999994,0.0,0.0,0.0,0.0,0.30561299999999997
t1107,298.485,0.0,0.0,0.0,0.0,0.298485
t1108,297.3960000000001,0.0,0.0,0.0,0.0,0.29739600000000005
t1109,305.11800000000005,0.0,0.0,0.0,0.0,0.30511800000000006
t1110,336.336,0.0,0.0,0.0,0.0,0.336336
t1111,397.947,0.0,0.0,0.0,0.0,0.397947
t1112,433.62000000000006,0.0,0.0,0.0,0.0,0.43362000000000006
t1113,441.738,0.0,0.0,0.0,0.0,0.441738
t1114,448.86600000000004,0.0,0.0,0.0,0.0,0.44886600000000004
t1115,454.01399999999995,0.0,0.0,0.0,0.0,0.454014
t1116,454.40999999999997,0.0,0.0,0.0,0.0,0.45441
t1117,450.81300000000005,0.0,0.0,0.0,0.0,0.450813
t1118,448.23900000000003,0.0,0.0,0.0,0.0,0.44823900000000005
t1119,443.1240000000001,0.0,0.0,0.0,0.0,0.4431240000000001
t1120,438.47100000000006,0.0,0.0,0.0,0.0,0.43847100000000006
t1121,437.94300000000004,0.0,0.0,0.0,0.0,0.437943
t1122,448.833,0.0,0.0,0.0,0.0,0.44883300000000004
t1123,470.6460000000001,0.0,0.0,0.0,0.0,0.47064600000000006
t1124,460.38300000000004,0.0,0.0,0.0,0.0,0.46038300000000004
t1125,442.20000000000005,0.0,0.0,0.0,0.0,0.44220000000000004
t1126,415.93199999999996,0.0,0.0,0.0,0.0,0.41593199999999997
t1127,380.589,0.0,0.0,0.0,0.0,0.380589
t1128,344.223,0.0,0.0,0.0,0.0,0.344223
t1129,317.13,0.0,0.0,0.0,0.0,0.31713
t1130,301.12500000000006,0.0,0.0,0.0,0.0,0.30112500000000003
t1131,292.281,0.0,0.0,0.0,0.0,0.292281
t1132,288.057,0.0,0.0,0.0,0.0,0.288057
t1133,289.839,0.0,0.0,0.0,0.0,0.289839
t1134,301.81800000000004,0.0,0.0,0.0,0.0,0.30181800000000003
t1135,326.70000000000005,0.0,0.0,0.0,0.0,0.32670000000000005
t1136,353.3310000000001,0.0,0.0,0.0,0.0,0.35333100000000006
t1137,383.031,0.0,0.0,0.0,0.0,0.383031
t1138,403.227,0.0,0.0,0.0,0.0,0.403227
t1139,412.302,0.0,0.0,0.0,0.0,0.412302
t1140,412.434,0.0,0.0,0.0,0.0,0.412434
t1141,409.59600000000006,0.0,0.0,0.0,0.0,0.40959600000000007
t1142,403.92,0.0,0.0,0.0,0.0,0.40392
t1143,397.683,0.0,0.0,0.0,0.0,0.397683
t1144,394.779,0.0,0.0,0.0,0.0,0.394779
t1145,398.93700000000007,0.0,0.0,0.0,0.0,0.39893700000000004
t1146,418.44000000000005,0.0,0.0,0.0,0.0,0.41844000000000003
t1147,444.774,0.0,0.0,0.0,0.0,0.444774
t1148,435.039,0.0,0.0,0.0,0.0,0.435039
t1149,418.80300000000005,0.0,0.0,0.0,0.0,0.41880300000000004
t1150,396.264,0.0,0.0,0.0,0.0,0.396264
t1151,367.81800000000004,0.0,0.0,0.0,0.0,0.36781800000000003
t1152,337.128,0.0,0.0,0.0,0.0,0.337128
t1153,312.708,0.0,0.0,0.0,0.0,0.31270800000000004
t1154,296.604,0.0,0.0,0.0,0.0,0.296604
t1155,286.86899999999997,0.0,0.0,0.0,0.0,0.286869
t1156,282.249,0.0,0.0,0.0,0.0,0.282249
t1157,282.15000000000003,0.0,0.0,0.0,0.0,0.28215
t1158,289.377,0.0,0.0,0.0,0.0,0.289377
t1159,306.438,0.0,0.0,0.0,0.0,0.306438
t1160,330.09900000000005,0.0,0.0,0.0,0.0,0.33009900000000003
t1161,361.18500000000006,0.0,0.0,0.0,0.0,0.36118500000000003
t1162,388.80600000000004,0.0,0.0,0.0,0.0,0.38880600000000004
t1163,404.778,0.0,0.0,0.0,0.0,0.404778
t1164,414.38100000000003,0.0,0.0,0.0,0.0,0.41438100000000005
t1165,420.22200000000004,0.0,0.0,0.0,0.0,0.42022200000000004
t1166,419.36400000000003,0.0,0.0,0.0,0.0,0.419364
t1167,417.912,0.0,0.0,0.0,0.0,0.417912
t1168,418.63800000000003,0.0,0.0,0.0,0.0,0.418638
t1169,429.99,0.0,0.0,0.0,0.0,0.42999
t1170,454.67400000000004,0.0,0.0,0.0,0.0,0.454674
t1171,475.29900000000004,0.0,0.0,0.0,0.0,0.475299
t1172,464.673,0.0,0.0,0.0,0.0,0.464673
t1173,442.728,0.0,0.0,0.0,0.0,0.442728
t1174,412.59900000000005,0.0,0.0,0.0,0.0,0.41259900000000005
t1175,378.01500000000004,0.0,0.0,0.0,0.0,0.37801500000000005
t1176,344.55300000000005,0.0,0.0,0.0,0.0,0.34455300000000005
t1177,318.21900000000005,0.0,0.0,0.0,0.0,0.31821900000000003
t1178,308.78099999999995,0.0,0.0,0.0,0.0,0.30878099999999997
t1179,305.25,0.0,0.0,0.0,0.0,0.30525
t1180,307.329,0.0,0.0,0.0,0.0,0.307329
t1181,320.36400000000003,0.0,0.0,0.0,0.0,0.32036400000000004
t1182,358.677,0.0,0.0,0.0,0.0,0.358677
t1183,421.938,0.0,0.0,0.0,0.0,0.421938
t1184,455.895,0.0,0.0,0.0,0.0,0.455895
t1185,464.112,0.0,0.0,0.0,0.0,0.464112
t1186,468.00600000000003,0.0,0.0,0.0,0.0,0.46800600000000003
t1187,469.029,0.0,0.0,0.0,0.0,0.469029
t1188,467.34600000000006,0.0,0.0,0.0,0.0,0.46734600000000004
t1189,463.353,0.0,0.0,0.0,0.0,0.463353
t1190,460.08600000000007,0.0,0.0,0.0,0.0,0.46008600000000005
t1191,452.298,0.0,0.0,0.0,0.0,0.452298
t1192,455.961,0.0,0.0,0.0,0.0,0.455961
t1193,489.423,0.0,0.0,0.0,0.0,0.489423
t1194,529.914,0.0,0.0,0.0,0.0,0.529914
t1195,2280.8057709264986,0.0,0.0,0.0,0.0,2.2808057709264986
t1196,512.853,0.0,0.0,0.0,0.0,0.512853
t1197,490.77600000000007,0.0,0.0,0.0,0.0,0.49077600000000005
t1198,456.39000000000004,0.0,0.0,0.0,0.0,0.45639
t1199,414.77700000000004,0.0,0.0,0.0,0.0,0.41477700000000006
t1200,377.1240000000001,0.0,0.0,0.0,0.0,0.37712400000000007
t1201,354.22200000000004,0.0,0.0,0.0,0.0,0.35422200000000004
t1202,343.002,0.0,0.0,0.0,0.0,0.34300200000000003
t1203,339.14099999999996,0.0,0.0,0.0,0.0,0.33914099999999997
t1204,340.692,0.0,0.0,0.0,0.0,0.340692
t1205,352.836,0.0,0.0,0.0,0.0,0.35283600000000004
t1206,390.48900000000003,0.0,0.0,0.0,0.0,0.39048900000000003
t1207,444.0810000000001,0.0,0.0,0.0,0.0,0.44408100000000006
t1208,470.67900000000003,0.0,0.0,0.0,0.0,0.470679
t1209,475.464,0.0,0.0,0.0,0.0,0.475464
t1210,474.80400000000003,0.0,0.0,0.0,0.0,0.474804
t1211,473.28600000000006,0.0,0.0,0.0,0.0,0.47328600000000004
t1212,470.382,0.0,0.0,0.0,0.0,0.470382
t1213,464.904,0.0,0.0,0.0,0.0,0.464904
t1214,461.10900000000004,0.0,0.0,0.0,0.0,0.46110900000000005
t1215,457.11600000000004,0.0,0.0,0.0,0.0,0.457116
t1216,458.502,0.0,0.0,0.0,0.0,0.458502
t1217,486.75,0.0,0.0,0.0,0.0,0.48675
t1218,1945.1087850184408,0.0,0.0,0.0,0.0,1.9451087850184408
t1219,1928.5669410887394,0.0,0.0,0.0,0.0,1.9285669410887394
t1220,2249.9209925351042,0.0,0.0,0.0,0.0,2.2499209925351042
t1221,500.08200000000005,0.0,0.0,0.0,0.0,0.500082
t1222,467.379,0.0,0.0,0.0,0.0,0.46737900000000004
t1223,426.42600000000004,0.0,0.0,0.0,0.0,0.426426
t1224,391.18199999999996,0.0,0.0,0.0,0.0,0.391182
t1225,372.834,0.0,0.0,0.0,0.0,0.372834
t1226,357.753,0.0,0.0,0.0,0.0,0.357753
t1227,347.78700000000003,0.0,0.0,0.0,0.0,0.347787
t1228,345.18000000000006,0.0,0.0,0.0,0.0,0.34518000000000004
t1229,358.61100000000005,0.0,0.0,0.0,0.0,0.35861100000000007
t1230,391.677,0.0,0.0,0.0,0.0,0.391677
t1231,451.671,0.0,0.0,0.0,0.0,0.451671
t1232,479.95200000000006,0.0,0.0,0.0,0.0,0.47995200000000005
t1233,490.97400000000005,0.0,0.0,0.0,0.0,0.490974
t1234,497.343,0.0,0.0,0.0,0.0,0.49734300000000004
t1235,502.0950000000001,0.0,0.0,0.0,0.0,0.5020950000000001
t1236,505.98900000000003,0.0,0.0,0.0,0.0,0.505989
t1237,505.923,0.0,0.0,0.0,0.0,0.505923
t1238,507.969,0.0,0.0,0.0,0.0,0.507969
t1239,509.751,0.0,0.0,0.0,0.0,0.509751
t1240,520.146,0.0,0.0,0.0,0.0,0.520146
t1241,2315.5417795043822,0.0,0.0,0.0,0.0,2.3155417795043824
t1242,1711.9800858908718,0.0,0.0,0.0,0.0,1.7119800858908718
t1243,1976.7756941669247,0.0,0.0,0.0,0.0,1.9767756941669248
t1244,545.721,0.0,0.0,0.0,0.0,0.545721
t1245,525.4590000000001,0.0,0.0,0.0,0.0,0.525459
t1246,483.71400000000006,0.0,0.0,0.0,0.0,0.48371400000000003
t1247,436.425,0.0,0.0,0.0,0.0,0.436425
t1248,397.683,0.0,0.0,0.0,0.0,0.397683
t1249,370.26000000000005,0.0,0.0,0.0,0.0,0.37026000000000003
t1250,357.32399999999996,0.0,0.0,0.0,0.0,0.357324
t1251,350.69100000000003,0.0,0.0,0.0,0.0,0.35069100000000003
t1252,350.757,0.0,0.0,0.0,0.0,0.350757
t1253,361.15200000000004,0.0,0.0,0.0,0.0,0.36115200000000003
t1254,394.944,0.0,0.0,0.0,0.0,0.394944
t1255,449.36100000000005,0.0,0.0,0.0,0.0,0.44936100000000007
t1256,482.32800000000003,0.0,0.0,0.0,0.0,0.48232800000000003
t1257,496.749,0.0,0.0,0.0,0.0,0.49674900000000005
t1258,501.138,0.0,0.0,0.0,0.0,0.501138
t1259,505.52700000000004,0.0,0.0,0.0,0.0,0.5055270000000001
t1260,506.3850000000001,0.0,0.0,0.0,0.0,0.5063850000000001
t1261,502.02899999999994,0.0,0.0,0.0,0.0,0.502029
t1262,500.544,0.0,0.0,0.0,0.0,0.500544
t1263,496.221,0.0,0.0,0.0,0.0,0.496221
t1264,499.45500000000004,0.0,0.0,0.0,0.0,0.49945500000000004
t1265,526.0200000000001,0.0,0.0,0.0,0.0,0.52602
t1266,548.7239999999999,0.0,0.0,0.0,0.0,0.548724
t1267,541.3979999999999,0.0,0.0,0.0,0.0,0.5413979999999999
t1268,527.076,0.0,0.0,0.0,0.0,0.527076
t1269,504.7020000000001,0.0,0.0,0.0,0.0,0.5047020000000001
t1270,467.31300000000005,0.0,0.0,0.0,0.0,0.46731300000000003
t1271,422.82900000000006,0.0,0.0,0.0,0.0,0.42282900000000007
t1272,382.47,0.0,0.0,0.0,0.0,0.38247000000000003
t1273,358.314,0.0,0.0,0.0,0.0,0.358314
t1274,344.817,0.0,0.0,0.0,0.0,0.344817
t1275,337.524,0.0,0.0,0.0,0.0,0.337524
t1276,337.062,0.0,0.0,0.0,0.0,0.33706200000000003
t1277,347.78700000000003,0.0,0.0,0.0,0.0,0.347787
t1278,382.00800000000004,0.0,0.0,0.0,0.0,0.382008
t1279,437.811,0.0,0.0,0.0,0.0,0.437811
t1280,465.168,0.0,0.0,0.0,0.0,0.465168
t1281,469.98600000000005,0.0,0.0,0.0,0.0,0.46998600000000007
t1282,469.458,0.0,0.0,0.0,0.0,0.46945800000000004
t1283,468.66600000000005,0.0,0.0,0.0,0.0,0.468666
t1284,464.442,0.0,0.0,0.0,0.0,0.464442
t1285,456.25800000000004,0.0,0.0,0.0,0.0,0.45625800000000005
t1286,451.93500000000006,0.0,0.0,0.0,0.0,0.45193500000000003
t1287,446.886,0.0,0.0,0.0,0.0,0.446886
t1288,446.754,0.0,0.0,0.0,0.0,0.44675400000000004
t1289,471.76800000000003,0.0,0.0,0.0,0.0,0.471768
t1290,504.603,0.0,0.0,0.0,0.0,0.504603
t1291,497.937,0.0,0.0,0.0,0.0,0.497937
t1292,482.13,0.0,0.0,0.0,0.0,0.48213
t1293,463.84799999999996,0.0,0.0,0.0,0.0,0.463848
t1294,437.58000000000004,0.0,0.0,0.0,0.0,0.43758
t1295,403.524,0.0,0.0,0.0,0.0,0.403524
t1296,369.435,0.0,0.0,0.0,0.0,0.369435
t1297,343.06800000000004,0.0,0.0,0.0,0.0,0.34306800000000004
t1298,329.14200000000005,0.0,0.0,0.0,0.0,0.32914200000000005
t1299,321.123,0.0,0.0,0.0,0.0,0.321123
t1300,318.28499999999997,0.0,0.0,0.0,0.0,0.318285
t1301,322.47600000000006,0.0,0.0,0.0,0.0,0.32247600000000004
t1302,336.336,0.0,0.0,0.0,0.0,0.336336
t1303,358.083,0.0,0.0,0.0,0.0,0.35808300000000004
t1304,383.88899999999995,0.0,0.0,0.0,0.0,0.383889
t1305,409.464,0.0,0.0,0.0,0.0,0.409464
t1306,421.278,0.0,0.0,0.0,0.0,0.42127800000000004
t1307,422.103,0.0,0.0,0.0,0.0,0.422103
t1308,417.12000000000006,0.0,0.0,0.0,0.0,0.41712000000000005
t1309,409.53000000000003,0.0,0.0,0.0,0.0,0.40953
t1310,401.577,0.0,0.0,0.0,0.0,0.401577
t1311,396.92400000000004,0.0,0.0,0.0,0.0,0.39692400000000005
t1312,400.125,0.0,0.0,0.0,0.0,0.400125
t1313,431.64000000000004,0.0,0.0,0.0,0.0,0.43164
t1314,466.29,0.0,0.0,0.0,0.0,0.46629000000000004
t1315,460.08600000000007,0.0,0.0,0.0,0.0,0.46008600000000005
t1316,446.622,0.0,0.0,0.0,0.0,0.446622
t1317,431.343,0.0,0.0,0.0,0.0,0.43134300000000003
t1318,409.992,0.0,0.0,0.0,0.0,0.409992
t1319,382.338,0.0,0.0,0.0,0.0,0.382338
t1320,352.86899999999997,0.0,0.0,0.0,0.0,0.352869
t1321,330.462,0.0,0.0,0.0,0.0,0.330462
t1322,315.744,0.0,0.0,0.0,0.0,0.315744
t1323,307.52700000000004,0.0,0.0,0.0,0.0,0.30752700000000005
t1324,303.89700000000005,0.0,0.0,0.0,0.0,0.30389700000000003
t1325,305.778,0.0,0.0,0.0,0.0,0.305778
t1326,314.09400000000005,0.0,0.0,0.0,0.0,0.31409400000000004
t1327,328.878,0.0,0.0,0.0,0.0,0.328878
t1328,350.757,0.0,0.0,0.0,0.0,0.350757
t1329,379.071,0.0,0.0,0.0,0.0,0.37907100000000005
t1330,395.505,0.0,0.0,0.0,0.0,0.395505
t1331,401.577,0.0,0.0,0.0,0.0,0.401577
t1332,403.194,0.0,0.0,0.0,0.0,0.403194
t1333,402.40200000000004,0.0,0.0,0.0,0.0,0.40240200000000004
t1334,397.089,0.0,0.0,0.0,0.0,0.397089
t1335,392.46900000000005,0.0,0.0,0.0,0.0,0.39246900000000007
t1336,394.08600000000007,0.0,0.0,0.0,0.0,0.39408600000000005
t1337,426.55800000000005,0.0,0.0,0.0,0.0,0.42655800000000005
t1338,464.343,0.0,0.0,0.0,0.0,0.464343
t1339,458.46900000000005,0.0,0.0,0.0,0.0,0.45846900000000007
t1340,443.19000000000005,0.0,0.0,0.0,0.0,0.44319000000000003
t1341,424.04999999999995,0.0,0.0,0.0,0.0,0.42405
t1342,396.627,0.0,0.0,0.0,0.0,0.396627
t1343,364.485,0.0,0.0,0.0,0.0,0.364485
t1344,334.55400000000003,0.0,0.0,0.0,0.0,0.334554
t1345,4905.60028880971,0.0,0.0,0.0,0.0,4.90560028880971
t1346,343.82700000000006,0.0,0.0,0.0,0.0,0.34382700000000005
t1347,338.67900000000003,0.0,0.0,0.0,0.0,0.338679
t1348,338.90999999999997,0.0,0.0,0.0,0.0,0.33891
t1349,351.417,0.0,0.0,0.0,0.0,0.351417
t1350,387.123,0.0,0.0,0.0,0.0,0.387123
t1351,450.0210000000001,0.0,0.0,0.0,0.0,0.45002100000000006
t1352,481.8,0.0,0.0,0.0,0.0,0.4818
t1353,484.539,0.0,0.0,0.0,0.0,0.484539
t1354,485.36400000000003,0.0,0.0,0.0,0.0,0.485364
t1355,484.704,0.0,0.0,0.0,0.0,0.484704
t1356,481.899,0.0,0.0,0.0,0.0,0.481899
t1357,478.005,0.0,0.0,0.0,0.0,0.478005
t1358,474.507,0.0,0.0,0.0,0.0,0.474507
t1359,469.656,0.0,0.0,0.0,0.0,0.469656
t1360,474.705,0.0,0.0,0.0,0.0,0.474705
t1361,513.81,0.0,0.0,0.0,0.0,0.51381
t1362,1150.797576646024,0.0,0.0,0.0,0.0,1.1507975766460241
t1363,1134.1890979087984,0.0,0.0,0.0,0.0,1.1341890979087985
t1364,1461.4720660530268,0.0,0.0,0.0,0.0,1.4614720660530267
t1365,2111.9124613237154,0.0,0.0,0.0,0.0,2.1119124613237155
t1366,483.68100000000004,0.0,0.0,0.0,0.0,0.483681
t1367,437.646,0.0,0.0,0.0,0.0,0.43764600000000003
t1368,396.264,0.0,0.0,0.0,0.0,0.396264
t1369,370.656,0.0,0.0,0.0,0.0,0.370656
t1370,357.225,0.0,0.0,0.0,0.0,0.357225
t1371,350.856,0.0,0.0,0.0,0.0,0.350856
t1372,350.526,0.0,0.0,0.0,0.0,0.350526
t1373,361.28400000000005,0.0,0.0,0.0,0.0,0.36128400000000005
t1374,395.47200000000004,0.0,0.0,0.0,0.0,0.39547200000000005
t1375,458.007,0.0,0.0,0.0,0.0,0.458007
t1376,491.37,0.0,0.0,0.0,0.0,0.49137000000000003
t1377,499.422,0.0,0.0,0.0,0.0,0.49942200000000003
t1378,502.953,0.0,0.0,0.0,0.0,0.502953
t1379,506.88,0.0,0.0,0.0,0.0,0.50688
t1380,2611.3341684840047,0.0,0.0,0.0,0.0,2.611334168484005
t1381,2605.6911143607094,0.0,0.0,0.0,0.0,2.6056911143607095
t1382,507.27600000000007,0.0,0.0,0.0,0.0,0.5072760000000001
t1383,504.405,0.0,0.0,0.0,0.0,0.504405
t1384,510.90599999999995,0.0,0.0,0.0,0.0,0.510906
t1385,1278.4308269086466,0.0,0.0,0.0,0.0,1.2784308269086466
t1386,569.1510000000001,0.0,0.0,0.0,0.0,0.5691510000000001
t1387,704.5019175864234,0.0,0.0,0.0,0.0,0.7045019175864233
t1388,1168.8270541899826,0.0,0.0,0.0,0.0,1.1688270541899826
t1389,525.888,0.0,0.0,0.0,0.0,0.525888
t1390,487.839,0.0,0.0,0.0,0.0,0.487839
t1391,440.286,0.0,0.0,0.0,0.0,0.440286
t1392,397.716,0.0,0.0,0.0,0.0,0.397716
t1393,369.996,0.0,0.0,0.0,0.0,0.369996
t1394,355.245,0.0,0.0,0.0,0.0,0.35524500000000003
t1395,349.206,0.0,0.0,0.0,0.0,0.349206
t1396,349.14,0.0,0.0,0.0,0.0,0.34914
t1397,360.129,0.0,0.0,0.0,0.0,0.36012900000000003
t1398,394.911,0.0,0.0,0.0,0.0,0.394911
t1399,458.43600000000004,0.0,0.0,0.0,0.0,0.458436
t1400,491.99700000000007,0.0,0.0,0.0,0.0,0.4919970000000001
t1401,495.69300000000004,0.0,0.0,0.0,0.0,0.49569300000000005
t1402,496.55100000000004,0.0,0.0,0.0,0.0,0.496551
t1403,497.97,0.0,0.0,0.0,0.0,0.49797
t1404,494.076,0.0,0.0,0.0,0.0,0.494076
t1405,488.037,0.0,0.0,0.0,0.0,0.488037
t1406,486.585,0.0,0.0,0.0,0.0,0.486585
t1407,485.3310000000001,0.0,0.0,0.0,0.0,0.48533100000000007
t1408,492.45900000000006,0.0,0.0,0.0,0.0,0.49245900000000004
t1409,1747.8301926503334,0.0,0.0,0.0,0.0,1.7478301926503335
t1410,799.5921531993737,0.0,0.0,0.0,0.0,0.7995921531993737
t1411,903.9110587759644,0.0,0.0,0.0,0.0,0.9039110587759644
t1412,1270.1418361688043,0.0,0.0,0.0,0.0,1.2701418361688042
t1413,1883.4141986328063,0.0,0.0,0.0,0.0,1.8834141986328063
t1414,493.119,0.0,0.0,0.0,0.0,0.49311900000000003
t1415,447.315,0.0,0.0,0.0,0.0,0.447315
t1416,405.43800000000005,0.0,0.0,0.0,0.0,0.405438
t1417,378.41100000000006,0.0,0.0,0.0,0.0,0.37841100000000005
t1418,364.91400000000004,0.0,0.0,0.0,0.0,0.364914
t1419,359.271,0.0,0.0,0.0,0.0,0.359271
t1420,359.271,0.0,0.0,0.0,0.0,0.359271
t1421,369.567,0.0,0.0,0.0,0.0,0.36956700000000003
t1422,405.306,0.0,0.0,0.0,0.0,0.405306
t1423,469.22700000000003,0.0,0.0,0.0,0.0,0.469227
t1424,499.19100000000003,0.0,0.0,0.0,0.0,0.49919100000000005
t1425,499.12500000000006,0.0,0.0,0.0,0.0,0.49912500000000004
t1426,495.59400000000005,0.0,0.0,0.0,0.0,0.49559400000000003
t1427,493.812,0.0,0.0,0.0,0.0,0.49381200000000003
t1428,490.11600000000004,0.0,0.0,0.0,0.0,0.49011600000000005
t1429,482.757,0.0,0.0,0.0,0.0,0.482757
t1430,480.28200000000004,0.0,0.0,0.0,0.0,0.48028200000000004
t1431,476.02500000000003,0.0,0.0,0.0,0.0,0.47602500000000003
t1432,481.63500000000005,0.0,0.0,0.0,0.0,0.48163500000000004
t1433,518.7270000000001,0.0,0.0,0.0,0.0,0.518727
t1434,1580.1540279776525,0.0,0.0,0.0,0.0,1.5801540279776525
t1435,1356.3328378708802,0.0,0.0,0.0,0.0,1.3563328378708803
t1436,1856.4307311244193,0.0,0.0,0.0,0.0,1.8564307311244193
t1437,522.225,0.0,0.0,0.0,0.0,0.522225
t1438,487.7730000000001,0.0,0.0,0.0,0.0,0.48777300000000007
t1439,441.21,0.0,0.0,0.0,0.0,0.44121
t1440,398.37600000000003,0.0,0.0,0.0,0.0,0.398376
t1441,370.755,0.0,0.0,0.0,0.0,0.370755
t1442,356.7300000000001,0.0,0.0,0.0,0.0,0.35673000000000005
t1443,349.866,0.0,0.0,0.0,0.0,0.349866
t1444,350.32800000000003,0.0,0.0,0.0,0.0,0.35032800000000003
t1445,361.581,0.0,0.0,0.0,0.0,0.36158100000000004
t1446,397.485,0.0,0.0,0.0,0.0,0.39748500000000003
t1447,460.15200000000004,0.0,0.0,0.0,0.0,0.46015200000000006
t1448,492.06300000000005,0.0,0.0,0.0,0.0,0.49206300000000003
t1449,499.95000000000005,0.0,0.0,0.0,0.0,0.49995000000000006
t1450,502.16100000000006,0.0,0.0,0.0,0.0,0.5021610000000001
t1451,500.412,0.0,0.0,0.0,0.0,0.500412
t1452,496.51800000000003,0.0,0.0,0.0,0.0,0.496518
t1453,491.70000000000005,0.0,0.0,0.0,0.0,0.4917
t1454,490.314,0.0,0.0,0.0,0.0,0.490314
t1455,488.7300000000001,0.0,0.0,0.0,0.0,0.48873000000000005
t1456,496.254,0.0,0.0,0.0,0.0,0.49625400000000003
t1457,1639.9878584318585,0.0,0.0,0.0,0.0,1.6399878584318586
t1458,1016.3369384847414,0.0,0.0,0.0,0.0,1.0163369384847414
t1459,1278.6235189225863,0.0,0.0,0.0,0.0,1.2786235189225863
t1460,532.0590000000001,0.0,0.0,0.0,0.0,0.5320590000000001
t1461,514.437,0.0,0.0,0.0,0.0,0.514437
t1462,487.64099999999996,0.0,0.0,0.0,0.0,0.487641
t1463,449.922,0.0,0.0,0.0,0.0,0.44992200000000004
t1464,410.751,0.0,0.0,0.0,0.0,0.410751
t1465,381.08400000000006,0.0,0.0,0.0,0.0,0.38108400000000003
t1466,363.79200000000003,0.0,0.0,0.0,0.0,0.363792
t1467,355.542,0.0,0.0,0.0,0.0,0.35554199999999997
t1468,352.77,0.0,0.0,0.0,0.0,0.35277
t1469,356.037,0.0,0.0,0.0,0.0,0.356037
t1470,369.369,0.0,0.0,0.0,0.0,0.369369
t1471,396.396,0.0,0.0,0.0,0.0,0.396396
t1472,426.55800000000005,0.0,0.0,0.0,0.0,0.42655800000000005
t1473,459.591,0.0,0.0,0.0,0.0,0.459591
t1474,481.30500000000006,0.0,0.0,0.0,0.0,0.48130500000000004
t1475,491.37,0.0,0.0,0.0,0.0,0.49137000000000003
t1476,492.49199999999996,0.0,0.0,0.0,0.0,0.492492
t1477,490.34700000000004,0.0,0.0,0.0,0.0,0.49034700000000003
t1478,485.628,0.0,0.0,0.0,0.0,0.485628
t1479,482.39400000000006,0.0,0.0,0.0,0.0,0.48239400000000004
t1480,488.367,0.0,0.0,0.0,0.0,0.488367
t1481,2050.2742952399444,0.0,0.0,0.0,0.0,2.0502742952399444
t1482,1618.5154624012164,0.0,0.0,0.0,0.0,1.6185154624012164
t1483,1882.4315625921777,0.0,0.0,0.0,0.0,1.8824315625921777
t1484,2405.558376517412,0.0,0.0,0.0,0.0,2.405558376517412
t1485,2940.248605015249,0.0,0.0,0.0,0.0,2.940248605015249
t1486,467.577,0.0,0.0,0.0,0.0,0.467577
t1487,434.214,0.0,0.0,0.0,0.0,0.434214
t1488,397.55100000000004,0.0,0.0,0.0,0.0,0.39755100000000004
t1489,369.072,0.0,0.0,0.0,0.0,0.369072
t1490,351.21900000000005,0.0,0.0,0.0,0.0,0.35121900000000006
t1491,340.593,0.0,0.0,0.0,0.0,0.34059300000000003
t1492,335.74199999999996,0.0,0.0,0.0,0.0,0.335742
t1493,336.171,0.0,0.0,0.0,0.0,0.336171
t1494,344.289,0.0,0.0,0.0,0.0,0.344289
t1495,361.647,0.0,0.0,0.0,0.0,0.361647
t1496,383.955,0.0,0.0,0.0,0.0,0.383955
t1497,414.117,0.0,0.0,0.0,0.0,0.414117
t1498,436.194,0.0,0.0,0.0,0.0,0.436194
t1499,446.16,0.0,0.0,0.0,0.0,0.44616
t1500,449.394,0.0,0.0,0.0,0.0,0.449394
t1501,449.6910000000001,0.0,0.0,0.0,0.0,0.44969100000000006
t1502,444.74100000000004,0.0,0.0,0.0,0.0,0.44474100000000005
t1503,440.319,0.0,0.0,0.0,0.0,0.440319
t1504,446.68800000000005,0.0,0.0,0.0,0.0,0.44668800000000003
t1505,490.51200000000006,0.0,0.0,0.0,0.0,0.49051200000000006
t1506,517.407,0.0,0.0,0.0,0.0,0.5174070000000001
t1507,511.50000000000006,0.0,0.0,0.0,0.0,0.5115000000000001
t1508,497.07900000000006,0.0,0.0,0.0,0.0,0.49707900000000005
t1509,475.53000000000003,0.0,0.0,0.0,0.0,0.47553
t1510,440.979,0.0,0.0,0.0,0.0,0.440979
t1511,398.343,0.0,0.0,0.0,0.0,0.398343
t1512,359.04,0.0,0.0,0.0,0.0,0.35904
t1513,343.398,0.0,0.0,0.0,0.0,0.34339800000000004
t1514,329.70300000000003,0.0,0.0,0.0,0.0,0.329703
t1515,323.565,0.0,0.0,0.0,0.0,0.323565
t1516,322.87200000000007,0.0,0.0,0.0,0.0,0.32287200000000005
t1517,334.257,0.0,0.0,0.0,0.0,0.334257
t1518,368.742,0.0,0.0,0.0,0.0,0.368742
t1519,430.98,0.0,0.0,0.0,0.0,0.43098000000000003
t1520,471.834,0.0,0.0,0.0,0.0,0.47183400000000003
t1521,481.1070000000001,0.0,0.0,0.0,0.0,0.48110700000000006
t1522,487.542,0.0,0.0,0.0,0.0,0.487542
t1523,492.723,0.0,0.0,0.0,0.0,0.492723
t1524,493.449,0.0,0.0,0.0,0.0,0.493449
t1525,492.06300000000005,0.0,0.0,0.0,0.0,0.49206300000000003
t1526,491.436,0.0,0.0,0.0,0.0,0.491436
t1527,487.311,0.0,0.0,0.0,0.0,0.487311
t1528,495.033,0.0,0.0,0.0,0.0,0.495033
t1529,2769.5044275235023,0.0,0.0,0.0,0.0,2.7695044275235023
t1530,553.509,0.0,0.0,0.0,0.0,0.553509
t1531,546.7769999999999,0.0,0.0,0.0,0.0,0.546777
t1532,530.3430000000001,0.0,0.0,0.0,0.0,0.5303430000000001
t1533,506.68199999999996,0.0,0.0,0.0,0.0,0.506682
t1534,469.095,0.0,0.0,0.0,0.0,0.46909500000000004
t1535,422.40000000000003,0.0,0.0,0.0,0.0,0.42240000000000005
t1536,375.80400000000003,0.0,0.0,0.0,0.0,0.375804
t1537,342.408,0.0,0.0,0.0,0.0,0.342408
t1538,324.621,0.0,0.0,0.0,0.0,0.324621
t1539,315.645,0.0,0.0,0.0,0.0,0.315645
t1540,314.09400000000005,0.0,0.0,0.0,0.0,0.31409400000000004
t1541,322.905,0.0,0.0,0.0,0.0,0.322905
t1542,358.314,0.0,0.0,0.0,0.0,0.358314
t1543,423.093,0.0,0.0,0.0,0.0,0.423093
t1544,461.47200000000004,0.0,0.0,0.0,0.0,0.46147200000000005
t1545,469.72200000000004,0.0,0.0,0.0,0.0,0.46972200000000003
t1546,472.032,0.0,0.0,0.0,0.0,0.472032
t1547,471.90000000000003,0.0,0.0,0.0,0.0,0.47190000000000004
t1548,470.547,0.0,0.0,0.0,0.0,0.47054700000000005
t1549,466.19100000000003,0.0,0.0,0.0,0.0,0.466191
t1550,465.333,0.0,0.0,0.0,0.0,0.46533300000000005
t1551,463.617,0.0,0.0,0.0,0.0,0.463617
t1552,471.76800000000003,0.0,0.0,0.0,0.0,0.471768
t1553,517.506,0.0,0.0,0.0,0.0,0.517506
t1554,1713.907418874033,0.0,0.0,0.0,0.0,1.713907418874033
t1555,1788.808397904848,0.0,0.0,0.0,0.0,1.7888083979048481
t1556,2051.2559011662147,0.0,0.0,0.0,0.0,2.051255901166215
t1557,2666.4618350825913,0.0,0.0,0.0,0.0,2.6664618350825915
t1558,490.71,0.0,0.0,0.0,0.0,0.49071
t1559,442.20000000000005,0.0,0.0,0.0,0.0,0.44220000000000004
t1560,397.089,0.0,0.0,0.0,0.0,0.397089
t1561,368.742,0.0,0.0,0.0,0.0,0.368742
t1562,355.08,0.0,0.0,0.0,0.0,0.35508
t1563,349.00800000000004,0.0,0.0,0.0,0.0,0.34900800000000004
t1564,349.47,0.0,0.0,0.0,0.0,0.34947
t1565,361.878,0.0,0.0,0.0,0.0,0.361878
t1566,398.673,0.0,0.0,0.0,0.0,0.398673
t1567,464.772,0.0,0.0,0.0,0.0,0.464772
t1568,499.19100000000003,0.0,0.0,0.0,0.0,0.49919100000000005
t1569,501.17100000000005,0.0,0.0,0.0,0.0,0.501171
t1570,499.12500000000006,0.0,0.0,0.0,0.0,0.49912500000000004
t1571,496.749,0.0,0.0,0.0,0.0,0.49674900000000005
t1572,493.317,0.0,0.0,0.0,0.0,0.493317
t1573,487.311,0.0,0.0,0.0,0.0,0.487311
t1574,485.628,0.0,0.0,0.0,0.0,0.485628
t1575,482.031,0.0,0.0,0.0,0.0,0.482031
t1576,490.80899999999997,0.0,0.0,0.0,0.0,0.490809
t1577,2504.112481497835,0.0,0.0,0.0,0.0,2.5041124814978346
t1578,1498.1831521750983,0.0,0.0,0.0,0.0,1.4981831521750983
t1579,1504.6294502006604,0.0,0.0,0.0,0.0,1.5046294502006603
t1580,1684.9866417029061,0.0,0.0,0.0,0.0,1.6849866417029062
t1581,2636.9306111395795,0.0,0.0,0.0,0.0,2.6369306111395794
t1582,507.375,0.0,0.0,0.0,0.0,0.507375
t1583,458.898,0.0,0.0,0.0,0.0,0.45889800000000003
t1584,412.401,0.0,0.0,0.0,0.0,0.412401
t1585,381.15000000000003,0.0,0.0,0.0,0.0,0.38115000000000004
t1586,365.244,0.0,0.0,0.0,0.0,0.365244
t1587,358.677,0.0,0.0,0.0,0.0,0.358677
t1588,359.337,0.0,0.0,0.0,0.0,0.359337
t1589,370.26000000000005,0.0,0.0,0.0,0.0,0.37026000000000003
t1590,406.362,0.0,0.0,0.0,0.0,0.406362
t1591,471.504,0.0,0.0,0.0,0.0,0.47150400000000003
t1592,504.43800000000005,0.0,0.0,0.0,0.0,0.504438
t1593,506.154,0.0,0.0,0.0,0.0,0.506154
t1594,499.158,0.0,0.0,0.0,0.0,0.499158
t1595,492.65700000000004,0.0,0.0,0.0,0.0,0.492657
t1596,485.925,0.0,0.0,0.0,0.0,0.485925
t1597,478.69800000000004,0.0,0.0,0.0,0.0,0.478698
t1598,475.563,0.0,0.0,0.0,0.0,0.475563
t1599,472.13100000000003,0.0,0.0,0.0,0.0,0.472131
t1600,478.50000000000006,0.0,0.0,0.0,0.0,0.47850000000000004
t1601,2845.9530613529723,0.0,0.0,0.0,0.0,2.845953061352972
t1602,1595.7569525760675,0.0,0.0,0.0,0.0,1.5957569525760675
t1603,1788.381917886184,0.0,0.0,0.0,0.0,1.7883819178861842
t1604,1759.3398613535421,0.0,0.0,0.0,0.0,1.759339861353542
t1605,537.9000000000001,0.0,0.0,0.0,0.0,0.5379
t1606,506.25299999999993,0.0,0.0,0.0,0.0,0.506253
t1607,458.733,0.0,0.0,0.0,0.0,0.458733
t1608,412.863,0.0,0.0,0.0,0.0,0.412863
t1609,382.437,0.0,0.0,0.0,0.0,0.382437
t1610,367.653,0.0,0.0,0.0,0.0,0.367653
t1611,361.05300000000005,0.0,0.0,0.0,0.0,0.36105300000000007
t1612,361.05300000000005,0.0,0.0,0.0,0.0,0.36105300000000007
t1613,371.91,0.0,0.0,0.0,0.0,0.37191
t1614,407.418,0.0,0.0,0.0,0.0,0.407418
t1615,471.009,0.0,0.0,0.0,0.0,0.471009
t1616,504.17400000000004,0.0,0.0,0.0,0.0,0.504174
t1617,505.56,0.0,0.0,0.0,0.0,0.50556
t1618,499.785,0.0,0.0,0.0,0.0,0.49978500000000003
t1619,494.571,0.0,0.0,0.0,0.0,0.49457100000000004
t1620,487.542,0.0,0.0,0.0,0.0,0.487542
t1621,477.873,0.0,0.0,0.0,0.0,0.477873
t1622,471.306,0.0,0.0,0.0,0.0,0.471306
t1623,467.77500000000003,0.0,0.0,0.0,0.0,0.46777500000000005
t1624,473.022,0.0,0.0,0.0,0.0,0.473022
t1625,515.955,0.0,0.0,0.0,0.0,0.515955
t1626,546.381,0.0,0.0,0.0,0.0,0.546381
t1627,539.682,0.0,0.0,0.0,0.0,0.539682
t1628,526.5150000000001,0.0,0.0,0.0,0.0,0.5265150000000001
t1629,509.85,0.0,0.0,0.0,0.0,0.50985
t1630,485.66100000000006,0.0,0.0,0.0,0.0,0.48566100000000006
t1631,447.41400000000004,0.0,0.0,0.0,0.0,0.44741400000000003
t1632,405.20700000000005,0.0,0.0,0.0,0.0,0.40520700000000004
t1633,373.329,0.0,0.0,0.0,0.0,0.373329
t1634,354.61800000000005,0.0,0.0,0.0,0.0,0.35461800000000004
t1635,346.53299999999996,0.0,0.0,0.0,0.0,0.346533
t1636,343.89300000000003,0.0,0.0,0.0,0.0,0.343893
t1637,347.919,0.0,0.0,0.0,0.0,0.347919
t1638,362.73600000000005,0.0,0.0,0.0,0.0,0.36273600000000006
t1639,390.819,0.0,0.0,0.0,0.0,0.390819
t1640,419.3310000000001,0.0,0.0,0.0,0.0,0.41933100000000006
t1641,446.68800000000005,0.0,0.0,0.0,0.0,0.44668800000000003
t1642,460.449,0.0,0.0,0.0,0.0,0.460449
t1643,462.66,0.0,0.0,0.0,0.0,0.46266
t1644,457.61100000000005,0.0,0.0,0.0,0.0,0.45761100000000005
t1645,448.53600000000006,0.0,0.0,0.0,0.0,0.44853600000000005
t1646,439.56,0.0,0.0,0.0,0.0,0.43956
t1647,436.12800000000004,0.0,0.0,0.0,0.0,0.436128
t1648,443.68500000000006,0.0,0.0,0.0,0.0,0.44368500000000005
t1649,492.162,0.0,0.0,0.0,0.0,0.492162
t1650,2597.197292800537,0.0,0.0,0.0,0.0,2.597197292800537
t1651,520.938,0.0,0.0,0.0,0.0,0.520938
t1652,508.332,0.0,0.0,0.0,0.0,0.508332
t1653,495.59400000000005,0.0,0.0,0.0,0.0,0.49559400000000003
t1654,474.63899999999995,0.0,0.0,0.0,0.0,0.474639
t1655,443.421,0.0,0.0,0.0,0.0,0.443421
t1656,406.065,0.0,0.0,0.0,0.0,0.406065
t1657,375.44100000000003,0.0,0.0,0.0,0.0,0.375441
t1658,356.796,0.0,0.0,0.0,0.0,0.356796
t1659,346.83000000000004,0.0,0.0,0.0,0.0,0.34683
t1660,342.408,0.0,0.0,0.0,0.0,0.342408
t1661,343.66200000000003,0.0,0.0,0.0,0.0,0.343662
t1662,352.63800000000003,0.0,0.0,0.0,0.0,0.352638
t1663,371.877,0.0,0.0,0.0,0.0,0.371877
t1664,396.33000000000004,0.0,0.0,0.0,0.0,0.39633
t1665,431.673,0.0,0.0,0.0,0.0,0.43167300000000003
t1666,460.15200000000004,0.0,0.0,0.0,0.0,0.46015200000000006
t1667,475.49700000000007,0.0,0.0,0.0,0.0,0.47549700000000006
t1668,484.671,0.0,0.0,0.0,0.0,0.484671
t1669,491.733,0.0,0.0,0.0,0.0,0.49173300000000003
t1670,494.043,0.0,0.0,0.0,0.0,0.494043
t1671,494.83500000000004,0.0,0.0,0.0,0.0,0.494835
t1672,505.72499999999997,0.0,0.0,0.0,0.0,0.505725
t1673,2363.340790973204,0.0,0.0,0.0,0.0,2.3633407909732043
t1674,561.957,0.0,0.0,0.0,0.0,0.561957
t1675,1885.433950621703,0.0,0.0,0.0,0.0,1.885433950621703
t1676,542.0250000000001,0.0,0.0,0.0,0.0,0.5420250000000001
t1677,521.3670000000001,0.0,0.0,0.0,0.0,0.521367
t1678,492.06300000000005,0.0,0.0,0.0,0.0,0.49206300000000003
t1679,449.196,0.0,0.0,0.0,0.0,0.44919600000000004
t1680,405.834,0.0,0.0,0.0,0.0,0.40583400000000003
t1681,373.9560000000001,0.0,0.0,0.0,0.0,0.37395600000000007
t1682,355.509,0.0,0.0,0.0,0.0,0.355509
t1683,348.645,0.0,0.0,0.0,0.0,0.348645
t1684,347.78700000000003,0.0,0.0,0.0,0.0,0.347787
t1685,359.337,0.0,0.0,0.0,0.0,0.359337
t1686,393.129,0.0,0.0,0.0,0.0,0.393129
t1687,454.575,0.0,0.0,0.0,0.0,0.454575
t1688,497.07900000000006,0.0,0.0,0.0,0.0,0.49707900000000005
t1689,509.982,0.0,0.0,0.0,0.0,0.509982
t1690,514.998,0.0,0.0,0.0,0.0,0.5149980000000001
t1691,2736.7181636410296,0.0,0.0,0.0,0.0,2.7367181636410294
t1692,2953.3664304127446,0.0,0.0,0.0,0.0,2.9533664304127445
t1693,2814.949081800638,0.0,0.0,0.0,0.0,2.8149490818006377
t1694,2867.5084585360046,0.0,0.0,0.0,0.0,2.8675084585360047
t1695,3015.7099599825888,0.0,0.0,0.0,0.0,3.0157099599825887
t1696,2671.7957681245343,0.0,0.0,0.0,0.0,2.671795768124534
t1697,1618.8890502732497,0.0,0.0,0.0,0.0,1.6188890502732498
t1698,579.909,0.0,0.0,0.0,0.0,0.579909
t1699,574.1670000000001,0.0,0.0,0.0,0.0,0.5741670000000001
t1700,1713.7827902559657,0.0,0.0,0.0,0.0,1.7137827902559657
t1701,2341.9003788969535,0.0,0.0,0.0,0.0,2.3419003788969537
t1702,500.247,0.0,0.0,0.0,0.0,0.500247
t1703,449.55899999999997,0.0,0.0,0.0,0.0,0.449559
t1704,401.247,0.0,0.0,0.0,0.0,0.401247
t1705,368.18100000000004,0.0,0.0,0.0,0.0,0.36818100000000004
t1706,351.879,0.0,0.0,0.0,0.0,0.351879
t1707,342.87,0.0,0.0,0.0,0.0,0.34287
t1708,341.121,0.0,0.0,0.0,0.0,0.341121
t1709,349.866,0.0,0.0,0.0,0.0,0.349866
t1710,382.73400000000004,0.0,0.0,0.0,0.0,0.382734
t1711,443.982,0.0,0.0,0.0,0.0,0.44398200000000004
t1712,483.252,0.0,0.0,0.0,0.0,0.483252
t1713,489.62100000000004,0.0,0.0,0.0,0.0,0.48962100000000003
t1714,491.865,0.0,0.0,0.0,0.0,0.491865
t1715,494.802,0.0,0.0,0.0,0.0,0.494802
t1716,493.91100000000006,0.0,0.0,0.0,0.0,0.49391100000000004
t1717,488.697,0.0,0.0,0.0,0.0,0.488697
t1718,486.42,0.0,0.0,0.0,0.0,0.48642
t1719,482.72400000000005,0.0,0.0,0.0,0.0,0.48272400000000004
t1720,488.63100000000003,0.0,0.0,0.0,0.0,0.48863100000000004
t1721,2182.55415979551,0.0,0.0,0.0,0.0,2.18255415979551
t1722,1240.6342703011717,0.0,0.0,0.0,0.0,1.2406342703011717
t1723,1465.6256182749985,0.0,0.0,0.0,0.0,1.4656256182749985
t1724,1703.2123426449814,0.0,0.0,0.0,0.0,1.7032123426449814
t1725,517.869,0.0,0.0,0.0,0.0,0.517869
t1726,483.68100000000004,0.0,0.0,0.0,0.0,0.483681
t1727,435.89700000000005,0.0,0.0,0.0,0.0,0.43589700000000003
t1728,388.87200000000007,0.0,0.0,0.0,0.0,0.38887200000000005
t1729,355.245,0.0,0.0,0.0,0.0,0.35524500000000003
t1730,338.514,0.0,0.0,0.0,0.0,0.338514
t1731,331.55100000000004,0.0,0.0,0.0,0.0,0.33155100000000004
t1732,331.485,0.0,0.0,0.0,0.0,0.33148500000000003
t1733,342.7710000000001,0.0,0.0,0.0,0.0,0.34277100000000005
t1734,377.25600000000003,0.0,0.0,0.0,0.0,0.37725600000000004
t1735,440.88,0.0,0.0,0.0,0.0,0.44088
t1736,478.071,0.0,0.0,0.0,0.0,0.478071
t1737,483.384,0.0,0.0,0.0,0.0,0.48338400000000004
t1738,484.242,0.0,0.0,0.0,0.0,0.484242
t1739,484.473,0.0,0.0,0.0,0.0,0.484473
t1740,482.031,0.0,0.0,0.0,0.0,0.482031
t1741,477.642,0.0,0.0,0.0,0.0,0.477642
t1742,478.17,0.0,0.0,0.0,0.0,0.47817000000000004
t1743,477.74100000000004,0.0,0.0,0.0,0.0,0.477741
t1744,484.308,0.0,0.0,0.0,0.0,0.484308
t1745,526.086,0.0,0.0,0.0,0.0,0.526086
t1746,2448.3989872083944,0.0,0.0,0.0,0.0,2.448398987208394
t1747,2499.360404166076,0.0,0.0,0.0,0.0,2.499360404166076
t1748,2188.6025276188993,0.0,0.0,0.0,0.0,2.188602527618899
t1749,528.3960000000001,0.0,0.0,0.0,0.0,0.5283960000000001
t1750,496.089,0.0,0.0,0.0,0.0,0.496089
t1751,448.30500000000006,0.0,0.0,0.0,0.0,0.44830500000000006
t1752,400.125,0.0,0.0,0.0,0.0,0.400125
t1753,368.313,0.0,0.0,0.0,0.0,0.368313
t1754,350.79,0.0,0.0,0.0,0.0,0.35079000000000005
t1755,343.398,0.0,0.0,0.0,0.0,0.34339800000000004
t1756,343.43100000000004,0.0,0.0,0.0,0.0,0.34343100000000004
t1757,354.94800000000004,0.0,0.0,0.0,0.0,0.35494800000000004
t1758,391.11600000000004,0.0,0.0,0.0,0.0,0.391116
t1759,455.76300000000003,0.0,0.0,0.0,0.0,0.45576300000000003
t1760,489.093,0.0,0.0,0.0,0.0,0.489093
t1761,493.779,0.0,0.0,0.0,0.0,0.493779
t1762,492.06300000000005,0.0,0.0,0.0,0.0,0.49206300000000003
t1763,489.159,0.0,0.0,0.0,0.0,0.489159
t1764,484.07700000000006,0.0,0.0,0.0,0.0,0.48407700000000004
t1765,476.916,0.0,0.0,0.0,0.0,0.476916
t1766,475.959,0.0,0.0,0.0,0.0,0.475959
t1767,477.60900000000004,0.0,0.0,0.0,0.0,0.47760900000000006
t1768,488.202,0.0,0.0,0.0,0.0,0.488202
t1769,2107.103990986303,0.0,0.0,0.0,0.0,2.107103990986303
t1770,1485.1242664497554,0.0,0.0,0.0,0.0,1.4851242664497555
t1771,1668.9601688029363,0.0,0.0,0.0,0.0,1.6689601688029363
t1772,2520.8968615687704,0.0,0.0,0.0,0.0,2.5208968615687706
t1773,2591.2715633514995,0.0,0.0,0.0,0.0,2.5912715633514996
t1774,496.98,0.0,0.0,0.0,0.0,0.49698000000000003
t1775,449.36100000000005,0.0,0.0,0.0,0.0,0.44936100000000007
t1776,402.864,0.0,0.0,0.0,0.0,0.402864
t1777,369.963,0.0,0.0,0.0,0.0,0.36996300000000004
t1778,351.285,0.0,0.0,0.0,0.0,0.351285
t1779,342.276,0.0,0.0,0.0,0.0,0.342276
t1780,342.177,0.0,0.0,0.0,0.0,0.342177
t1781,350.658,0.0,0.0,0.0,0.0,0.350658
t1782,381.77700000000004,0.0,0.0,0.0,0.0,0.38177700000000003
t1783,439.692,0.0,0.0,0.0,0.0,0.439692
t1784,481.899,0.0,0.0,0.0,0.0,0.481899
t1785,495.99,0.0,0.0,0.0,0.0,0.49599
t1786,502.92,0.0,0.0,0.0,0.0,0.50292
t1787,505.56,0.0,0.0,0.0,0.0,0.50556
t1788,503.58000000000004,0.0,0.0,0.0,0.0,0.50358
t1789,494.373,0.0,0.0,0.0,0.0,0.494373
t1790,487.311,0.0,0.0,0.0,0.0,0.487311
t1791,477.675,0.0,0.0,0.0,0.0,0.477675
t1792,475.2,0.0,0.0,0.0,0.0,0.4752
t1793,509.55300000000005,0.0,0.0,0.0,0.0,0.509553
t1794,534.7320000000001,0.0,0.0,0.0,0.0,0.5347320000000001
t1795,526.317,0.0,0.0,0.0,0.0,0.526317
t1796,511.59900000000005,0.0,0.0,0.0,0.0,0.511599
t1797,494.076,0.0,0.0,0.0,0.0,0.494076
t1798,469.425,0.0,0.0,0.0,0.0,0.46942500000000004
t1799,433.257,0.0,0.0,0.0,0.0,0.433257
t1800,391.512,0.0,0.0,0.0,0.0,0.391512
t1801,360.78900000000004,0.0,0.0,0.0,0.0,0.360789
t1802,342.408,0.0,0.0,0.0,0.0,0.342408
t1803,332.27700000000004,0.0,0.0,0.0,0.0,0.33227700000000004
t1804,329.439,0.0,0.0,0.0,0.0,0.32943900000000004
t1805,332.607,0.0,0.0,0.0,0.0,0.33260700000000004
t1806,344.25600000000003,0.0,0.0,0.0,0.0,0.344256
t1807,369.89700000000005,0.0,0.0,0.0,0.0,0.36989700000000003
t1808,399.10200000000003,0.0,0.0,0.0,0.0,0.399102
t1809,432.3,0.0,0.0,0.0,0.0,0.4323
t1810,454.113,0.0,0.0,0.0,0.0,0.454113
t1811,461.241,0.0,0.0,0.0,0.0,0.461241
t1812,462.92400000000004,0.0,0.0,0.0,0.0,0.46292400000000006
t1813,459.75600000000003,0.0,0.0,0.0,0.0,0.45975600000000005
t1814,456.15900000000005,0.0,0.0,0.0,0.0,0.45615900000000004
t1815,455.565,0.0,0.0,0.0,0.0,0.455565
t1816,463.353,0.0,0.0,0.0,0.0,0.463353
t1817,503.976,0.0,0.0,0.0,0.0,0.503976
t1818,3081.926745688026,0.0,0.0,0.0,0.0,3.081926745688026
t1819,534.666,0.0,0.0,0.0,0.0,0.5346660000000001
t1820,3503.433679832602,0.0,0.0,0.0,0.0,3.503433679832602
t1821,509.81699999999995,0.0,0.0,0.0,0.0,0.509817
t1822,490.01700000000005,0.0,0.0,0.0,0.0,0.49001700000000004
t1823,457.545,0.0,0.0,0.0,0.0,0.45754500000000004
t1824,419.00100000000003,0.0,0.0,0.0,0.0,0.419001
t1825,387.255,0.0,0.0,0.0,0.0,0.387255
t1826,367.026,0.0,0.0,0.0,0.0,0.367026
t1827,356.30100000000004,0.0,0.0,0.0,0.0,0.35630100000000003
t1828,351.285,0.0,0.0,0.0,0.0,0.351285
t1829,352.17600000000004,0.0,0.0,0.0,0.0,0.35217600000000004
t1830,361.74600000000004,0.0,0.0,0.0,0.0,0.361746
t1831,381.18300000000005,0.0,0.0,0.0,0.0,0.38118300000000005
t1832,402.20400000000006,0.0,0.0,0.0,0.0,0.40220400000000006
t1833,429.65999999999997,0.0,0.0,0.0,0.0,0.42966
t1834,447.64500000000004,0.0,0.0,0.0,0.0,0.447645
t1835,453.68399999999997,0.0,0.0,0.0,0.0,0.453684
t1836,457.61100000000005,0.0,0.0,0.0,0.0,0.45761100000000005
t1837,459.063,0.0,0.0,0.0,0.0,0.459063
t1838,455.994,0.0,0.0,0.0,0.0,0.455994
t1839,452.43000000000006,0.0,0.0,0.0,0.0,0.45243000000000005
t1840,455.26800000000003,0.0,0.0,0.0,0.0,0.455268
t1841,496.254,0.0,0.0,0.0,0.0,0.49625400000000003
t1842,2614.0346795524056,0.0,0.0,0.0,0.0,2.6140346795524056
t1843,3019.231057011659,0.0,0.0,0.0,0.0,3.019231057011659
t1844,520.806,0.0,0.0,0.0,0.0,0.520806
t1845,507.93600000000004,0.0,0.0,0.0,0.0,0.507936
t1846,483.879,0.0,0.0,0.0,0.0,0.483879
t1847,449.46,0.0,0.0,0.0,0.0,0.44945999999999997
t1848,408.804,0.0,0.0,0.0,0.0,0.408804
